
 /----------------------------------------------------------------------------\
 |                                                                            |
 |  yosys -- Yosys Open SYnthesis Suite                                       |
 |                                                                            |
 |  Copyright (C) 2012 - 2020  Claire Xenia Wolf <claire@yosyshq.com>         |
 |                                                                            |
 |  Permission to use, copy, modify, and/or distribute this software for any  |
 |  purpose with or without fee is hereby granted, provided that the above    |
 |  copyright notice and this permission notice appear in all copies.         |
 |                                                                            |
 |  THE SOFTWARE IS PROVIDED "AS IS" AND THE AUTHOR DISCLAIMS ALL WARRANTIES  |
 |  WITH REGARD TO THIS SOFTWARE INCLUDING ALL IMPLIED WARRANTIES OF          |
 |  MERCHANTABILITY AND FITNESS. IN NO EVENT SHALL THE AUTHOR BE LIABLE FOR   |
 |  ANY SPECIAL, DIRECT, INDIRECT, OR CONSEQUENTIAL DAMAGES OR ANY DAMAGES    |
 |  WHATSOEVER RESULTING FROM LOSS OF USE, DATA OR PROFITS, WHETHER IN AN     |
 |  ACTION OF CONTRACT, NEGLIGENCE OR OTHER TORTIOUS ACTION, ARISING OUT OF   |
 |  OR IN CONNECTION WITH THE USE OR PERFORMANCE OF THIS SOFTWARE.            |
 |                                                                            |
 \----------------------------------------------------------------------------/

 Yosys 0.33 (git sha1 2584903a060)


-- Executing script file `synthesis/synth.ys' --

1. Executing Verilog-2005 frontend: ip/picorv32/picorv32a.v
Parsing SystemVerilog input from `ip/picorv32/picorv32a.v' to AST representation.
Generating RTLIL representation for module `\picorv32'.
Generating RTLIL representation for module `\picorv32_regs'.
Generating RTLIL representation for module `\picorv32_pcpi_mul'.
Generating RTLIL representation for module `\picorv32_pcpi_fast_mul'.
Generating RTLIL representation for module `\picorv32_pcpi_div'.
Generating RTLIL representation for module `\picorv32_axi'.
Generating RTLIL representation for module `\picorv32_axi_adapter'.
Generating RTLIL representation for module `\picorv32_wb'.
Successfully finished Verilog frontend.

2. Executing Verilog-2005 frontend: rtl/axi_ram.v
Parsing Verilog input from `rtl/axi_ram.v' to AST representation.
Generating RTLIL representation for module `\axi_ram'.
Successfully finished Verilog frontend.

3. Executing Verilog-2005 frontend: rtl/uart_tx.v
Parsing Verilog input from `rtl/uart_tx.v' to AST representation.
Generating RTLIL representation for module `\uart_tx'.
Successfully finished Verilog frontend.

4. Executing Verilog-2005 frontend: rtl/uart_rx.v
Parsing Verilog input from `rtl/uart_rx.v' to AST representation.
Generating RTLIL representation for module `\uart_rx'.
Successfully finished Verilog frontend.

5. Executing Verilog-2005 frontend: rtl/axi_uart.v
Parsing Verilog input from `rtl/axi_uart.v' to AST representation.
Generating RTLIL representation for module `\axi_uart'.
Successfully finished Verilog frontend.

6. Executing Verilog-2005 frontend: rtl/axi_interconnect.v
Parsing Verilog input from `rtl/axi_interconnect.v' to AST representation.
Generating RTLIL representation for module `\axi_interconnect'.
Successfully finished Verilog frontend.

7. Executing Verilog-2005 frontend: rtl/soc_top.v
Parsing Verilog input from `rtl/soc_top.v' to AST representation.
Generating RTLIL representation for module `\soc_top'.
Successfully finished Verilog frontend.

8. Executing HIERARCHY pass (managing design hierarchy).

8.1. Analyzing design hierarchy..
Top module:  \soc_top
Used module:     \axi_uart
Used module:         \uart_rx
Used module:         \uart_tx
Used module:     \axi_ram
Used module:     \axi_interconnect
Used module:     \picorv32_axi
Used module:         \picorv32
Used module:         \picorv32_axi_adapter
Parameter \ENABLE_COUNTERS = 1'1
Parameter \ENABLE_COUNTERS64 = 1'1
Parameter \ENABLE_REGS_16_31 = 1'1
Parameter \ENABLE_REGS_DUALPORT = 1'1
Parameter \TWO_STAGE_SHIFT = 1'1
Parameter \BARREL_SHIFTER = 1'0
Parameter \TWO_CYCLE_COMPARE = 1'0
Parameter \TWO_CYCLE_ALU = 1'0
Parameter \COMPRESSED_ISA = 1'0
Parameter \CATCH_MISALIGN = 1'1
Parameter \CATCH_ILLINSN = 1'1
Parameter \ENABLE_PCPI = 1'0
Parameter \ENABLE_MUL = 1'0
Parameter \ENABLE_FAST_MUL = 1'0
Parameter \ENABLE_DIV = 1'0
Parameter \ENABLE_IRQ = 1'0
Parameter \ENABLE_IRQ_QREGS = 1'1
Parameter \ENABLE_IRQ_TIMER = 1'1
Parameter \ENABLE_TRACE = 1'0
Parameter \REGS_INIT_ZERO = 1'0
Parameter \MASKED_IRQ = 0
Parameter \LATCHED_IRQ = 32'11111111111111111111111111111111
Parameter \PROGADDR_RESET = 0
Parameter \PROGADDR_IRQ = 16
Parameter \STACKADDR = 32'11111111111111111111111111111111

8.2. Executing AST frontend in derive mode using pre-parsed AST for module `\picorv32'.
Parameter \ENABLE_COUNTERS = 1'1
Parameter \ENABLE_COUNTERS64 = 1'1
Parameter \ENABLE_REGS_16_31 = 1'1
Parameter \ENABLE_REGS_DUALPORT = 1'1
Parameter \TWO_STAGE_SHIFT = 1'1
Parameter \BARREL_SHIFTER = 1'0
Parameter \TWO_CYCLE_COMPARE = 1'0
Parameter \TWO_CYCLE_ALU = 1'0
Parameter \COMPRESSED_ISA = 1'0
Parameter \CATCH_MISALIGN = 1'1
Parameter \CATCH_ILLINSN = 1'1
Parameter \ENABLE_PCPI = 1'0
Parameter \ENABLE_MUL = 1'0
Parameter \ENABLE_FAST_MUL = 1'0
Parameter \ENABLE_DIV = 1'0
Parameter \ENABLE_IRQ = 1'0
Parameter \ENABLE_IRQ_QREGS = 1'1
Parameter \ENABLE_IRQ_TIMER = 1'1
Parameter \ENABLE_TRACE = 1'0
Parameter \REGS_INIT_ZERO = 1'0
Parameter \MASKED_IRQ = 0
Parameter \LATCHED_IRQ = 32'11111111111111111111111111111111
Parameter \PROGADDR_RESET = 0
Parameter \PROGADDR_IRQ = 16
Parameter \STACKADDR = 32'11111111111111111111111111111111
Generating RTLIL representation for module `$paramod$6ce030db3796b28030d2721a573c1331c27d5357\picorv32'.
Parameter \CLK_FREQ = 50000000
Parameter \BAUD_RATE = 115200

8.3. Executing AST frontend in derive mode using pre-parsed AST for module `\uart_rx'.
Parameter \CLK_FREQ = 50000000
Parameter \BAUD_RATE = 115200
Generating RTLIL representation for module `$paramod$d40569e2e5029e2dde4c9be19ab6c750b8104d07\uart_rx'.
Parameter \CLK_FREQ = 50000000
Parameter \BAUD_RATE = 115200

8.4. Executing AST frontend in derive mode using pre-parsed AST for module `\uart_tx'.
Parameter \CLK_FREQ = 50000000
Parameter \BAUD_RATE = 115200
Generating RTLIL representation for module `$paramod$d40569e2e5029e2dde4c9be19ab6c750b8104d07\uart_tx'.
Parameter \CLK_FREQ = 10000000
Parameter \BAUD_RATE = 1000000

8.5. Executing AST frontend in derive mode using pre-parsed AST for module `\axi_uart'.
Parameter \CLK_FREQ = 10000000
Parameter \BAUD_RATE = 1000000
Generating RTLIL representation for module `$paramod$e42465b9e259ab0b6bc45fe1c5feb129e75f41e8\axi_uart'.
Parameter \PROGADDR_RESET = 0

8.6. Executing AST frontend in derive mode using pre-parsed AST for module `\picorv32_axi'.
Parameter \PROGADDR_RESET = 0
Generating RTLIL representation for module `$paramod\picorv32_axi\PROGADDR_RESET=32'00000000000000000000000000000000'.

8.7. Analyzing design hierarchy..
Top module:  \soc_top
Used module:     $paramod$e42465b9e259ab0b6bc45fe1c5feb129e75f41e8\axi_uart
Used module:         \uart_rx
Used module:         \uart_tx
Used module:     \axi_ram
Used module:     \axi_interconnect
Used module:     $paramod\picorv32_axi\PROGADDR_RESET=32'00000000000000000000000000000000
Used module:         \picorv32
Used module:         \picorv32_axi_adapter
Parameter \CLK_FREQ = 10000000
Parameter \BAUD_RATE = 1000000

8.8. Executing AST frontend in derive mode using pre-parsed AST for module `\uart_rx'.
Parameter \CLK_FREQ = 10000000
Parameter \BAUD_RATE = 1000000
Generating RTLIL representation for module `$paramod$e42465b9e259ab0b6bc45fe1c5feb129e75f41e8\uart_rx'.
Parameter \CLK_FREQ = 10000000
Parameter \BAUD_RATE = 1000000

8.9. Executing AST frontend in derive mode using pre-parsed AST for module `\uart_tx'.
Parameter \CLK_FREQ = 10000000
Parameter \BAUD_RATE = 1000000
Generating RTLIL representation for module `$paramod$e42465b9e259ab0b6bc45fe1c5feb129e75f41e8\uart_tx'.
Parameter \ENABLE_COUNTERS = 1'1
Parameter \ENABLE_COUNTERS64 = 1'1
Parameter \ENABLE_REGS_16_31 = 1'1
Parameter \ENABLE_REGS_DUALPORT = 1'1
Parameter \TWO_STAGE_SHIFT = 1'1
Parameter \BARREL_SHIFTER = 1'0
Parameter \TWO_CYCLE_COMPARE = 1'0
Parameter \TWO_CYCLE_ALU = 1'0
Parameter \COMPRESSED_ISA = 1'0
Parameter \CATCH_MISALIGN = 1'1
Parameter \CATCH_ILLINSN = 1'1
Parameter \ENABLE_PCPI = 1'0
Parameter \ENABLE_MUL = 1'0
Parameter \ENABLE_FAST_MUL = 1'0
Parameter \ENABLE_DIV = 1'0
Parameter \ENABLE_IRQ = 1'0
Parameter \ENABLE_IRQ_QREGS = 1'1
Parameter \ENABLE_IRQ_TIMER = 1'1
Parameter \ENABLE_TRACE = 1'0
Parameter \REGS_INIT_ZERO = 1'0
Parameter \MASKED_IRQ = 0
Parameter \LATCHED_IRQ = 32'11111111111111111111111111111111
Parameter \PROGADDR_RESET = 0
Parameter \PROGADDR_IRQ = 16
Parameter \STACKADDR = 32'11111111111111111111111111111111
Found cached RTLIL representation for module `$paramod$6ce030db3796b28030d2721a573c1331c27d5357\picorv32'.

8.10. Analyzing design hierarchy..
Top module:  \soc_top
Used module:     $paramod$e42465b9e259ab0b6bc45fe1c5feb129e75f41e8\axi_uart
Used module:         $paramod$e42465b9e259ab0b6bc45fe1c5feb129e75f41e8\uart_rx
Used module:         $paramod$e42465b9e259ab0b6bc45fe1c5feb129e75f41e8\uart_tx
Used module:     \axi_ram
Used module:     \axi_interconnect
Used module:     $paramod\picorv32_axi\PROGADDR_RESET=32'00000000000000000000000000000000
Used module:         $paramod$6ce030db3796b28030d2721a573c1331c27d5357\picorv32
Used module:         \picorv32_axi_adapter

8.11. Analyzing design hierarchy..
Top module:  \soc_top
Used module:     $paramod$e42465b9e259ab0b6bc45fe1c5feb129e75f41e8\axi_uart
Used module:         $paramod$e42465b9e259ab0b6bc45fe1c5feb129e75f41e8\uart_rx
Used module:         $paramod$e42465b9e259ab0b6bc45fe1c5feb129e75f41e8\uart_tx
Used module:     \axi_ram
Used module:     \axi_interconnect
Used module:     $paramod\picorv32_axi\PROGADDR_RESET=32'00000000000000000000000000000000
Used module:         $paramod$6ce030db3796b28030d2721a573c1331c27d5357\picorv32
Used module:         \picorv32_axi_adapter
Removing unused module `$paramod$d40569e2e5029e2dde4c9be19ab6c750b8104d07\uart_tx'.
Removing unused module `$paramod$d40569e2e5029e2dde4c9be19ab6c750b8104d07\uart_rx'.
Removing unused module `\axi_uart'.
Removing unused module `\uart_rx'.
Removing unused module `\uart_tx'.
Removing unused module `\picorv32_wb'.
Removing unused module `\picorv32_axi'.
Removing unused module `\picorv32_pcpi_div'.
Removing unused module `\picorv32_pcpi_fast_mul'.
Removing unused module `\picorv32_pcpi_mul'.
Removing unused module `\picorv32_regs'.
Removing unused module `\picorv32'.
Removed 12 unused modules.

9. Executing PROC pass (convert processes to netlists).

9.1. Executing PROC_CLEAN pass (remove empty switches from decision trees).
Removing empty process `axi_ram.$proc$rtl/axi_ram.v:0$925'.
Found and cleaned up 1 empty switch in `$paramod$6ce030db3796b28030d2721a573c1331c27d5357\picorv32.$proc$ip/picorv32/picorv32a.v:0$1712'.
Removing empty process `$paramod$6ce030db3796b28030d2721a573c1331c27d5357\picorv32.$proc$ip/picorv32/picorv32a.v:0$1712'.
Found and cleaned up 17 empty switches in `$paramod$6ce030db3796b28030d2721a573c1331c27d5357\picorv32.$proc$ip/picorv32/picorv32a.v:1397$1533'.
Found and cleaned up 1 empty switch in `$paramod$6ce030db3796b28030d2721a573c1331c27d5357\picorv32.$proc$ip/picorv32/picorv32a.v:1343$1517'.
Found and cleaned up 6 empty switches in `$paramod$6ce030db3796b28030d2721a573c1331c27d5357\picorv32.$proc$ip/picorv32/picorv32a.v:546$1156'.
Removing empty process `$paramod$6ce030db3796b28030d2721a573c1331c27d5357\picorv32.$proc$ip/picorv32/picorv32a.v:546$1156'.
Cleaned up 25 empty switches.

9.2. Executing PROC_RMDEAD pass (remove dead branches from decision trees).
Marked 6 switch rules as full_case in process $proc$rtl/axi_ram.v:58$865 in module axi_ram.
Marked 7 switch rules as full_case in process $proc$rtl/uart_rx.v:28$1794 in module $paramod$e42465b9e259ab0b6bc45fe1c5feb129e75f41e8\uart_rx.
Marked 1 switch rules as full_case in process $proc$ip/picorv32/picorv32a.v:2785$841 in module picorv32_axi_adapter.
Marked 34 switch rules as full_case in process $proc$ip/picorv32/picorv32a.v:1397$1533 in module $paramod$6ce030db3796b28030d2721a573c1331c27d5357\picorv32.
Marked 1 switch rules as full_case in process $proc$ip/picorv32/picorv32a.v:1332$1508 in module $paramod$6ce030db3796b28030d2721a573c1331c27d5357\picorv32.
Marked 2 switch rules as full_case in process $proc$ip/picorv32/picorv32a.v:1304$1496 in module $paramod$6ce030db3796b28030d2721a573c1331c27d5357\picorv32.
Marked 2 switch rules as full_case in process $proc$ip/picorv32/picorv32a.v:1290$1491 in module $paramod$6ce030db3796b28030d2721a573c1331c27d5357\picorv32.
Marked 8 switch rules as full_case in process $proc$ip/picorv32/picorv32a.v:1181$1456 in module $paramod$6ce030db3796b28030d2721a573c1331c27d5357\picorv32.
Marked 3 switch rules as full_case in process $proc$ip/picorv32/picorv32a.v:856$1196 in module $paramod$6ce030db3796b28030d2721a573c1331c27d5357\picorv32.
Marked 3 switch rules as full_case in process $proc$ip/picorv32/picorv32a.v:807$1194 in module $paramod$6ce030db3796b28030d2721a573c1331c27d5357\picorv32.
Marked 2 switch rules as full_case in process $proc$ip/picorv32/picorv32a.v:776$1190 in module $paramod$6ce030db3796b28030d2721a573c1331c27d5357\picorv32.
Marked 47 switch rules as full_case in process $proc$ip/picorv32/picorv32a.v:700$1189 in module $paramod$6ce030db3796b28030d2721a573c1331c27d5357\picorv32.
Marked 4 switch rules as full_case in process $proc$ip/picorv32/picorv32a.v:565$1165 in module $paramod$6ce030db3796b28030d2721a573c1331c27d5357\picorv32.
Marked 1 switch rules as full_case in process $proc$ip/picorv32/picorv32a.v:430$1127 in module $paramod$6ce030db3796b28030d2721a573c1331c27d5357\picorv32.
Removed 2 dead cases from process $proc$ip/picorv32/picorv32a.v:401$1124 in module $paramod$6ce030db3796b28030d2721a573c1331c27d5357\picorv32.
Marked 2 switch rules as full_case in process $proc$ip/picorv32/picorv32a.v:401$1124 in module $paramod$6ce030db3796b28030d2721a573c1331c27d5357\picorv32.
Marked 1 switch rules as full_case in process $proc$ip/picorv32/picorv32a.v:390$1119 in module $paramod$6ce030db3796b28030d2721a573c1331c27d5357\picorv32.
Marked 1 switch rules as full_case in process $proc$ip/picorv32/picorv32a.v:325$1045 in module $paramod$6ce030db3796b28030d2721a573c1331c27d5357\picorv32.
Marked 2 switch rules as full_case in process $proc$rtl/axi_uart.v:95$1771 in module $paramod$e42465b9e259ab0b6bc45fe1c5feb129e75f41e8\axi_uart.
Marked 4 switch rules as full_case in process $proc$rtl/uart_tx.v:22$1833 in module $paramod$e42465b9e259ab0b6bc45fe1c5feb129e75f41e8\uart_tx.
Removed a total of 2 dead cases.

9.3. Executing PROC_PRUNE pass (remove redundant assignments in processes).
Removed 5 redundant assignments.
Promoted 74 assignments to connections.

9.4. Executing PROC_INIT pass (extract init attributes).

9.5. Executing PROC_ARST pass (detect async resets in processes).

9.6. Executing PROC_ROM pass (convert switches to ROMs).
Converted 0 switches.
<suppressed ~228 debug messages>

9.7. Executing PROC_MUX pass (convert decision trees to multiplexers).
Creating decoders for process `\axi_ram.$proc$rtl/axi_ram.v:58$865'.
     1/46: $3$memwr$\mem$rtl/axi_ram.v:104$857_EN[31:0]$919
     2/46: $3$memwr$\mem$rtl/axi_ram.v:104$857_DATA[31:0]$918
     3/46: $3$memwr$\mem$rtl/axi_ram.v:104$857_ADDR[9:0]$917
     4/46: $3$memwr$\mem$rtl/axi_ram.v:102$856_EN[31:0]$916
     5/46: $3$memwr$\mem$rtl/axi_ram.v:102$856_DATA[31:0]$915
     6/46: $3$memwr$\mem$rtl/axi_ram.v:102$856_ADDR[9:0]$914
     7/46: $3$memwr$\mem$rtl/axi_ram.v:100$855_EN[31:0]$913
     8/46: $3$memwr$\mem$rtl/axi_ram.v:100$855_DATA[31:0]$912
     9/46: $3$memwr$\mem$rtl/axi_ram.v:100$855_ADDR[9:0]$911
    10/46: $3$memwr$\mem$rtl/axi_ram.v:97$854_EN[31:0]$910
    11/46: $3$memwr$\mem$rtl/axi_ram.v:97$854_DATA[31:0]$909
    12/46: $3$memwr$\mem$rtl/axi_ram.v:97$854_ADDR[9:0]$908
    13/46: $2$memwr$\mem$rtl/axi_ram.v:104$857_EN[31:0]$907
    14/46: $2$memwr$\mem$rtl/axi_ram.v:104$857_DATA[31:0]$906
    15/46: $2$memwr$\mem$rtl/axi_ram.v:104$857_ADDR[9:0]$905
    16/46: $2$memwr$\mem$rtl/axi_ram.v:102$856_EN[31:0]$904
    17/46: $2$memwr$\mem$rtl/axi_ram.v:102$856_DATA[31:0]$903
    18/46: $2$memwr$\mem$rtl/axi_ram.v:102$856_ADDR[9:0]$902
    19/46: $2$memwr$\mem$rtl/axi_ram.v:100$855_EN[31:0]$901
    20/46: $2$memwr$\mem$rtl/axi_ram.v:100$855_DATA[31:0]$900
    21/46: $2$memwr$\mem$rtl/axi_ram.v:100$855_ADDR[9:0]$899
    22/46: $2$memwr$\mem$rtl/axi_ram.v:97$854_EN[31:0]$898
    23/46: $2$memwr$\mem$rtl/axi_ram.v:97$854_DATA[31:0]$897
    24/46: $2$memwr$\mem$rtl/axi_ram.v:97$854_ADDR[9:0]$896
    25/46: $1$memwr$\mem$rtl/axi_ram.v:104$857_EN[31:0]$890
    26/46: $1$memwr$\mem$rtl/axi_ram.v:104$857_DATA[31:0]$889
    27/46: $1$memwr$\mem$rtl/axi_ram.v:104$857_ADDR[9:0]$888
    28/46: $1$memwr$\mem$rtl/axi_ram.v:102$856_EN[31:0]$887
    29/46: $1$memwr$\mem$rtl/axi_ram.v:102$856_DATA[31:0]$886
    30/46: $1$memwr$\mem$rtl/axi_ram.v:102$856_ADDR[9:0]$885
    31/46: $1$memwr$\mem$rtl/axi_ram.v:100$855_EN[31:0]$884
    32/46: $1$memwr$\mem$rtl/axi_ram.v:100$855_DATA[31:0]$883
    33/46: $1$memwr$\mem$rtl/axi_ram.v:100$855_ADDR[9:0]$882
    34/46: $1$memwr$\mem$rtl/axi_ram.v:97$854_EN[31:0]$881
    35/46: $1$memwr$\mem$rtl/axi_ram.v:97$854_DATA[31:0]$880
    36/46: $1$memwr$\mem$rtl/axi_ram.v:97$854_ADDR[9:0]$879
    37/46: $0\wstrb_reg[3:0]
    38/46: $0\wdata_reg[31:0]
    39/46: $0\awaddr_reg[31:0]
    40/46: $0\w_pending[0:0]
    41/46: $0\aw_pending[0:0]
    42/46: $0\s_axi_rvalid[0:0]
    43/46: $0\s_axi_rresp[1:0]
    44/46: $0\s_axi_rdata[31:0]
    45/46: $0\s_axi_bvalid[0:0]
    46/46: $0\s_axi_bresp[1:0]
Creating decoders for process `$paramod$e42465b9e259ab0b6bc45fe1c5feb129e75f41e8\uart_rx.$proc$rtl/uart_rx.v:28$1794'.
     1/17: $3$lookahead\rx_shift$1793[7:0]$1816
     2/17: $3$bitselwrite$data$rtl/uart_rx.v:87$1791[7:0]$1814
     3/17: $3$bitselwrite$mask$rtl/uart_rx.v:87$1790[7:0]$1813
     4/17: $3$bitselwrite$sel$rtl/uart_rx.v:87$1792[2:0]$1815
     5/17: $2$lookahead\rx_shift$1793[7:0]$1807
     6/17: $2$bitselwrite$sel$rtl/uart_rx.v:87$1792[2:0]$1806
     7/17: $2$bitselwrite$data$rtl/uart_rx.v:87$1791[7:0]$1805
     8/17: $2$bitselwrite$mask$rtl/uart_rx.v:87$1790[7:0]$1804
     9/17: $0\rx_valid[0:0]
    10/17: $1$lookahead\rx_shift$1793[7:0]$1803
    11/17: $1$bitselwrite$sel$rtl/uart_rx.v:87$1792[2:0]$1802
    12/17: $1$bitselwrite$data$rtl/uart_rx.v:87$1791[7:0]$1801
    13/17: $1$bitselwrite$mask$rtl/uart_rx.v:87$1790[7:0]$1800
    14/17: $0\rx_data[7:0]
    15/17: $0\bit_count[2:0]
    16/17: $0\baud_count[31:0]
    17/17: $0\state[2:0]
Creating decoders for process `\picorv32_axi_adapter.$proc$ip/picorv32/picorv32a.v:2785$841'.
     1/4: $0\xfer_done[0:0]
     2/4: $0\ack_wvalid[0:0]
     3/4: $0\ack_arvalid[0:0]
     4/4: $0\ack_awvalid[0:0]
Creating decoders for process `$paramod$6ce030db3796b28030d2721a573c1331c27d5357\picorv32.$proc$ip/picorv32/picorv32a.v:1397$1533'.
     1/78: $17\next_irq_pending[2:2]
     2/78: $16\next_irq_pending[2:2]
     3/78: $15\next_irq_pending[2:2]
     4/78: $14\next_irq_pending[2:2]
     5/78: $13\next_irq_pending[2:2]
     6/78: $12\next_irq_pending[2:2]
     7/78: $11\next_irq_pending[2:2]
     8/78: $2\next_irq_pending[31:0] [31:2]
     9/78: $3\set_mem_do_rdata[0:0]
    10/78: $2\next_irq_pending[31:0] [1]
    11/78: $3\set_mem_do_wdata[0:0]
    12/78: $2\next_irq_pending[31:0] [0]
    13/78: $4\set_mem_do_rinst[0:0]
    14/78: $3\set_mem_do_rinst[0:0]
    15/78: $4\set_mem_do_wdata[0:0]
    16/78: $9\next_irq_pending[1:1]
    17/78: $8\next_irq_pending[1:1]
    18/78: $7\next_irq_pending[1:1]
    19/78: $4\set_mem_do_rdata[0:0]
    20/78: $5\next_irq_pending[1:1]
    21/78: $4\next_irq_pending[1:1]
    22/78: $10\next_irq_pending[1:1]
    23/78: $5\set_mem_do_rinst[0:0]
    24/78: $6\next_irq_pending[1:1]
    25/78: $3\next_irq_pending[31:0]
    26/78: $3\current_pc[31:0]
    27/78: $2\current_pc[31:0]
    28/78: $2\set_mem_do_wdata[0:0]
    29/78: $2\set_mem_do_rdata[0:0]
    30/78: $2\set_mem_do_rinst[0:0]
    31/78: $1\next_irq_pending[31:0]
    32/78: $1\current_pc[31:0]
    33/78: $1\set_mem_do_wdata[0:0]
    34/78: $1\set_mem_do_rdata[0:0]
    35/78: $1\set_mem_do_rinst[0:0]
    36/78: $0\trace_data[35:0]
    37/78: $0\count_cycle[63:0]
    38/78: $0\trace_valid[0:0]
    39/78: $0\do_waitirq[0:0]
    40/78: $0\decoder_pseudo_trigger[0:0]
    41/78: $0\decoder_trigger[0:0]
    42/78: $0\alu_wait_2[0:0]
    43/78: $0\alu_wait[0:0]
    44/78: $0\reg_out[31:0]
    45/78: $0\reg_sh[4:0]
    46/78: $0\trap[0:0]
    47/78: $0\pcpi_timeout[0:0]
    48/78: $0\latched_rd[4:0]
    49/78: $0\latched_is_lb[0:0]
    50/78: $0\latched_is_lh[0:0]
    51/78: $0\latched_is_lu[0:0]
    52/78: $0\latched_trace[0:0]
    53/78: $0\latched_compr[0:0]
    54/78: $0\latched_branch[0:0]
    55/78: $0\latched_stalu[0:0]
    56/78: $0\latched_store[0:0]
    57/78: $0\irq_state[1:0]
    58/78: $0\cpu_state[7:0]
    59/78: $0\dbg_rs2val_valid[0:0]
    60/78: $0\dbg_rs1val_valid[0:0]
    61/78: $0\dbg_rs2val[31:0]
    62/78: $0\dbg_rs1val[31:0]
    63/78: $0\mem_do_wdata[0:0]
    64/78: $0\mem_do_rdata[0:0]
    65/78: $0\mem_do_rinst[0:0]
    66/78: $0\mem_do_prefetch[0:0]
    67/78: $0\mem_wordsize[1:0]
    68/78: $0\timer[31:0]
    69/78: $0\irq_mask[31:0]
    70/78: $0\irq_active[0:0]
    71/78: $0\irq_delay[0:0]
    72/78: $0\reg_op2[31:0]
    73/78: $0\reg_op1[31:0]
    74/78: $0\reg_next_pc[31:0]
    75/78: $0\reg_pc[31:0]
    76/78: $0\count_instr[63:0]
    77/78: $0\eoi[31:0]
    78/78: $0\pcpi_valid[0:0]
Creating decoders for process `$paramod$6ce030db3796b28030d2721a573c1331c27d5357\picorv32.$proc$ip/picorv32/picorv32a.v:1343$1517'.
Creating decoders for process `$paramod$6ce030db3796b28030d2721a573c1331c27d5357\picorv32.$proc$ip/picorv32/picorv32a.v:1332$1508'.
     1/3: $1$memwr$\cpuregs$ip/picorv32/picorv32a.v:1339$1044_EN[31:0]$1516
     2/3: $1$memwr$\cpuregs$ip/picorv32/picorv32a.v:1339$1044_DATA[31:0]$1515
     3/3: $1$memwr$\cpuregs$ip/picorv32/picorv32a.v:1339$1044_ADDR[4:0]$1514
Creating decoders for process `$paramod$6ce030db3796b28030d2721a573c1331c27d5357\picorv32.$proc$ip/picorv32/picorv32a.v:1304$1496'.
     1/4: $2\cpuregs_write[0:0]
     2/4: $2\cpuregs_wrdata[31:0]
     3/4: $1\cpuregs_wrdata[31:0]
     4/4: $1\cpuregs_write[0:0]
Creating decoders for process `$paramod$6ce030db3796b28030d2721a573c1331c27d5357\picorv32.$proc$ip/picorv32/picorv32a.v:1290$1491'.
     1/2: $2\clear_prefetched_high_word[0:0]
     2/2: $1\clear_prefetched_high_word[0:0]
Creating decoders for process `$paramod$6ce030db3796b28030d2721a573c1331c27d5357\picorv32.$proc$ip/picorv32/picorv32a.v:1288$1490'.
Creating decoders for process `$paramod$6ce030db3796b28030d2721a573c1331c27d5357\picorv32.$proc$ip/picorv32/picorv32a.v:1244$1468'.
     1/2: $1\alu_out[31:0]
     2/2: $1\alu_out_0[0:0]
Creating decoders for process `$paramod$6ce030db3796b28030d2721a573c1331c27d5357\picorv32.$proc$ip/picorv32/picorv32a.v:1181$1456'.
     1/8: $8\dbg_ascii_state[127:0]
     2/8: $7\dbg_ascii_state[127:0]
     3/8: $6\dbg_ascii_state[127:0]
     4/8: $5\dbg_ascii_state[127:0]
     5/8: $4\dbg_ascii_state[127:0]
     6/8: $3\dbg_ascii_state[127:0]
     7/8: $2\dbg_ascii_state[127:0]
     8/8: $1\dbg_ascii_state[127:0]
Creating decoders for process `$paramod$6ce030db3796b28030d2721a573c1331c27d5357\picorv32.$proc$ip/picorv32/picorv32a.v:856$1196'.
     1/76: $0\decoded_rs1[4:0] [4]
     2/76: $0\decoded_imm_j[31:0] [10]
     3/76: $0\decoded_imm_j[31:0] [7]
     4/76: $0\decoded_imm_j[31:0] [6]
     5/76: $0\decoded_imm_j[31:0] [3:1]
     6/76: $0\decoded_imm_j[31:0] [5]
     7/76: $0\decoded_imm_j[31:0] [9:8]
     8/76: $0\decoded_imm_j[31:0] [31:20]
     9/76: $0\decoded_imm_j[31:0] [4]
    10/76: $0\decoded_imm_j[31:0] [11]
    11/76: $0\decoded_imm_j[31:0] [0]
    12/76: $0\decoded_rs1[4:0] [3:0]
    13/76: $0\is_lui_auipc_jal_jalr_addi_add_sub[0:0]
    14/76: $0\is_alu_reg_reg[0:0]
    15/76: $0\is_alu_reg_imm[0:0]
    16/76: $0\is_beq_bne_blt_bge_bltu_bgeu[0:0]
    17/76: $0\is_sll_srl_sra[0:0]
    18/76: $0\is_sb_sh_sw[0:0]
    19/76: $0\is_jalr_addi_slti_sltiu_xori_ori_andi[0:0]
    20/76: $0\is_slli_srli_srai[0:0]
    21/76: $0\is_lb_lh_lw_lbu_lhu[0:0]
    22/76: $0\compressed_instr[0:0]
    23/76: $0\is_compare[0:0]
    24/76: $0\decoded_imm[31:0]
    25/76: $0\decoded_rs2[4:0]
    26/76: $0\decoded_imm_j[31:0] [19:12]
    27/76: $0\decoded_rd[4:0]
    28/76: $0\instr_timer[0:0]
    29/76: $0\instr_waitirq[0:0]
    30/76: $0\instr_maskirq[0:0]
    31/76: $0\instr_retirq[0:0]
    32/76: $0\instr_setq[0:0]
    33/76: $0\instr_getq[0:0]
    34/76: $0\instr_ecall_ebreak[0:0]
    35/76: $0\instr_rdinstrh[0:0]
    36/76: $0\instr_rdinstr[0:0]
    37/76: $0\instr_rdcycleh[0:0]
    38/76: $0\instr_rdcycle[0:0]
    39/76: $0\instr_and[0:0]
    40/76: $0\instr_or[0:0]
    41/76: $0\instr_sra[0:0]
    42/76: $0\instr_srl[0:0]
    43/76: $0\instr_xor[0:0]
    44/76: $0\instr_sltu[0:0]
    45/76: $0\instr_slt[0:0]
    46/76: $0\instr_sll[0:0]
    47/76: $0\instr_sub[0:0]
    48/76: $0\instr_add[0:0]
    49/76: $0\instr_srai[0:0]
    50/76: $0\instr_srli[0:0]
    51/76: $0\instr_slli[0:0]
    52/76: $0\instr_andi[0:0]
    53/76: $0\instr_ori[0:0]
    54/76: $0\instr_xori[0:0]
    55/76: $0\instr_sltiu[0:0]
    56/76: $0\instr_slti[0:0]
    57/76: $0\instr_addi[0:0]
    58/76: $0\instr_sw[0:0]
    59/76: $0\instr_sh[0:0]
    60/76: $0\instr_sb[0:0]
    61/76: $0\instr_lhu[0:0]
    62/76: $0\instr_lbu[0:0]
    63/76: $0\instr_lw[0:0]
    64/76: $0\instr_lh[0:0]
    65/76: $0\instr_lb[0:0]
    66/76: $0\instr_bgeu[0:0]
    67/76: $0\instr_bltu[0:0]
    68/76: $0\instr_bge[0:0]
    69/76: $0\instr_blt[0:0]
    70/76: $0\instr_bne[0:0]
    71/76: $0\instr_beq[0:0]
    72/76: $0\instr_jalr[0:0]
    73/76: $0\instr_jal[0:0]
    74/76: $0\instr_auipc[0:0]
    75/76: $0\instr_lui[0:0]
    76/76: $0\pcpi_insn[31:0]
Creating decoders for process `$paramod$6ce030db3796b28030d2721a573c1331c27d5357\picorv32.$proc$ip/picorv32/picorv32a.v:807$1194'.
     1/13: $3\dbg_insn_opcode[31:0]
     2/13: $2\dbg_insn_rd[4:0]
     3/13: $2\dbg_insn_rs2[4:0]
     4/13: $2\dbg_insn_rs1[4:0]
     5/13: $2\dbg_insn_opcode[31:0]
     6/13: $2\dbg_insn_imm[31:0]
     7/13: $2\dbg_ascii_instr[63:0]
     8/13: $1\dbg_insn_rd[4:0]
     9/13: $1\dbg_insn_rs2[4:0]
    10/13: $1\dbg_insn_rs1[4:0]
    11/13: $1\dbg_insn_imm[31:0]
    12/13: $1\dbg_ascii_instr[63:0]
    13/13: $1\dbg_insn_opcode[31:0]
Creating decoders for process `$paramod$6ce030db3796b28030d2721a573c1331c27d5357\picorv32.$proc$ip/picorv32/picorv32a.v:776$1190'.
     1/8: $0\cached_insn_rd[4:0]
     2/8: $0\cached_insn_rs2[4:0]
     3/8: $0\cached_insn_rs1[4:0]
     4/8: $0\cached_insn_opcode[31:0]
     5/8: $0\cached_insn_imm[31:0]
     6/8: $0\cached_ascii_instr[63:0]
     7/8: $0\dbg_valid_insn[0:0]
     8/8: $0\dbg_insn_addr[31:0]
Creating decoders for process `$paramod$6ce030db3796b28030d2721a573c1331c27d5357\picorv32.$proc$ip/picorv32/picorv32a.v:700$1189'.
     1/47: $47\new_ascii_instr[63:0]
     2/47: $46\new_ascii_instr[63:0]
     3/47: $45\new_ascii_instr[63:0]
     4/47: $44\new_ascii_instr[63:0]
     5/47: $43\new_ascii_instr[63:0]
     6/47: $42\new_ascii_instr[63:0]
     7/47: $41\new_ascii_instr[63:0]
     8/47: $40\new_ascii_instr[63:0]
     9/47: $39\new_ascii_instr[63:0]
    10/47: $38\new_ascii_instr[63:0]
    11/47: $37\new_ascii_instr[63:0]
    12/47: $36\new_ascii_instr[63:0]
    13/47: $35\new_ascii_instr[63:0]
    14/47: $34\new_ascii_instr[63:0]
    15/47: $33\new_ascii_instr[63:0]
    16/47: $32\new_ascii_instr[63:0]
    17/47: $31\new_ascii_instr[63:0]
    18/47: $30\new_ascii_instr[63:0]
    19/47: $29\new_ascii_instr[63:0]
    20/47: $28\new_ascii_instr[63:0]
    21/47: $27\new_ascii_instr[63:0]
    22/47: $26\new_ascii_instr[63:0]
    23/47: $25\new_ascii_instr[63:0]
    24/47: $24\new_ascii_instr[63:0]
    25/47: $23\new_ascii_instr[63:0]
    26/47: $22\new_ascii_instr[63:0]
    27/47: $21\new_ascii_instr[63:0]
    28/47: $20\new_ascii_instr[63:0]
    29/47: $19\new_ascii_instr[63:0]
    30/47: $18\new_ascii_instr[63:0]
    31/47: $17\new_ascii_instr[63:0]
    32/47: $16\new_ascii_instr[63:0]
    33/47: $15\new_ascii_instr[63:0]
    34/47: $14\new_ascii_instr[63:0]
    35/47: $13\new_ascii_instr[63:0]
    36/47: $12\new_ascii_instr[63:0]
    37/47: $11\new_ascii_instr[63:0]
    38/47: $10\new_ascii_instr[63:0]
    39/47: $9\new_ascii_instr[63:0]
    40/47: $8\new_ascii_instr[63:0]
    41/47: $7\new_ascii_instr[63:0]
    42/47: $6\new_ascii_instr[63:0]
    43/47: $5\new_ascii_instr[63:0]
    44/47: $4\new_ascii_instr[63:0]
    45/47: $3\new_ascii_instr[63:0]
    46/47: $2\new_ascii_instr[63:0]
    47/47: $1\new_ascii_instr[63:0]
Creating decoders for process `$paramod$6ce030db3796b28030d2721a573c1331c27d5357\picorv32.$proc$ip/picorv32/picorv32a.v:565$1165'.
     1/9: $0\mem_16bit_buffer[15:0]
     2/9: $0\prefetched_high_word[0:0]
     3/9: $0\mem_la_secondword[0:0]
     4/9: $0\mem_state[1:0]
     5/9: $0\mem_wstrb[3:0]
     6/9: $0\mem_wdata[31:0]
     7/9: $0\mem_addr[31:0]
     8/9: $0\mem_instr[0:0]
     9/9: $0\mem_valid[0:0]
Creating decoders for process `$paramod$6ce030db3796b28030d2721a573c1331c27d5357\picorv32.$proc$ip/picorv32/picorv32a.v:1234$1701'.
Creating decoders for process `$paramod$6ce030db3796b28030d2721a573c1331c27d5357\picorv32.$proc$ip/picorv32/picorv32a.v:430$1127'.
     1/9: $0\mem_rdata_q[31:0] [31]
     2/9: $0\mem_rdata_q[31:0] [7]
     3/9: $0\mem_rdata_q[31:0] [24:20]
     4/9: $0\mem_rdata_q[31:0] [19:15]
     5/9: $0\mem_rdata_q[31:0] [6:0]
     6/9: $0\mem_rdata_q[31:0] [14:12]
     7/9: $0\mem_rdata_q[31:0] [11:8]
     8/9: $0\mem_rdata_q[31:0] [30:25]
     9/9: $0\next_insn_opcode[31:0]
Creating decoders for process `$paramod$6ce030db3796b28030d2721a573c1331c27d5357\picorv32.$proc$ip/picorv32/picorv32a.v:401$1124'.
     1/5: $3\mem_rdata_word[31:0]
     2/5: $2\mem_rdata_word[31:0]
     3/5: $1\mem_rdata_word[31:0]
     4/5: $1\mem_la_wstrb[3:0]
     5/5: $1\mem_la_wdata[31:0]
Creating decoders for process `$paramod$6ce030db3796b28030d2721a573c1331c27d5357\picorv32.$proc$ip/picorv32/picorv32a.v:390$1119'.
     1/2: $0\last_mem_valid[0:0]
     2/2: $0\mem_la_firstword_reg[0:0]
Creating decoders for process `$paramod$6ce030db3796b28030d2721a573c1331c27d5357\picorv32.$proc$ip/picorv32/picorv32a.v:325$1045'.
     1/2: $1\pcpi_int_rd[31:0]
     2/2: $1\pcpi_int_wr[0:0]
Creating decoders for process `$paramod$e42465b9e259ab0b6bc45fe1c5feb129e75f41e8\axi_uart.$proc$rtl/axi_uart.v:95$1771'.
     1/17: $0\tx_start[0:0]
     2/17: $display$rtl/axi_uart.v:144$1776_EN
     3/17: $display$rtl/axi_uart.v:137$1774_EN
     4/17: $0\rx_data_valid[0:0]
     5/17: $0\rx_data_reg[7:0]
     6/17: $0\tx_pending[0:0]
     7/17: $0\tx_data[7:0]
     8/17: $0\wstrb_reg[3:0]
     9/17: $0\wdata_reg[31:0]
    10/17: $0\awaddr_reg[31:0]
    11/17: $0\w_pending[0:0]
    12/17: $0\aw_pending[0:0]
    13/17: $0\s_axi_rvalid[0:0]
    14/17: $0\s_axi_rresp[1:0]
    15/17: $0\s_axi_rdata[31:0]
    16/17: $0\s_axi_bvalid[0:0]
    17/17: $0\s_axi_bresp[1:0]
Creating decoders for process `$paramod$e42465b9e259ab0b6bc45fe1c5feb129e75f41e8\uart_tx.$proc$rtl/uart_tx.v:22$1833'.
     1/5: $0\tx_shift[9:0]
     2/5: $0\bit_count[3:0]
     3/5: $0\baud_count[31:0]
     4/5: $0\tx_busy[0:0]
     5/5: $0\tx[0:0]

9.8. Executing PROC_DLATCH pass (convert process syncs to latches).
No latch inferred for signal `$paramod$6ce030db3796b28030d2721a573c1331c27d5357\picorv32.\cpuregs_rs1' from process `$paramod$6ce030db3796b28030d2721a573c1331c27d5357\picorv32.$proc$ip/picorv32/picorv32a.v:1343$1517'.
No latch inferred for signal `$paramod$6ce030db3796b28030d2721a573c1331c27d5357\picorv32.\cpuregs_rs2' from process `$paramod$6ce030db3796b28030d2721a573c1331c27d5357\picorv32.$proc$ip/picorv32/picorv32a.v:1343$1517'.
No latch inferred for signal `$paramod$6ce030db3796b28030d2721a573c1331c27d5357\picorv32.\decoded_rs' from process `$paramod$6ce030db3796b28030d2721a573c1331c27d5357\picorv32.$proc$ip/picorv32/picorv32a.v:1343$1517'.
No latch inferred for signal `$paramod$6ce030db3796b28030d2721a573c1331c27d5357\picorv32.\cpuregs_write' from process `$paramod$6ce030db3796b28030d2721a573c1331c27d5357\picorv32.$proc$ip/picorv32/picorv32a.v:1304$1496'.
No latch inferred for signal `$paramod$6ce030db3796b28030d2721a573c1331c27d5357\picorv32.\cpuregs_wrdata' from process `$paramod$6ce030db3796b28030d2721a573c1331c27d5357\picorv32.$proc$ip/picorv32/picorv32a.v:1304$1496'.
No latch inferred for signal `$paramod$6ce030db3796b28030d2721a573c1331c27d5357\picorv32.\clear_prefetched_high_word' from process `$paramod$6ce030db3796b28030d2721a573c1331c27d5357\picorv32.$proc$ip/picorv32/picorv32a.v:1290$1491'.
No latch inferred for signal `$paramod$6ce030db3796b28030d2721a573c1331c27d5357\picorv32.\alu_out' from process `$paramod$6ce030db3796b28030d2721a573c1331c27d5357\picorv32.$proc$ip/picorv32/picorv32a.v:1244$1468'.
No latch inferred for signal `$paramod$6ce030db3796b28030d2721a573c1331c27d5357\picorv32.\alu_out_0' from process `$paramod$6ce030db3796b28030d2721a573c1331c27d5357\picorv32.$proc$ip/picorv32/picorv32a.v:1244$1468'.
No latch inferred for signal `$paramod$6ce030db3796b28030d2721a573c1331c27d5357\picorv32.\dbg_ascii_state' from process `$paramod$6ce030db3796b28030d2721a573c1331c27d5357\picorv32.$proc$ip/picorv32/picorv32a.v:1181$1456'.
No latch inferred for signal `$paramod$6ce030db3796b28030d2721a573c1331c27d5357\picorv32.\dbg_insn_opcode' from process `$paramod$6ce030db3796b28030d2721a573c1331c27d5357\picorv32.$proc$ip/picorv32/picorv32a.v:807$1194'.
No latch inferred for signal `$paramod$6ce030db3796b28030d2721a573c1331c27d5357\picorv32.\dbg_ascii_instr' from process `$paramod$6ce030db3796b28030d2721a573c1331c27d5357\picorv32.$proc$ip/picorv32/picorv32a.v:807$1194'.
No latch inferred for signal `$paramod$6ce030db3796b28030d2721a573c1331c27d5357\picorv32.\dbg_insn_imm' from process `$paramod$6ce030db3796b28030d2721a573c1331c27d5357\picorv32.$proc$ip/picorv32/picorv32a.v:807$1194'.
No latch inferred for signal `$paramod$6ce030db3796b28030d2721a573c1331c27d5357\picorv32.\dbg_insn_rs1' from process `$paramod$6ce030db3796b28030d2721a573c1331c27d5357\picorv32.$proc$ip/picorv32/picorv32a.v:807$1194'.
No latch inferred for signal `$paramod$6ce030db3796b28030d2721a573c1331c27d5357\picorv32.\dbg_insn_rs2' from process `$paramod$6ce030db3796b28030d2721a573c1331c27d5357\picorv32.$proc$ip/picorv32/picorv32a.v:807$1194'.
No latch inferred for signal `$paramod$6ce030db3796b28030d2721a573c1331c27d5357\picorv32.\dbg_insn_rd' from process `$paramod$6ce030db3796b28030d2721a573c1331c27d5357\picorv32.$proc$ip/picorv32/picorv32a.v:807$1194'.
No latch inferred for signal `$paramod$6ce030db3796b28030d2721a573c1331c27d5357\picorv32.\new_ascii_instr' from process `$paramod$6ce030db3796b28030d2721a573c1331c27d5357\picorv32.$proc$ip/picorv32/picorv32a.v:700$1189'.
No latch inferred for signal `$paramod$6ce030db3796b28030d2721a573c1331c27d5357\picorv32.\alu_add_sub' from process `$paramod$6ce030db3796b28030d2721a573c1331c27d5357\picorv32.$proc$ip/picorv32/picorv32a.v:1234$1701'.
No latch inferred for signal `$paramod$6ce030db3796b28030d2721a573c1331c27d5357\picorv32.\alu_shl' from process `$paramod$6ce030db3796b28030d2721a573c1331c27d5357\picorv32.$proc$ip/picorv32/picorv32a.v:1234$1701'.
No latch inferred for signal `$paramod$6ce030db3796b28030d2721a573c1331c27d5357\picorv32.\alu_shr' from process `$paramod$6ce030db3796b28030d2721a573c1331c27d5357\picorv32.$proc$ip/picorv32/picorv32a.v:1234$1701'.
No latch inferred for signal `$paramod$6ce030db3796b28030d2721a573c1331c27d5357\picorv32.\alu_eq' from process `$paramod$6ce030db3796b28030d2721a573c1331c27d5357\picorv32.$proc$ip/picorv32/picorv32a.v:1234$1701'.
No latch inferred for signal `$paramod$6ce030db3796b28030d2721a573c1331c27d5357\picorv32.\alu_ltu' from process `$paramod$6ce030db3796b28030d2721a573c1331c27d5357\picorv32.$proc$ip/picorv32/picorv32a.v:1234$1701'.
No latch inferred for signal `$paramod$6ce030db3796b28030d2721a573c1331c27d5357\picorv32.\alu_lts' from process `$paramod$6ce030db3796b28030d2721a573c1331c27d5357\picorv32.$proc$ip/picorv32/picorv32a.v:1234$1701'.
No latch inferred for signal `$paramod$6ce030db3796b28030d2721a573c1331c27d5357\picorv32.\mem_la_wdata' from process `$paramod$6ce030db3796b28030d2721a573c1331c27d5357\picorv32.$proc$ip/picorv32/picorv32a.v:401$1124'.
No latch inferred for signal `$paramod$6ce030db3796b28030d2721a573c1331c27d5357\picorv32.\mem_la_wstrb' from process `$paramod$6ce030db3796b28030d2721a573c1331c27d5357\picorv32.$proc$ip/picorv32/picorv32a.v:401$1124'.
No latch inferred for signal `$paramod$6ce030db3796b28030d2721a573c1331c27d5357\picorv32.\mem_rdata_word' from process `$paramod$6ce030db3796b28030d2721a573c1331c27d5357\picorv32.$proc$ip/picorv32/picorv32a.v:401$1124'.
No latch inferred for signal `$paramod$6ce030db3796b28030d2721a573c1331c27d5357\picorv32.\pcpi_int_wr' from process `$paramod$6ce030db3796b28030d2721a573c1331c27d5357\picorv32.$proc$ip/picorv32/picorv32a.v:325$1045'.
No latch inferred for signal `$paramod$6ce030db3796b28030d2721a573c1331c27d5357\picorv32.\pcpi_int_rd' from process `$paramod$6ce030db3796b28030d2721a573c1331c27d5357\picorv32.$proc$ip/picorv32/picorv32a.v:325$1045'.
No latch inferred for signal `$paramod$6ce030db3796b28030d2721a573c1331c27d5357\picorv32.\pcpi_int_wait' from process `$paramod$6ce030db3796b28030d2721a573c1331c27d5357\picorv32.$proc$ip/picorv32/picorv32a.v:325$1045'.
No latch inferred for signal `$paramod$6ce030db3796b28030d2721a573c1331c27d5357\picorv32.\pcpi_int_ready' from process `$paramod$6ce030db3796b28030d2721a573c1331c27d5357\picorv32.$proc$ip/picorv32/picorv32a.v:325$1045'.

9.9. Executing PROC_DFF pass (convert process syncs to FFs).
Creating register for signal `\axi_ram.\s_axi_bresp' using process `\axi_ram.$proc$rtl/axi_ram.v:58$865'.
  created $dff cell `$procdff$5215' with positive edge clock.
Creating register for signal `\axi_ram.\s_axi_bvalid' using process `\axi_ram.$proc$rtl/axi_ram.v:58$865'.
  created $dff cell `$procdff$5216' with positive edge clock.
Creating register for signal `\axi_ram.\s_axi_rdata' using process `\axi_ram.$proc$rtl/axi_ram.v:58$865'.
  created $dff cell `$procdff$5217' with positive edge clock.
Creating register for signal `\axi_ram.\s_axi_rresp' using process `\axi_ram.$proc$rtl/axi_ram.v:58$865'.
  created $dff cell `$procdff$5218' with positive edge clock.
Creating register for signal `\axi_ram.\s_axi_rvalid' using process `\axi_ram.$proc$rtl/axi_ram.v:58$865'.
  created $dff cell `$procdff$5219' with positive edge clock.
Creating register for signal `\axi_ram.\aw_pending' using process `\axi_ram.$proc$rtl/axi_ram.v:58$865'.
  created $dff cell `$procdff$5220' with positive edge clock.
Creating register for signal `\axi_ram.\w_pending' using process `\axi_ram.$proc$rtl/axi_ram.v:58$865'.
  created $dff cell `$procdff$5221' with positive edge clock.
Creating register for signal `\axi_ram.\awaddr_reg' using process `\axi_ram.$proc$rtl/axi_ram.v:58$865'.
  created $dff cell `$procdff$5222' with positive edge clock.
Creating register for signal `\axi_ram.\wdata_reg' using process `\axi_ram.$proc$rtl/axi_ram.v:58$865'.
  created $dff cell `$procdff$5223' with positive edge clock.
Creating register for signal `\axi_ram.\wstrb_reg' using process `\axi_ram.$proc$rtl/axi_ram.v:58$865'.
  created $dff cell `$procdff$5224' with positive edge clock.
Creating register for signal `\axi_ram.$memwr$\mem$rtl/axi_ram.v:97$854_ADDR' using process `\axi_ram.$proc$rtl/axi_ram.v:58$865'.
  created $dff cell `$procdff$5225' with positive edge clock.
Creating register for signal `\axi_ram.$memwr$\mem$rtl/axi_ram.v:97$854_DATA' using process `\axi_ram.$proc$rtl/axi_ram.v:58$865'.
  created $dff cell `$procdff$5226' with positive edge clock.
Creating register for signal `\axi_ram.$memwr$\mem$rtl/axi_ram.v:97$854_EN' using process `\axi_ram.$proc$rtl/axi_ram.v:58$865'.
  created $dff cell `$procdff$5227' with positive edge clock.
Creating register for signal `\axi_ram.$memwr$\mem$rtl/axi_ram.v:100$855_ADDR' using process `\axi_ram.$proc$rtl/axi_ram.v:58$865'.
  created $dff cell `$procdff$5228' with positive edge clock.
Creating register for signal `\axi_ram.$memwr$\mem$rtl/axi_ram.v:100$855_DATA' using process `\axi_ram.$proc$rtl/axi_ram.v:58$865'.
  created $dff cell `$procdff$5229' with positive edge clock.
Creating register for signal `\axi_ram.$memwr$\mem$rtl/axi_ram.v:100$855_EN' using process `\axi_ram.$proc$rtl/axi_ram.v:58$865'.
  created $dff cell `$procdff$5230' with positive edge clock.
Creating register for signal `\axi_ram.$memwr$\mem$rtl/axi_ram.v:102$856_ADDR' using process `\axi_ram.$proc$rtl/axi_ram.v:58$865'.
  created $dff cell `$procdff$5231' with positive edge clock.
Creating register for signal `\axi_ram.$memwr$\mem$rtl/axi_ram.v:102$856_DATA' using process `\axi_ram.$proc$rtl/axi_ram.v:58$865'.
  created $dff cell `$procdff$5232' with positive edge clock.
Creating register for signal `\axi_ram.$memwr$\mem$rtl/axi_ram.v:102$856_EN' using process `\axi_ram.$proc$rtl/axi_ram.v:58$865'.
  created $dff cell `$procdff$5233' with positive edge clock.
Creating register for signal `\axi_ram.$memwr$\mem$rtl/axi_ram.v:104$857_ADDR' using process `\axi_ram.$proc$rtl/axi_ram.v:58$865'.
  created $dff cell `$procdff$5234' with positive edge clock.
Creating register for signal `\axi_ram.$memwr$\mem$rtl/axi_ram.v:104$857_DATA' using process `\axi_ram.$proc$rtl/axi_ram.v:58$865'.
  created $dff cell `$procdff$5235' with positive edge clock.
Creating register for signal `\axi_ram.$memwr$\mem$rtl/axi_ram.v:104$857_EN' using process `\axi_ram.$proc$rtl/axi_ram.v:58$865'.
  created $dff cell `$procdff$5236' with positive edge clock.
Creating register for signal `$paramod$e42465b9e259ab0b6bc45fe1c5feb129e75f41e8\uart_rx.\state' using process `$paramod$e42465b9e259ab0b6bc45fe1c5feb129e75f41e8\uart_rx.$proc$rtl/uart_rx.v:28$1794'.
  created $dff cell `$procdff$5237' with positive edge clock.
Creating register for signal `$paramod$e42465b9e259ab0b6bc45fe1c5feb129e75f41e8\uart_rx.\baud_count' using process `$paramod$e42465b9e259ab0b6bc45fe1c5feb129e75f41e8\uart_rx.$proc$rtl/uart_rx.v:28$1794'.
  created $dff cell `$procdff$5238' with positive edge clock.
Creating register for signal `$paramod$e42465b9e259ab0b6bc45fe1c5feb129e75f41e8\uart_rx.\bit_count' using process `$paramod$e42465b9e259ab0b6bc45fe1c5feb129e75f41e8\uart_rx.$proc$rtl/uart_rx.v:28$1794'.
  created $dff cell `$procdff$5239' with positive edge clock.
Creating register for signal `$paramod$e42465b9e259ab0b6bc45fe1c5feb129e75f41e8\uart_rx.\rx_data' using process `$paramod$e42465b9e259ab0b6bc45fe1c5feb129e75f41e8\uart_rx.$proc$rtl/uart_rx.v:28$1794'.
  created $dff cell `$procdff$5240' with positive edge clock.
Creating register for signal `$paramod$e42465b9e259ab0b6bc45fe1c5feb129e75f41e8\uart_rx.\rx_valid' using process `$paramod$e42465b9e259ab0b6bc45fe1c5feb129e75f41e8\uart_rx.$proc$rtl/uart_rx.v:28$1794'.
  created $dff cell `$procdff$5241' with positive edge clock.
Creating register for signal `$paramod$e42465b9e259ab0b6bc45fe1c5feb129e75f41e8\uart_rx.\rx_shift' using process `$paramod$e42465b9e259ab0b6bc45fe1c5feb129e75f41e8\uart_rx.$proc$rtl/uart_rx.v:28$1794'.
  created $dff cell `$procdff$5242' with positive edge clock.
Creating register for signal `$paramod$e42465b9e259ab0b6bc45fe1c5feb129e75f41e8\uart_rx.$bitselwrite$mask$rtl/uart_rx.v:87$1790' using process `$paramod$e42465b9e259ab0b6bc45fe1c5feb129e75f41e8\uart_rx.$proc$rtl/uart_rx.v:28$1794'.
  created $dff cell `$procdff$5243' with positive edge clock.
Creating register for signal `$paramod$e42465b9e259ab0b6bc45fe1c5feb129e75f41e8\uart_rx.$bitselwrite$data$rtl/uart_rx.v:87$1791' using process `$paramod$e42465b9e259ab0b6bc45fe1c5feb129e75f41e8\uart_rx.$proc$rtl/uart_rx.v:28$1794'.
  created $dff cell `$procdff$5244' with positive edge clock.
Creating register for signal `$paramod$e42465b9e259ab0b6bc45fe1c5feb129e75f41e8\uart_rx.$bitselwrite$sel$rtl/uart_rx.v:87$1792' using process `$paramod$e42465b9e259ab0b6bc45fe1c5feb129e75f41e8\uart_rx.$proc$rtl/uart_rx.v:28$1794'.
  created $dff cell `$procdff$5245' with positive edge clock.
Creating register for signal `$paramod$e42465b9e259ab0b6bc45fe1c5feb129e75f41e8\uart_rx.$lookahead\rx_shift$1793' using process `$paramod$e42465b9e259ab0b6bc45fe1c5feb129e75f41e8\uart_rx.$proc$rtl/uart_rx.v:28$1794'.
  created $dff cell `$procdff$5246' with positive edge clock.
Creating register for signal `\picorv32_axi_adapter.\ack_awvalid' using process `\picorv32_axi_adapter.$proc$ip/picorv32/picorv32a.v:2785$841'.
  created $dff cell `$procdff$5247' with positive edge clock.
Creating register for signal `\picorv32_axi_adapter.\ack_arvalid' using process `\picorv32_axi_adapter.$proc$ip/picorv32/picorv32a.v:2785$841'.
  created $dff cell `$procdff$5248' with positive edge clock.
Creating register for signal `\picorv32_axi_adapter.\ack_wvalid' using process `\picorv32_axi_adapter.$proc$ip/picorv32/picorv32a.v:2785$841'.
  created $dff cell `$procdff$5249' with positive edge clock.
Creating register for signal `\picorv32_axi_adapter.\xfer_done' using process `\picorv32_axi_adapter.$proc$ip/picorv32/picorv32a.v:2785$841'.
  created $dff cell `$procdff$5250' with positive edge clock.
Creating register for signal `$paramod$6ce030db3796b28030d2721a573c1331c27d5357\picorv32.\trap' using process `$paramod$6ce030db3796b28030d2721a573c1331c27d5357\picorv32.$proc$ip/picorv32/picorv32a.v:1397$1533'.
  created $dff cell `$procdff$5251' with positive edge clock.
Creating register for signal `$paramod$6ce030db3796b28030d2721a573c1331c27d5357\picorv32.\pcpi_valid' using process `$paramod$6ce030db3796b28030d2721a573c1331c27d5357\picorv32.$proc$ip/picorv32/picorv32a.v:1397$1533'.
  created $dff cell `$procdff$5252' with positive edge clock.
Creating register for signal `$paramod$6ce030db3796b28030d2721a573c1331c27d5357\picorv32.\eoi' using process `$paramod$6ce030db3796b28030d2721a573c1331c27d5357\picorv32.$proc$ip/picorv32/picorv32a.v:1397$1533'.
  created $dff cell `$procdff$5253' with positive edge clock.
Creating register for signal `$paramod$6ce030db3796b28030d2721a573c1331c27d5357\picorv32.\trace_valid' using process `$paramod$6ce030db3796b28030d2721a573c1331c27d5357\picorv32.$proc$ip/picorv32/picorv32a.v:1397$1533'.
  created $dff cell `$procdff$5254' with positive edge clock.
Creating register for signal `$paramod$6ce030db3796b28030d2721a573c1331c27d5357\picorv32.\trace_data' using process `$paramod$6ce030db3796b28030d2721a573c1331c27d5357\picorv32.$proc$ip/picorv32/picorv32a.v:1397$1533'.
  created $dff cell `$procdff$5255' with positive edge clock.
Creating register for signal `$paramod$6ce030db3796b28030d2721a573c1331c27d5357\picorv32.\count_cycle' using process `$paramod$6ce030db3796b28030d2721a573c1331c27d5357\picorv32.$proc$ip/picorv32/picorv32a.v:1397$1533'.
  created $dff cell `$procdff$5256' with positive edge clock.
Creating register for signal `$paramod$6ce030db3796b28030d2721a573c1331c27d5357\picorv32.\count_instr' using process `$paramod$6ce030db3796b28030d2721a573c1331c27d5357\picorv32.$proc$ip/picorv32/picorv32a.v:1397$1533'.
  created $dff cell `$procdff$5257' with positive edge clock.
Creating register for signal `$paramod$6ce030db3796b28030d2721a573c1331c27d5357\picorv32.\reg_pc' using process `$paramod$6ce030db3796b28030d2721a573c1331c27d5357\picorv32.$proc$ip/picorv32/picorv32a.v:1397$1533'.
  created $dff cell `$procdff$5258' with positive edge clock.
Creating register for signal `$paramod$6ce030db3796b28030d2721a573c1331c27d5357\picorv32.\reg_next_pc' using process `$paramod$6ce030db3796b28030d2721a573c1331c27d5357\picorv32.$proc$ip/picorv32/picorv32a.v:1397$1533'.
  created $dff cell `$procdff$5259' with positive edge clock.
Creating register for signal `$paramod$6ce030db3796b28030d2721a573c1331c27d5357\picorv32.\reg_op1' using process `$paramod$6ce030db3796b28030d2721a573c1331c27d5357\picorv32.$proc$ip/picorv32/picorv32a.v:1397$1533'.
  created $dff cell `$procdff$5260' with positive edge clock.
Creating register for signal `$paramod$6ce030db3796b28030d2721a573c1331c27d5357\picorv32.\reg_op2' using process `$paramod$6ce030db3796b28030d2721a573c1331c27d5357\picorv32.$proc$ip/picorv32/picorv32a.v:1397$1533'.
  created $dff cell `$procdff$5261' with positive edge clock.
Creating register for signal `$paramod$6ce030db3796b28030d2721a573c1331c27d5357\picorv32.\reg_out' using process `$paramod$6ce030db3796b28030d2721a573c1331c27d5357\picorv32.$proc$ip/picorv32/picorv32a.v:1397$1533'.
  created $dff cell `$procdff$5262' with positive edge clock.
Creating register for signal `$paramod$6ce030db3796b28030d2721a573c1331c27d5357\picorv32.\reg_sh' using process `$paramod$6ce030db3796b28030d2721a573c1331c27d5357\picorv32.$proc$ip/picorv32/picorv32a.v:1397$1533'.
  created $dff cell `$procdff$5263' with positive edge clock.
Creating register for signal `$paramod$6ce030db3796b28030d2721a573c1331c27d5357\picorv32.\irq_delay' using process `$paramod$6ce030db3796b28030d2721a573c1331c27d5357\picorv32.$proc$ip/picorv32/picorv32a.v:1397$1533'.
  created $dff cell `$procdff$5264' with positive edge clock.
Creating register for signal `$paramod$6ce030db3796b28030d2721a573c1331c27d5357\picorv32.\irq_active' using process `$paramod$6ce030db3796b28030d2721a573c1331c27d5357\picorv32.$proc$ip/picorv32/picorv32a.v:1397$1533'.
  created $dff cell `$procdff$5265' with positive edge clock.
Creating register for signal `$paramod$6ce030db3796b28030d2721a573c1331c27d5357\picorv32.\irq_mask' using process `$paramod$6ce030db3796b28030d2721a573c1331c27d5357\picorv32.$proc$ip/picorv32/picorv32a.v:1397$1533'.
  created $dff cell `$procdff$5266' with positive edge clock.
Creating register for signal `$paramod$6ce030db3796b28030d2721a573c1331c27d5357\picorv32.\irq_pending' using process `$paramod$6ce030db3796b28030d2721a573c1331c27d5357\picorv32.$proc$ip/picorv32/picorv32a.v:1397$1533'.
  created $dff cell `$procdff$5267' with positive edge clock.
Creating register for signal `$paramod$6ce030db3796b28030d2721a573c1331c27d5357\picorv32.\timer' using process `$paramod$6ce030db3796b28030d2721a573c1331c27d5357\picorv32.$proc$ip/picorv32/picorv32a.v:1397$1533'.
  created $dff cell `$procdff$5268' with positive edge clock.
Creating register for signal `$paramod$6ce030db3796b28030d2721a573c1331c27d5357\picorv32.\mem_wordsize' using process `$paramod$6ce030db3796b28030d2721a573c1331c27d5357\picorv32.$proc$ip/picorv32/picorv32a.v:1397$1533'.
  created $dff cell `$procdff$5269' with positive edge clock.
Creating register for signal `$paramod$6ce030db3796b28030d2721a573c1331c27d5357\picorv32.\mem_do_prefetch' using process `$paramod$6ce030db3796b28030d2721a573c1331c27d5357\picorv32.$proc$ip/picorv32/picorv32a.v:1397$1533'.
  created $dff cell `$procdff$5270' with positive edge clock.
Creating register for signal `$paramod$6ce030db3796b28030d2721a573c1331c27d5357\picorv32.\mem_do_rinst' using process `$paramod$6ce030db3796b28030d2721a573c1331c27d5357\picorv32.$proc$ip/picorv32/picorv32a.v:1397$1533'.
  created $dff cell `$procdff$5271' with positive edge clock.
Creating register for signal `$paramod$6ce030db3796b28030d2721a573c1331c27d5357\picorv32.\mem_do_rdata' using process `$paramod$6ce030db3796b28030d2721a573c1331c27d5357\picorv32.$proc$ip/picorv32/picorv32a.v:1397$1533'.
  created $dff cell `$procdff$5272' with positive edge clock.
Creating register for signal `$paramod$6ce030db3796b28030d2721a573c1331c27d5357\picorv32.\mem_do_wdata' using process `$paramod$6ce030db3796b28030d2721a573c1331c27d5357\picorv32.$proc$ip/picorv32/picorv32a.v:1397$1533'.
  created $dff cell `$procdff$5273' with positive edge clock.
Creating register for signal `$paramod$6ce030db3796b28030d2721a573c1331c27d5357\picorv32.\decoder_trigger' using process `$paramod$6ce030db3796b28030d2721a573c1331c27d5357\picorv32.$proc$ip/picorv32/picorv32a.v:1397$1533'.
  created $dff cell `$procdff$5274' with positive edge clock.
Creating register for signal `$paramod$6ce030db3796b28030d2721a573c1331c27d5357\picorv32.\decoder_trigger_q' using process `$paramod$6ce030db3796b28030d2721a573c1331c27d5357\picorv32.$proc$ip/picorv32/picorv32a.v:1397$1533'.
  created $dff cell `$procdff$5275' with positive edge clock.
Creating register for signal `$paramod$6ce030db3796b28030d2721a573c1331c27d5357\picorv32.\decoder_pseudo_trigger' using process `$paramod$6ce030db3796b28030d2721a573c1331c27d5357\picorv32.$proc$ip/picorv32/picorv32a.v:1397$1533'.
  created $dff cell `$procdff$5276' with positive edge clock.
Creating register for signal `$paramod$6ce030db3796b28030d2721a573c1331c27d5357\picorv32.\decoder_pseudo_trigger_q' using process `$paramod$6ce030db3796b28030d2721a573c1331c27d5357\picorv32.$proc$ip/picorv32/picorv32a.v:1397$1533'.
  created $dff cell `$procdff$5277' with positive edge clock.
Creating register for signal `$paramod$6ce030db3796b28030d2721a573c1331c27d5357\picorv32.\dbg_rs1val' using process `$paramod$6ce030db3796b28030d2721a573c1331c27d5357\picorv32.$proc$ip/picorv32/picorv32a.v:1397$1533'.
  created $dff cell `$procdff$5278' with positive edge clock.
Creating register for signal `$paramod$6ce030db3796b28030d2721a573c1331c27d5357\picorv32.\dbg_rs2val' using process `$paramod$6ce030db3796b28030d2721a573c1331c27d5357\picorv32.$proc$ip/picorv32/picorv32a.v:1397$1533'.
  created $dff cell `$procdff$5279' with positive edge clock.
Creating register for signal `$paramod$6ce030db3796b28030d2721a573c1331c27d5357\picorv32.\dbg_rs1val_valid' using process `$paramod$6ce030db3796b28030d2721a573c1331c27d5357\picorv32.$proc$ip/picorv32/picorv32a.v:1397$1533'.
  created $dff cell `$procdff$5280' with positive edge clock.
Creating register for signal `$paramod$6ce030db3796b28030d2721a573c1331c27d5357\picorv32.\dbg_rs2val_valid' using process `$paramod$6ce030db3796b28030d2721a573c1331c27d5357\picorv32.$proc$ip/picorv32/picorv32a.v:1397$1533'.
  created $dff cell `$procdff$5281' with positive edge clock.
Creating register for signal `$paramod$6ce030db3796b28030d2721a573c1331c27d5357\picorv32.\cpu_state' using process `$paramod$6ce030db3796b28030d2721a573c1331c27d5357\picorv32.$proc$ip/picorv32/picorv32a.v:1397$1533'.
  created $dff cell `$procdff$5282' with positive edge clock.
Creating register for signal `$paramod$6ce030db3796b28030d2721a573c1331c27d5357\picorv32.\irq_state' using process `$paramod$6ce030db3796b28030d2721a573c1331c27d5357\picorv32.$proc$ip/picorv32/picorv32a.v:1397$1533'.
  created $dff cell `$procdff$5283' with positive edge clock.
Creating register for signal `$paramod$6ce030db3796b28030d2721a573c1331c27d5357\picorv32.\set_mem_do_rinst' using process `$paramod$6ce030db3796b28030d2721a573c1331c27d5357\picorv32.$proc$ip/picorv32/picorv32a.v:1397$1533'.
  created $dff cell `$procdff$5284' with positive edge clock.
Creating register for signal `$paramod$6ce030db3796b28030d2721a573c1331c27d5357\picorv32.\set_mem_do_rdata' using process `$paramod$6ce030db3796b28030d2721a573c1331c27d5357\picorv32.$proc$ip/picorv32/picorv32a.v:1397$1533'.
  created $dff cell `$procdff$5285' with positive edge clock.
Creating register for signal `$paramod$6ce030db3796b28030d2721a573c1331c27d5357\picorv32.\set_mem_do_wdata' using process `$paramod$6ce030db3796b28030d2721a573c1331c27d5357\picorv32.$proc$ip/picorv32/picorv32a.v:1397$1533'.
  created $dff cell `$procdff$5286' with positive edge clock.
Creating register for signal `$paramod$6ce030db3796b28030d2721a573c1331c27d5357\picorv32.\latched_store' using process `$paramod$6ce030db3796b28030d2721a573c1331c27d5357\picorv32.$proc$ip/picorv32/picorv32a.v:1397$1533'.
  created $dff cell `$procdff$5287' with positive edge clock.
Creating register for signal `$paramod$6ce030db3796b28030d2721a573c1331c27d5357\picorv32.\latched_stalu' using process `$paramod$6ce030db3796b28030d2721a573c1331c27d5357\picorv32.$proc$ip/picorv32/picorv32a.v:1397$1533'.
  created $dff cell `$procdff$5288' with positive edge clock.
Creating register for signal `$paramod$6ce030db3796b28030d2721a573c1331c27d5357\picorv32.\latched_branch' using process `$paramod$6ce030db3796b28030d2721a573c1331c27d5357\picorv32.$proc$ip/picorv32/picorv32a.v:1397$1533'.
  created $dff cell `$procdff$5289' with positive edge clock.
Creating register for signal `$paramod$6ce030db3796b28030d2721a573c1331c27d5357\picorv32.\latched_compr' using process `$paramod$6ce030db3796b28030d2721a573c1331c27d5357\picorv32.$proc$ip/picorv32/picorv32a.v:1397$1533'.
  created $dff cell `$procdff$5290' with positive edge clock.
Creating register for signal `$paramod$6ce030db3796b28030d2721a573c1331c27d5357\picorv32.\latched_trace' using process `$paramod$6ce030db3796b28030d2721a573c1331c27d5357\picorv32.$proc$ip/picorv32/picorv32a.v:1397$1533'.
  created $dff cell `$procdff$5291' with positive edge clock.
Creating register for signal `$paramod$6ce030db3796b28030d2721a573c1331c27d5357\picorv32.\latched_is_lu' using process `$paramod$6ce030db3796b28030d2721a573c1331c27d5357\picorv32.$proc$ip/picorv32/picorv32a.v:1397$1533'.
  created $dff cell `$procdff$5292' with positive edge clock.
Creating register for signal `$paramod$6ce030db3796b28030d2721a573c1331c27d5357\picorv32.\latched_is_lh' using process `$paramod$6ce030db3796b28030d2721a573c1331c27d5357\picorv32.$proc$ip/picorv32/picorv32a.v:1397$1533'.
  created $dff cell `$procdff$5293' with positive edge clock.
Creating register for signal `$paramod$6ce030db3796b28030d2721a573c1331c27d5357\picorv32.\latched_is_lb' using process `$paramod$6ce030db3796b28030d2721a573c1331c27d5357\picorv32.$proc$ip/picorv32/picorv32a.v:1397$1533'.
  created $dff cell `$procdff$5294' with positive edge clock.
Creating register for signal `$paramod$6ce030db3796b28030d2721a573c1331c27d5357\picorv32.\latched_rd' using process `$paramod$6ce030db3796b28030d2721a573c1331c27d5357\picorv32.$proc$ip/picorv32/picorv32a.v:1397$1533'.
  created $dff cell `$procdff$5295' with positive edge clock.
Creating register for signal `$paramod$6ce030db3796b28030d2721a573c1331c27d5357\picorv32.\current_pc' using process `$paramod$6ce030db3796b28030d2721a573c1331c27d5357\picorv32.$proc$ip/picorv32/picorv32a.v:1397$1533'.
  created $dff cell `$procdff$5296' with positive edge clock.
Creating register for signal `$paramod$6ce030db3796b28030d2721a573c1331c27d5357\picorv32.\pcpi_timeout' using process `$paramod$6ce030db3796b28030d2721a573c1331c27d5357\picorv32.$proc$ip/picorv32/picorv32a.v:1397$1533'.
  created $dff cell `$procdff$5297' with positive edge clock.
Creating register for signal `$paramod$6ce030db3796b28030d2721a573c1331c27d5357\picorv32.\next_irq_pending' using process `$paramod$6ce030db3796b28030d2721a573c1331c27d5357\picorv32.$proc$ip/picorv32/picorv32a.v:1397$1533'.
  created $dff cell `$procdff$5298' with positive edge clock.
Creating register for signal `$paramod$6ce030db3796b28030d2721a573c1331c27d5357\picorv32.\do_waitirq' using process `$paramod$6ce030db3796b28030d2721a573c1331c27d5357\picorv32.$proc$ip/picorv32/picorv32a.v:1397$1533'.
  created $dff cell `$procdff$5299' with positive edge clock.
Creating register for signal `$paramod$6ce030db3796b28030d2721a573c1331c27d5357\picorv32.\alu_out_q' using process `$paramod$6ce030db3796b28030d2721a573c1331c27d5357\picorv32.$proc$ip/picorv32/picorv32a.v:1397$1533'.
  created $dff cell `$procdff$5300' with positive edge clock.
Creating register for signal `$paramod$6ce030db3796b28030d2721a573c1331c27d5357\picorv32.\alu_out_0_q' using process `$paramod$6ce030db3796b28030d2721a573c1331c27d5357\picorv32.$proc$ip/picorv32/picorv32a.v:1397$1533'.
  created $dff cell `$procdff$5301' with positive edge clock.
Creating register for signal `$paramod$6ce030db3796b28030d2721a573c1331c27d5357\picorv32.\alu_wait' using process `$paramod$6ce030db3796b28030d2721a573c1331c27d5357\picorv32.$proc$ip/picorv32/picorv32a.v:1397$1533'.
  created $dff cell `$procdff$5302' with positive edge clock.
Creating register for signal `$paramod$6ce030db3796b28030d2721a573c1331c27d5357\picorv32.\alu_wait_2' using process `$paramod$6ce030db3796b28030d2721a573c1331c27d5357\picorv32.$proc$ip/picorv32/picorv32a.v:1397$1533'.
  created $dff cell `$procdff$5303' with positive edge clock.
Creating register for signal `$paramod$6ce030db3796b28030d2721a573c1331c27d5357\picorv32.$memwr$\cpuregs$ip/picorv32/picorv32a.v:1339$1044_ADDR' using process `$paramod$6ce030db3796b28030d2721a573c1331c27d5357\picorv32.$proc$ip/picorv32/picorv32a.v:1332$1508'.
  created $dff cell `$procdff$5304' with positive edge clock.
Creating register for signal `$paramod$6ce030db3796b28030d2721a573c1331c27d5357\picorv32.$memwr$\cpuregs$ip/picorv32/picorv32a.v:1339$1044_DATA' using process `$paramod$6ce030db3796b28030d2721a573c1331c27d5357\picorv32.$proc$ip/picorv32/picorv32a.v:1332$1508'.
  created $dff cell `$procdff$5305' with positive edge clock.
Creating register for signal `$paramod$6ce030db3796b28030d2721a573c1331c27d5357\picorv32.$memwr$\cpuregs$ip/picorv32/picorv32a.v:1339$1044_EN' using process `$paramod$6ce030db3796b28030d2721a573c1331c27d5357\picorv32.$proc$ip/picorv32/picorv32a.v:1332$1508'.
  created $dff cell `$procdff$5306' with positive edge clock.
Creating register for signal `$paramod$6ce030db3796b28030d2721a573c1331c27d5357\picorv32.\clear_prefetched_high_word_q' using process `$paramod$6ce030db3796b28030d2721a573c1331c27d5357\picorv32.$proc$ip/picorv32/picorv32a.v:1288$1490'.
  created $dff cell `$procdff$5307' with positive edge clock.
Creating register for signal `$paramod$6ce030db3796b28030d2721a573c1331c27d5357\picorv32.\pcpi_insn' using process `$paramod$6ce030db3796b28030d2721a573c1331c27d5357\picorv32.$proc$ip/picorv32/picorv32a.v:856$1196'.
  created $dff cell `$procdff$5308' with positive edge clock.
Creating register for signal `$paramod$6ce030db3796b28030d2721a573c1331c27d5357\picorv32.\instr_lui' using process `$paramod$6ce030db3796b28030d2721a573c1331c27d5357\picorv32.$proc$ip/picorv32/picorv32a.v:856$1196'.
  created $dff cell `$procdff$5309' with positive edge clock.
Creating register for signal `$paramod$6ce030db3796b28030d2721a573c1331c27d5357\picorv32.\instr_auipc' using process `$paramod$6ce030db3796b28030d2721a573c1331c27d5357\picorv32.$proc$ip/picorv32/picorv32a.v:856$1196'.
  created $dff cell `$procdff$5310' with positive edge clock.
Creating register for signal `$paramod$6ce030db3796b28030d2721a573c1331c27d5357\picorv32.\instr_jal' using process `$paramod$6ce030db3796b28030d2721a573c1331c27d5357\picorv32.$proc$ip/picorv32/picorv32a.v:856$1196'.
  created $dff cell `$procdff$5311' with positive edge clock.
Creating register for signal `$paramod$6ce030db3796b28030d2721a573c1331c27d5357\picorv32.\instr_jalr' using process `$paramod$6ce030db3796b28030d2721a573c1331c27d5357\picorv32.$proc$ip/picorv32/picorv32a.v:856$1196'.
  created $dff cell `$procdff$5312' with positive edge clock.
Creating register for signal `$paramod$6ce030db3796b28030d2721a573c1331c27d5357\picorv32.\instr_beq' using process `$paramod$6ce030db3796b28030d2721a573c1331c27d5357\picorv32.$proc$ip/picorv32/picorv32a.v:856$1196'.
  created $dff cell `$procdff$5313' with positive edge clock.
Creating register for signal `$paramod$6ce030db3796b28030d2721a573c1331c27d5357\picorv32.\instr_bne' using process `$paramod$6ce030db3796b28030d2721a573c1331c27d5357\picorv32.$proc$ip/picorv32/picorv32a.v:856$1196'.
  created $dff cell `$procdff$5314' with positive edge clock.
Creating register for signal `$paramod$6ce030db3796b28030d2721a573c1331c27d5357\picorv32.\instr_blt' using process `$paramod$6ce030db3796b28030d2721a573c1331c27d5357\picorv32.$proc$ip/picorv32/picorv32a.v:856$1196'.
  created $dff cell `$procdff$5315' with positive edge clock.
Creating register for signal `$paramod$6ce030db3796b28030d2721a573c1331c27d5357\picorv32.\instr_bge' using process `$paramod$6ce030db3796b28030d2721a573c1331c27d5357\picorv32.$proc$ip/picorv32/picorv32a.v:856$1196'.
  created $dff cell `$procdff$5316' with positive edge clock.
Creating register for signal `$paramod$6ce030db3796b28030d2721a573c1331c27d5357\picorv32.\instr_bltu' using process `$paramod$6ce030db3796b28030d2721a573c1331c27d5357\picorv32.$proc$ip/picorv32/picorv32a.v:856$1196'.
  created $dff cell `$procdff$5317' with positive edge clock.
Creating register for signal `$paramod$6ce030db3796b28030d2721a573c1331c27d5357\picorv32.\instr_bgeu' using process `$paramod$6ce030db3796b28030d2721a573c1331c27d5357\picorv32.$proc$ip/picorv32/picorv32a.v:856$1196'.
  created $dff cell `$procdff$5318' with positive edge clock.
Creating register for signal `$paramod$6ce030db3796b28030d2721a573c1331c27d5357\picorv32.\instr_lb' using process `$paramod$6ce030db3796b28030d2721a573c1331c27d5357\picorv32.$proc$ip/picorv32/picorv32a.v:856$1196'.
  created $dff cell `$procdff$5319' with positive edge clock.
Creating register for signal `$paramod$6ce030db3796b28030d2721a573c1331c27d5357\picorv32.\instr_lh' using process `$paramod$6ce030db3796b28030d2721a573c1331c27d5357\picorv32.$proc$ip/picorv32/picorv32a.v:856$1196'.
  created $dff cell `$procdff$5320' with positive edge clock.
Creating register for signal `$paramod$6ce030db3796b28030d2721a573c1331c27d5357\picorv32.\instr_lw' using process `$paramod$6ce030db3796b28030d2721a573c1331c27d5357\picorv32.$proc$ip/picorv32/picorv32a.v:856$1196'.
  created $dff cell `$procdff$5321' with positive edge clock.
Creating register for signal `$paramod$6ce030db3796b28030d2721a573c1331c27d5357\picorv32.\instr_lbu' using process `$paramod$6ce030db3796b28030d2721a573c1331c27d5357\picorv32.$proc$ip/picorv32/picorv32a.v:856$1196'.
  created $dff cell `$procdff$5322' with positive edge clock.
Creating register for signal `$paramod$6ce030db3796b28030d2721a573c1331c27d5357\picorv32.\instr_lhu' using process `$paramod$6ce030db3796b28030d2721a573c1331c27d5357\picorv32.$proc$ip/picorv32/picorv32a.v:856$1196'.
  created $dff cell `$procdff$5323' with positive edge clock.
Creating register for signal `$paramod$6ce030db3796b28030d2721a573c1331c27d5357\picorv32.\instr_sb' using process `$paramod$6ce030db3796b28030d2721a573c1331c27d5357\picorv32.$proc$ip/picorv32/picorv32a.v:856$1196'.
  created $dff cell `$procdff$5324' with positive edge clock.
Creating register for signal `$paramod$6ce030db3796b28030d2721a573c1331c27d5357\picorv32.\instr_sh' using process `$paramod$6ce030db3796b28030d2721a573c1331c27d5357\picorv32.$proc$ip/picorv32/picorv32a.v:856$1196'.
  created $dff cell `$procdff$5325' with positive edge clock.
Creating register for signal `$paramod$6ce030db3796b28030d2721a573c1331c27d5357\picorv32.\instr_sw' using process `$paramod$6ce030db3796b28030d2721a573c1331c27d5357\picorv32.$proc$ip/picorv32/picorv32a.v:856$1196'.
  created $dff cell `$procdff$5326' with positive edge clock.
Creating register for signal `$paramod$6ce030db3796b28030d2721a573c1331c27d5357\picorv32.\instr_addi' using process `$paramod$6ce030db3796b28030d2721a573c1331c27d5357\picorv32.$proc$ip/picorv32/picorv32a.v:856$1196'.
  created $dff cell `$procdff$5327' with positive edge clock.
Creating register for signal `$paramod$6ce030db3796b28030d2721a573c1331c27d5357\picorv32.\instr_slti' using process `$paramod$6ce030db3796b28030d2721a573c1331c27d5357\picorv32.$proc$ip/picorv32/picorv32a.v:856$1196'.
  created $dff cell `$procdff$5328' with positive edge clock.
Creating register for signal `$paramod$6ce030db3796b28030d2721a573c1331c27d5357\picorv32.\instr_sltiu' using process `$paramod$6ce030db3796b28030d2721a573c1331c27d5357\picorv32.$proc$ip/picorv32/picorv32a.v:856$1196'.
  created $dff cell `$procdff$5329' with positive edge clock.
Creating register for signal `$paramod$6ce030db3796b28030d2721a573c1331c27d5357\picorv32.\instr_xori' using process `$paramod$6ce030db3796b28030d2721a573c1331c27d5357\picorv32.$proc$ip/picorv32/picorv32a.v:856$1196'.
  created $dff cell `$procdff$5330' with positive edge clock.
Creating register for signal `$paramod$6ce030db3796b28030d2721a573c1331c27d5357\picorv32.\instr_ori' using process `$paramod$6ce030db3796b28030d2721a573c1331c27d5357\picorv32.$proc$ip/picorv32/picorv32a.v:856$1196'.
  created $dff cell `$procdff$5331' with positive edge clock.
Creating register for signal `$paramod$6ce030db3796b28030d2721a573c1331c27d5357\picorv32.\instr_andi' using process `$paramod$6ce030db3796b28030d2721a573c1331c27d5357\picorv32.$proc$ip/picorv32/picorv32a.v:856$1196'.
  created $dff cell `$procdff$5332' with positive edge clock.
Creating register for signal `$paramod$6ce030db3796b28030d2721a573c1331c27d5357\picorv32.\instr_slli' using process `$paramod$6ce030db3796b28030d2721a573c1331c27d5357\picorv32.$proc$ip/picorv32/picorv32a.v:856$1196'.
  created $dff cell `$procdff$5333' with positive edge clock.
Creating register for signal `$paramod$6ce030db3796b28030d2721a573c1331c27d5357\picorv32.\instr_srli' using process `$paramod$6ce030db3796b28030d2721a573c1331c27d5357\picorv32.$proc$ip/picorv32/picorv32a.v:856$1196'.
  created $dff cell `$procdff$5334' with positive edge clock.
Creating register for signal `$paramod$6ce030db3796b28030d2721a573c1331c27d5357\picorv32.\instr_srai' using process `$paramod$6ce030db3796b28030d2721a573c1331c27d5357\picorv32.$proc$ip/picorv32/picorv32a.v:856$1196'.
  created $dff cell `$procdff$5335' with positive edge clock.
Creating register for signal `$paramod$6ce030db3796b28030d2721a573c1331c27d5357\picorv32.\instr_add' using process `$paramod$6ce030db3796b28030d2721a573c1331c27d5357\picorv32.$proc$ip/picorv32/picorv32a.v:856$1196'.
  created $dff cell `$procdff$5336' with positive edge clock.
Creating register for signal `$paramod$6ce030db3796b28030d2721a573c1331c27d5357\picorv32.\instr_sub' using process `$paramod$6ce030db3796b28030d2721a573c1331c27d5357\picorv32.$proc$ip/picorv32/picorv32a.v:856$1196'.
  created $dff cell `$procdff$5337' with positive edge clock.
Creating register for signal `$paramod$6ce030db3796b28030d2721a573c1331c27d5357\picorv32.\instr_sll' using process `$paramod$6ce030db3796b28030d2721a573c1331c27d5357\picorv32.$proc$ip/picorv32/picorv32a.v:856$1196'.
  created $dff cell `$procdff$5338' with positive edge clock.
Creating register for signal `$paramod$6ce030db3796b28030d2721a573c1331c27d5357\picorv32.\instr_slt' using process `$paramod$6ce030db3796b28030d2721a573c1331c27d5357\picorv32.$proc$ip/picorv32/picorv32a.v:856$1196'.
  created $dff cell `$procdff$5339' with positive edge clock.
Creating register for signal `$paramod$6ce030db3796b28030d2721a573c1331c27d5357\picorv32.\instr_sltu' using process `$paramod$6ce030db3796b28030d2721a573c1331c27d5357\picorv32.$proc$ip/picorv32/picorv32a.v:856$1196'.
  created $dff cell `$procdff$5340' with positive edge clock.
Creating register for signal `$paramod$6ce030db3796b28030d2721a573c1331c27d5357\picorv32.\instr_xor' using process `$paramod$6ce030db3796b28030d2721a573c1331c27d5357\picorv32.$proc$ip/picorv32/picorv32a.v:856$1196'.
  created $dff cell `$procdff$5341' with positive edge clock.
Creating register for signal `$paramod$6ce030db3796b28030d2721a573c1331c27d5357\picorv32.\instr_srl' using process `$paramod$6ce030db3796b28030d2721a573c1331c27d5357\picorv32.$proc$ip/picorv32/picorv32a.v:856$1196'.
  created $dff cell `$procdff$5342' with positive edge clock.
Creating register for signal `$paramod$6ce030db3796b28030d2721a573c1331c27d5357\picorv32.\instr_sra' using process `$paramod$6ce030db3796b28030d2721a573c1331c27d5357\picorv32.$proc$ip/picorv32/picorv32a.v:856$1196'.
  created $dff cell `$procdff$5343' with positive edge clock.
Creating register for signal `$paramod$6ce030db3796b28030d2721a573c1331c27d5357\picorv32.\instr_or' using process `$paramod$6ce030db3796b28030d2721a573c1331c27d5357\picorv32.$proc$ip/picorv32/picorv32a.v:856$1196'.
  created $dff cell `$procdff$5344' with positive edge clock.
Creating register for signal `$paramod$6ce030db3796b28030d2721a573c1331c27d5357\picorv32.\instr_and' using process `$paramod$6ce030db3796b28030d2721a573c1331c27d5357\picorv32.$proc$ip/picorv32/picorv32a.v:856$1196'.
  created $dff cell `$procdff$5345' with positive edge clock.
Creating register for signal `$paramod$6ce030db3796b28030d2721a573c1331c27d5357\picorv32.\instr_rdcycle' using process `$paramod$6ce030db3796b28030d2721a573c1331c27d5357\picorv32.$proc$ip/picorv32/picorv32a.v:856$1196'.
  created $dff cell `$procdff$5346' with positive edge clock.
Creating register for signal `$paramod$6ce030db3796b28030d2721a573c1331c27d5357\picorv32.\instr_rdcycleh' using process `$paramod$6ce030db3796b28030d2721a573c1331c27d5357\picorv32.$proc$ip/picorv32/picorv32a.v:856$1196'.
  created $dff cell `$procdff$5347' with positive edge clock.
Creating register for signal `$paramod$6ce030db3796b28030d2721a573c1331c27d5357\picorv32.\instr_rdinstr' using process `$paramod$6ce030db3796b28030d2721a573c1331c27d5357\picorv32.$proc$ip/picorv32/picorv32a.v:856$1196'.
  created $dff cell `$procdff$5348' with positive edge clock.
Creating register for signal `$paramod$6ce030db3796b28030d2721a573c1331c27d5357\picorv32.\instr_rdinstrh' using process `$paramod$6ce030db3796b28030d2721a573c1331c27d5357\picorv32.$proc$ip/picorv32/picorv32a.v:856$1196'.
  created $dff cell `$procdff$5349' with positive edge clock.
Creating register for signal `$paramod$6ce030db3796b28030d2721a573c1331c27d5357\picorv32.\instr_ecall_ebreak' using process `$paramod$6ce030db3796b28030d2721a573c1331c27d5357\picorv32.$proc$ip/picorv32/picorv32a.v:856$1196'.
  created $dff cell `$procdff$5350' with positive edge clock.
Creating register for signal `$paramod$6ce030db3796b28030d2721a573c1331c27d5357\picorv32.\instr_getq' using process `$paramod$6ce030db3796b28030d2721a573c1331c27d5357\picorv32.$proc$ip/picorv32/picorv32a.v:856$1196'.
  created $dff cell `$procdff$5351' with positive edge clock.
Creating register for signal `$paramod$6ce030db3796b28030d2721a573c1331c27d5357\picorv32.\instr_setq' using process `$paramod$6ce030db3796b28030d2721a573c1331c27d5357\picorv32.$proc$ip/picorv32/picorv32a.v:856$1196'.
  created $dff cell `$procdff$5352' with positive edge clock.
Creating register for signal `$paramod$6ce030db3796b28030d2721a573c1331c27d5357\picorv32.\instr_retirq' using process `$paramod$6ce030db3796b28030d2721a573c1331c27d5357\picorv32.$proc$ip/picorv32/picorv32a.v:856$1196'.
  created $dff cell `$procdff$5353' with positive edge clock.
Creating register for signal `$paramod$6ce030db3796b28030d2721a573c1331c27d5357\picorv32.\instr_maskirq' using process `$paramod$6ce030db3796b28030d2721a573c1331c27d5357\picorv32.$proc$ip/picorv32/picorv32a.v:856$1196'.
  created $dff cell `$procdff$5354' with positive edge clock.
Creating register for signal `$paramod$6ce030db3796b28030d2721a573c1331c27d5357\picorv32.\instr_waitirq' using process `$paramod$6ce030db3796b28030d2721a573c1331c27d5357\picorv32.$proc$ip/picorv32/picorv32a.v:856$1196'.
  created $dff cell `$procdff$5355' with positive edge clock.
Creating register for signal `$paramod$6ce030db3796b28030d2721a573c1331c27d5357\picorv32.\instr_timer' using process `$paramod$6ce030db3796b28030d2721a573c1331c27d5357\picorv32.$proc$ip/picorv32/picorv32a.v:856$1196'.
  created $dff cell `$procdff$5356' with positive edge clock.
Creating register for signal `$paramod$6ce030db3796b28030d2721a573c1331c27d5357\picorv32.\decoded_rd' using process `$paramod$6ce030db3796b28030d2721a573c1331c27d5357\picorv32.$proc$ip/picorv32/picorv32a.v:856$1196'.
  created $dff cell `$procdff$5357' with positive edge clock.
Creating register for signal `$paramod$6ce030db3796b28030d2721a573c1331c27d5357\picorv32.\decoded_rs1' using process `$paramod$6ce030db3796b28030d2721a573c1331c27d5357\picorv32.$proc$ip/picorv32/picorv32a.v:856$1196'.
  created $dff cell `$procdff$5358' with positive edge clock.
Creating register for signal `$paramod$6ce030db3796b28030d2721a573c1331c27d5357\picorv32.\decoded_rs2' using process `$paramod$6ce030db3796b28030d2721a573c1331c27d5357\picorv32.$proc$ip/picorv32/picorv32a.v:856$1196'.
  created $dff cell `$procdff$5359' with positive edge clock.
Creating register for signal `$paramod$6ce030db3796b28030d2721a573c1331c27d5357\picorv32.\decoded_imm' using process `$paramod$6ce030db3796b28030d2721a573c1331c27d5357\picorv32.$proc$ip/picorv32/picorv32a.v:856$1196'.
  created $dff cell `$procdff$5360' with positive edge clock.
Creating register for signal `$paramod$6ce030db3796b28030d2721a573c1331c27d5357\picorv32.\decoded_imm_j' using process `$paramod$6ce030db3796b28030d2721a573c1331c27d5357\picorv32.$proc$ip/picorv32/picorv32a.v:856$1196'.
  created $dff cell `$procdff$5361' with positive edge clock.
Creating register for signal `$paramod$6ce030db3796b28030d2721a573c1331c27d5357\picorv32.\compressed_instr' using process `$paramod$6ce030db3796b28030d2721a573c1331c27d5357\picorv32.$proc$ip/picorv32/picorv32a.v:856$1196'.
  created $dff cell `$procdff$5362' with positive edge clock.
Creating register for signal `$paramod$6ce030db3796b28030d2721a573c1331c27d5357\picorv32.\is_lui_auipc_jal' using process `$paramod$6ce030db3796b28030d2721a573c1331c27d5357\picorv32.$proc$ip/picorv32/picorv32a.v:856$1196'.
  created $dff cell `$procdff$5363' with positive edge clock.
Creating register for signal `$paramod$6ce030db3796b28030d2721a573c1331c27d5357\picorv32.\is_lb_lh_lw_lbu_lhu' using process `$paramod$6ce030db3796b28030d2721a573c1331c27d5357\picorv32.$proc$ip/picorv32/picorv32a.v:856$1196'.
  created $dff cell `$procdff$5364' with positive edge clock.
Creating register for signal `$paramod$6ce030db3796b28030d2721a573c1331c27d5357\picorv32.\is_slli_srli_srai' using process `$paramod$6ce030db3796b28030d2721a573c1331c27d5357\picorv32.$proc$ip/picorv32/picorv32a.v:856$1196'.
  created $dff cell `$procdff$5365' with positive edge clock.
Creating register for signal `$paramod$6ce030db3796b28030d2721a573c1331c27d5357\picorv32.\is_jalr_addi_slti_sltiu_xori_ori_andi' using process `$paramod$6ce030db3796b28030d2721a573c1331c27d5357\picorv32.$proc$ip/picorv32/picorv32a.v:856$1196'.
  created $dff cell `$procdff$5366' with positive edge clock.
Creating register for signal `$paramod$6ce030db3796b28030d2721a573c1331c27d5357\picorv32.\is_sb_sh_sw' using process `$paramod$6ce030db3796b28030d2721a573c1331c27d5357\picorv32.$proc$ip/picorv32/picorv32a.v:856$1196'.
  created $dff cell `$procdff$5367' with positive edge clock.
Creating register for signal `$paramod$6ce030db3796b28030d2721a573c1331c27d5357\picorv32.\is_sll_srl_sra' using process `$paramod$6ce030db3796b28030d2721a573c1331c27d5357\picorv32.$proc$ip/picorv32/picorv32a.v:856$1196'.
  created $dff cell `$procdff$5368' with positive edge clock.
Creating register for signal `$paramod$6ce030db3796b28030d2721a573c1331c27d5357\picorv32.\is_lui_auipc_jal_jalr_addi_add_sub' using process `$paramod$6ce030db3796b28030d2721a573c1331c27d5357\picorv32.$proc$ip/picorv32/picorv32a.v:856$1196'.
  created $dff cell `$procdff$5369' with positive edge clock.
Creating register for signal `$paramod$6ce030db3796b28030d2721a573c1331c27d5357\picorv32.\is_slti_blt_slt' using process `$paramod$6ce030db3796b28030d2721a573c1331c27d5357\picorv32.$proc$ip/picorv32/picorv32a.v:856$1196'.
  created $dff cell `$procdff$5370' with positive edge clock.
Creating register for signal `$paramod$6ce030db3796b28030d2721a573c1331c27d5357\picorv32.\is_sltiu_bltu_sltu' using process `$paramod$6ce030db3796b28030d2721a573c1331c27d5357\picorv32.$proc$ip/picorv32/picorv32a.v:856$1196'.
  created $dff cell `$procdff$5371' with positive edge clock.
Creating register for signal `$paramod$6ce030db3796b28030d2721a573c1331c27d5357\picorv32.\is_beq_bne_blt_bge_bltu_bgeu' using process `$paramod$6ce030db3796b28030d2721a573c1331c27d5357\picorv32.$proc$ip/picorv32/picorv32a.v:856$1196'.
  created $dff cell `$procdff$5372' with positive edge clock.
Creating register for signal `$paramod$6ce030db3796b28030d2721a573c1331c27d5357\picorv32.\is_lbu_lhu_lw' using process `$paramod$6ce030db3796b28030d2721a573c1331c27d5357\picorv32.$proc$ip/picorv32/picorv32a.v:856$1196'.
  created $dff cell `$procdff$5373' with positive edge clock.
Creating register for signal `$paramod$6ce030db3796b28030d2721a573c1331c27d5357\picorv32.\is_alu_reg_imm' using process `$paramod$6ce030db3796b28030d2721a573c1331c27d5357\picorv32.$proc$ip/picorv32/picorv32a.v:856$1196'.
  created $dff cell `$procdff$5374' with positive edge clock.
Creating register for signal `$paramod$6ce030db3796b28030d2721a573c1331c27d5357\picorv32.\is_alu_reg_reg' using process `$paramod$6ce030db3796b28030d2721a573c1331c27d5357\picorv32.$proc$ip/picorv32/picorv32a.v:856$1196'.
  created $dff cell `$procdff$5375' with positive edge clock.
Creating register for signal `$paramod$6ce030db3796b28030d2721a573c1331c27d5357\picorv32.\is_compare' using process `$paramod$6ce030db3796b28030d2721a573c1331c27d5357\picorv32.$proc$ip/picorv32/picorv32a.v:856$1196'.
  created $dff cell `$procdff$5376' with positive edge clock.
Creating register for signal `$paramod$6ce030db3796b28030d2721a573c1331c27d5357\picorv32.\dbg_insn_addr' using process `$paramod$6ce030db3796b28030d2721a573c1331c27d5357\picorv32.$proc$ip/picorv32/picorv32a.v:776$1190'.
  created $dff cell `$procdff$5377' with positive edge clock.
Creating register for signal `$paramod$6ce030db3796b28030d2721a573c1331c27d5357\picorv32.\q_ascii_instr' using process `$paramod$6ce030db3796b28030d2721a573c1331c27d5357\picorv32.$proc$ip/picorv32/picorv32a.v:776$1190'.
  created $dff cell `$procdff$5378' with positive edge clock.
Creating register for signal `$paramod$6ce030db3796b28030d2721a573c1331c27d5357\picorv32.\q_insn_imm' using process `$paramod$6ce030db3796b28030d2721a573c1331c27d5357\picorv32.$proc$ip/picorv32/picorv32a.v:776$1190'.
  created $dff cell `$procdff$5379' with positive edge clock.
Creating register for signal `$paramod$6ce030db3796b28030d2721a573c1331c27d5357\picorv32.\q_insn_opcode' using process `$paramod$6ce030db3796b28030d2721a573c1331c27d5357\picorv32.$proc$ip/picorv32/picorv32a.v:776$1190'.
  created $dff cell `$procdff$5380' with positive edge clock.
Creating register for signal `$paramod$6ce030db3796b28030d2721a573c1331c27d5357\picorv32.\q_insn_rs1' using process `$paramod$6ce030db3796b28030d2721a573c1331c27d5357\picorv32.$proc$ip/picorv32/picorv32a.v:776$1190'.
  created $dff cell `$procdff$5381' with positive edge clock.
Creating register for signal `$paramod$6ce030db3796b28030d2721a573c1331c27d5357\picorv32.\q_insn_rs2' using process `$paramod$6ce030db3796b28030d2721a573c1331c27d5357\picorv32.$proc$ip/picorv32/picorv32a.v:776$1190'.
  created $dff cell `$procdff$5382' with positive edge clock.
Creating register for signal `$paramod$6ce030db3796b28030d2721a573c1331c27d5357\picorv32.\q_insn_rd' using process `$paramod$6ce030db3796b28030d2721a573c1331c27d5357\picorv32.$proc$ip/picorv32/picorv32a.v:776$1190'.
  created $dff cell `$procdff$5383' with positive edge clock.
Creating register for signal `$paramod$6ce030db3796b28030d2721a573c1331c27d5357\picorv32.\dbg_next' using process `$paramod$6ce030db3796b28030d2721a573c1331c27d5357\picorv32.$proc$ip/picorv32/picorv32a.v:776$1190'.
  created $dff cell `$procdff$5384' with positive edge clock.
Creating register for signal `$paramod$6ce030db3796b28030d2721a573c1331c27d5357\picorv32.\dbg_valid_insn' using process `$paramod$6ce030db3796b28030d2721a573c1331c27d5357\picorv32.$proc$ip/picorv32/picorv32a.v:776$1190'.
  created $dff cell `$procdff$5385' with positive edge clock.
Creating register for signal `$paramod$6ce030db3796b28030d2721a573c1331c27d5357\picorv32.\cached_ascii_instr' using process `$paramod$6ce030db3796b28030d2721a573c1331c27d5357\picorv32.$proc$ip/picorv32/picorv32a.v:776$1190'.
  created $dff cell `$procdff$5386' with positive edge clock.
Creating register for signal `$paramod$6ce030db3796b28030d2721a573c1331c27d5357\picorv32.\cached_insn_imm' using process `$paramod$6ce030db3796b28030d2721a573c1331c27d5357\picorv32.$proc$ip/picorv32/picorv32a.v:776$1190'.
  created $dff cell `$procdff$5387' with positive edge clock.
Creating register for signal `$paramod$6ce030db3796b28030d2721a573c1331c27d5357\picorv32.\cached_insn_opcode' using process `$paramod$6ce030db3796b28030d2721a573c1331c27d5357\picorv32.$proc$ip/picorv32/picorv32a.v:776$1190'.
  created $dff cell `$procdff$5388' with positive edge clock.
Creating register for signal `$paramod$6ce030db3796b28030d2721a573c1331c27d5357\picorv32.\cached_insn_rs1' using process `$paramod$6ce030db3796b28030d2721a573c1331c27d5357\picorv32.$proc$ip/picorv32/picorv32a.v:776$1190'.
  created $dff cell `$procdff$5389' with positive edge clock.
Creating register for signal `$paramod$6ce030db3796b28030d2721a573c1331c27d5357\picorv32.\cached_insn_rs2' using process `$paramod$6ce030db3796b28030d2721a573c1331c27d5357\picorv32.$proc$ip/picorv32/picorv32a.v:776$1190'.
  created $dff cell `$procdff$5390' with positive edge clock.
Creating register for signal `$paramod$6ce030db3796b28030d2721a573c1331c27d5357\picorv32.\cached_insn_rd' using process `$paramod$6ce030db3796b28030d2721a573c1331c27d5357\picorv32.$proc$ip/picorv32/picorv32a.v:776$1190'.
  created $dff cell `$procdff$5391' with positive edge clock.
Creating register for signal `$paramod$6ce030db3796b28030d2721a573c1331c27d5357\picorv32.\mem_valid' using process `$paramod$6ce030db3796b28030d2721a573c1331c27d5357\picorv32.$proc$ip/picorv32/picorv32a.v:565$1165'.
  created $dff cell `$procdff$5392' with positive edge clock.
Creating register for signal `$paramod$6ce030db3796b28030d2721a573c1331c27d5357\picorv32.\mem_instr' using process `$paramod$6ce030db3796b28030d2721a573c1331c27d5357\picorv32.$proc$ip/picorv32/picorv32a.v:565$1165'.
  created $dff cell `$procdff$5393' with positive edge clock.
Creating register for signal `$paramod$6ce030db3796b28030d2721a573c1331c27d5357\picorv32.\mem_addr' using process `$paramod$6ce030db3796b28030d2721a573c1331c27d5357\picorv32.$proc$ip/picorv32/picorv32a.v:565$1165'.
  created $dff cell `$procdff$5394' with positive edge clock.
Creating register for signal `$paramod$6ce030db3796b28030d2721a573c1331c27d5357\picorv32.\mem_wdata' using process `$paramod$6ce030db3796b28030d2721a573c1331c27d5357\picorv32.$proc$ip/picorv32/picorv32a.v:565$1165'.
  created $dff cell `$procdff$5395' with positive edge clock.
Creating register for signal `$paramod$6ce030db3796b28030d2721a573c1331c27d5357\picorv32.\mem_wstrb' using process `$paramod$6ce030db3796b28030d2721a573c1331c27d5357\picorv32.$proc$ip/picorv32/picorv32a.v:565$1165'.
  created $dff cell `$procdff$5396' with positive edge clock.
Creating register for signal `$paramod$6ce030db3796b28030d2721a573c1331c27d5357\picorv32.\mem_state' using process `$paramod$6ce030db3796b28030d2721a573c1331c27d5357\picorv32.$proc$ip/picorv32/picorv32a.v:565$1165'.
  created $dff cell `$procdff$5397' with positive edge clock.
Creating register for signal `$paramod$6ce030db3796b28030d2721a573c1331c27d5357\picorv32.\mem_la_secondword' using process `$paramod$6ce030db3796b28030d2721a573c1331c27d5357\picorv32.$proc$ip/picorv32/picorv32a.v:565$1165'.
  created $dff cell `$procdff$5398' with positive edge clock.
Creating register for signal `$paramod$6ce030db3796b28030d2721a573c1331c27d5357\picorv32.\prefetched_high_word' using process `$paramod$6ce030db3796b28030d2721a573c1331c27d5357\picorv32.$proc$ip/picorv32/picorv32a.v:565$1165'.
  created $dff cell `$procdff$5399' with positive edge clock.
Creating register for signal `$paramod$6ce030db3796b28030d2721a573c1331c27d5357\picorv32.\mem_16bit_buffer' using process `$paramod$6ce030db3796b28030d2721a573c1331c27d5357\picorv32.$proc$ip/picorv32/picorv32a.v:565$1165'.
  created $dff cell `$procdff$5400' with positive edge clock.
Creating register for signal `$paramod$6ce030db3796b28030d2721a573c1331c27d5357\picorv32.\next_insn_opcode' using process `$paramod$6ce030db3796b28030d2721a573c1331c27d5357\picorv32.$proc$ip/picorv32/picorv32a.v:430$1127'.
  created $dff cell `$procdff$5401' with positive edge clock.
Creating register for signal `$paramod$6ce030db3796b28030d2721a573c1331c27d5357\picorv32.\mem_rdata_q' using process `$paramod$6ce030db3796b28030d2721a573c1331c27d5357\picorv32.$proc$ip/picorv32/picorv32a.v:430$1127'.
  created $dff cell `$procdff$5402' with positive edge clock.
Creating register for signal `$paramod$6ce030db3796b28030d2721a573c1331c27d5357\picorv32.\mem_la_firstword_reg' using process `$paramod$6ce030db3796b28030d2721a573c1331c27d5357\picorv32.$proc$ip/picorv32/picorv32a.v:390$1119'.
  created $dff cell `$procdff$5403' with positive edge clock.
Creating register for signal `$paramod$6ce030db3796b28030d2721a573c1331c27d5357\picorv32.\last_mem_valid' using process `$paramod$6ce030db3796b28030d2721a573c1331c27d5357\picorv32.$proc$ip/picorv32/picorv32a.v:390$1119'.
  created $dff cell `$procdff$5404' with positive edge clock.
Creating register for signal `$paramod$e42465b9e259ab0b6bc45fe1c5feb129e75f41e8\axi_uart.\s_axi_bresp' using process `$paramod$e42465b9e259ab0b6bc45fe1c5feb129e75f41e8\axi_uart.$proc$rtl/axi_uart.v:95$1771'.
  created $dff cell `$procdff$5405' with positive edge clock.
Creating register for signal `$paramod$e42465b9e259ab0b6bc45fe1c5feb129e75f41e8\axi_uart.\s_axi_bvalid' using process `$paramod$e42465b9e259ab0b6bc45fe1c5feb129e75f41e8\axi_uart.$proc$rtl/axi_uart.v:95$1771'.
  created $dff cell `$procdff$5406' with positive edge clock.
Creating register for signal `$paramod$e42465b9e259ab0b6bc45fe1c5feb129e75f41e8\axi_uart.\s_axi_rdata' using process `$paramod$e42465b9e259ab0b6bc45fe1c5feb129e75f41e8\axi_uart.$proc$rtl/axi_uart.v:95$1771'.
  created $dff cell `$procdff$5407' with positive edge clock.
Creating register for signal `$paramod$e42465b9e259ab0b6bc45fe1c5feb129e75f41e8\axi_uart.\s_axi_rresp' using process `$paramod$e42465b9e259ab0b6bc45fe1c5feb129e75f41e8\axi_uart.$proc$rtl/axi_uart.v:95$1771'.
  created $dff cell `$procdff$5408' with positive edge clock.
Creating register for signal `$paramod$e42465b9e259ab0b6bc45fe1c5feb129e75f41e8\axi_uart.\s_axi_rvalid' using process `$paramod$e42465b9e259ab0b6bc45fe1c5feb129e75f41e8\axi_uart.$proc$rtl/axi_uart.v:95$1771'.
  created $dff cell `$procdff$5409' with positive edge clock.
Creating register for signal `$paramod$e42465b9e259ab0b6bc45fe1c5feb129e75f41e8\axi_uart.\aw_pending' using process `$paramod$e42465b9e259ab0b6bc45fe1c5feb129e75f41e8\axi_uart.$proc$rtl/axi_uart.v:95$1771'.
  created $dff cell `$procdff$5410' with positive edge clock.
Creating register for signal `$paramod$e42465b9e259ab0b6bc45fe1c5feb129e75f41e8\axi_uart.\w_pending' using process `$paramod$e42465b9e259ab0b6bc45fe1c5feb129e75f41e8\axi_uart.$proc$rtl/axi_uart.v:95$1771'.
  created $dff cell `$procdff$5411' with positive edge clock.
Creating register for signal `$paramod$e42465b9e259ab0b6bc45fe1c5feb129e75f41e8\axi_uart.\awaddr_reg' using process `$paramod$e42465b9e259ab0b6bc45fe1c5feb129e75f41e8\axi_uart.$proc$rtl/axi_uart.v:95$1771'.
  created $dff cell `$procdff$5412' with positive edge clock.
Creating register for signal `$paramod$e42465b9e259ab0b6bc45fe1c5feb129e75f41e8\axi_uart.\wdata_reg' using process `$paramod$e42465b9e259ab0b6bc45fe1c5feb129e75f41e8\axi_uart.$proc$rtl/axi_uart.v:95$1771'.
  created $dff cell `$procdff$5413' with positive edge clock.
Creating register for signal `$paramod$e42465b9e259ab0b6bc45fe1c5feb129e75f41e8\axi_uart.\wstrb_reg' using process `$paramod$e42465b9e259ab0b6bc45fe1c5feb129e75f41e8\axi_uart.$proc$rtl/axi_uart.v:95$1771'.
  created $dff cell `$procdff$5414' with positive edge clock.
Creating register for signal `$paramod$e42465b9e259ab0b6bc45fe1c5feb129e75f41e8\axi_uart.\tx_data' using process `$paramod$e42465b9e259ab0b6bc45fe1c5feb129e75f41e8\axi_uart.$proc$rtl/axi_uart.v:95$1771'.
  created $dff cell `$procdff$5415' with positive edge clock.
Creating register for signal `$paramod$e42465b9e259ab0b6bc45fe1c5feb129e75f41e8\axi_uart.\tx_start' using process `$paramod$e42465b9e259ab0b6bc45fe1c5feb129e75f41e8\axi_uart.$proc$rtl/axi_uart.v:95$1771'.
  created $dff cell `$procdff$5416' with positive edge clock.
Creating register for signal `$paramod$e42465b9e259ab0b6bc45fe1c5feb129e75f41e8\axi_uart.\tx_pending' using process `$paramod$e42465b9e259ab0b6bc45fe1c5feb129e75f41e8\axi_uart.$proc$rtl/axi_uart.v:95$1771'.
  created $dff cell `$procdff$5417' with positive edge clock.
Creating register for signal `$paramod$e42465b9e259ab0b6bc45fe1c5feb129e75f41e8\axi_uart.\rx_data_reg' using process `$paramod$e42465b9e259ab0b6bc45fe1c5feb129e75f41e8\axi_uart.$proc$rtl/axi_uart.v:95$1771'.
  created $dff cell `$procdff$5418' with positive edge clock.
Creating register for signal `$paramod$e42465b9e259ab0b6bc45fe1c5feb129e75f41e8\axi_uart.\rx_data_valid' using process `$paramod$e42465b9e259ab0b6bc45fe1c5feb129e75f41e8\axi_uart.$proc$rtl/axi_uart.v:95$1771'.
  created $dff cell `$procdff$5419' with positive edge clock.
Creating register for signal `$paramod$e42465b9e259ab0b6bc45fe1c5feb129e75f41e8\uart_tx.\tx' using process `$paramod$e42465b9e259ab0b6bc45fe1c5feb129e75f41e8\uart_tx.$proc$rtl/uart_tx.v:22$1833'.
  created $dff cell `$procdff$5420' with positive edge clock.
Creating register for signal `$paramod$e42465b9e259ab0b6bc45fe1c5feb129e75f41e8\uart_tx.\tx_busy' using process `$paramod$e42465b9e259ab0b6bc45fe1c5feb129e75f41e8\uart_tx.$proc$rtl/uart_tx.v:22$1833'.
  created $dff cell `$procdff$5421' with positive edge clock.
Creating register for signal `$paramod$e42465b9e259ab0b6bc45fe1c5feb129e75f41e8\uart_tx.\baud_count' using process `$paramod$e42465b9e259ab0b6bc45fe1c5feb129e75f41e8\uart_tx.$proc$rtl/uart_tx.v:22$1833'.
  created $dff cell `$procdff$5422' with positive edge clock.
Creating register for signal `$paramod$e42465b9e259ab0b6bc45fe1c5feb129e75f41e8\uart_tx.\bit_count' using process `$paramod$e42465b9e259ab0b6bc45fe1c5feb129e75f41e8\uart_tx.$proc$rtl/uart_tx.v:22$1833'.
  created $dff cell `$procdff$5423' with positive edge clock.
Creating register for signal `$paramod$e42465b9e259ab0b6bc45fe1c5feb129e75f41e8\uart_tx.\tx_shift' using process `$paramod$e42465b9e259ab0b6bc45fe1c5feb129e75f41e8\uart_tx.$proc$rtl/uart_tx.v:22$1833'.
  created $dff cell `$procdff$5424' with positive edge clock.

9.10. Executing PROC_MEMWR pass (convert process memory writes to cells).

9.11. Executing PROC_CLEAN pass (remove empty switches from decision trees).
Found and cleaned up 11 empty switches in `\axi_ram.$proc$rtl/axi_ram.v:58$865'.
Removing empty process `axi_ram.$proc$rtl/axi_ram.v:58$865'.
Found and cleaned up 9 empty switches in `$paramod$e42465b9e259ab0b6bc45fe1c5feb129e75f41e8\uart_rx.$proc$rtl/uart_rx.v:28$1794'.
Removing empty process `$paramod$e42465b9e259ab0b6bc45fe1c5feb129e75f41e8\uart_rx.$proc$rtl/uart_rx.v:28$1794'.
Found and cleaned up 5 empty switches in `\picorv32_axi_adapter.$proc$ip/picorv32/picorv32a.v:2785$841'.
Removing empty process `picorv32_axi_adapter.$proc$ip/picorv32/picorv32a.v:2785$841'.
Found and cleaned up 53 empty switches in `$paramod$6ce030db3796b28030d2721a573c1331c27d5357\picorv32.$proc$ip/picorv32/picorv32a.v:1397$1533'.
Removing empty process `$paramod$6ce030db3796b28030d2721a573c1331c27d5357\picorv32.$proc$ip/picorv32/picorv32a.v:1397$1533'.
Removing empty process `$paramod$6ce030db3796b28030d2721a573c1331c27d5357\picorv32.$proc$ip/picorv32/picorv32a.v:1343$1517'.
Found and cleaned up 1 empty switch in `$paramod$6ce030db3796b28030d2721a573c1331c27d5357\picorv32.$proc$ip/picorv32/picorv32a.v:1332$1508'.
Removing empty process `$paramod$6ce030db3796b28030d2721a573c1331c27d5357\picorv32.$proc$ip/picorv32/picorv32a.v:1332$1508'.
Found and cleaned up 2 empty switches in `$paramod$6ce030db3796b28030d2721a573c1331c27d5357\picorv32.$proc$ip/picorv32/picorv32a.v:1304$1496'.
Removing empty process `$paramod$6ce030db3796b28030d2721a573c1331c27d5357\picorv32.$proc$ip/picorv32/picorv32a.v:1304$1496'.
Found and cleaned up 2 empty switches in `$paramod$6ce030db3796b28030d2721a573c1331c27d5357\picorv32.$proc$ip/picorv32/picorv32a.v:1290$1491'.
Removing empty process `$paramod$6ce030db3796b28030d2721a573c1331c27d5357\picorv32.$proc$ip/picorv32/picorv32a.v:1290$1491'.
Removing empty process `$paramod$6ce030db3796b28030d2721a573c1331c27d5357\picorv32.$proc$ip/picorv32/picorv32a.v:1288$1490'.
Found and cleaned up 2 empty switches in `$paramod$6ce030db3796b28030d2721a573c1331c27d5357\picorv32.$proc$ip/picorv32/picorv32a.v:1244$1468'.
Removing empty process `$paramod$6ce030db3796b28030d2721a573c1331c27d5357\picorv32.$proc$ip/picorv32/picorv32a.v:1244$1468'.
Found and cleaned up 8 empty switches in `$paramod$6ce030db3796b28030d2721a573c1331c27d5357\picorv32.$proc$ip/picorv32/picorv32a.v:1181$1456'.
Removing empty process `$paramod$6ce030db3796b28030d2721a573c1331c27d5357\picorv32.$proc$ip/picorv32/picorv32a.v:1181$1456'.
Found and cleaned up 22 empty switches in `$paramod$6ce030db3796b28030d2721a573c1331c27d5357\picorv32.$proc$ip/picorv32/picorv32a.v:856$1196'.
Removing empty process `$paramod$6ce030db3796b28030d2721a573c1331c27d5357\picorv32.$proc$ip/picorv32/picorv32a.v:856$1196'.
Found and cleaned up 3 empty switches in `$paramod$6ce030db3796b28030d2721a573c1331c27d5357\picorv32.$proc$ip/picorv32/picorv32a.v:807$1194'.
Removing empty process `$paramod$6ce030db3796b28030d2721a573c1331c27d5357\picorv32.$proc$ip/picorv32/picorv32a.v:807$1194'.
Found and cleaned up 5 empty switches in `$paramod$6ce030db3796b28030d2721a573c1331c27d5357\picorv32.$proc$ip/picorv32/picorv32a.v:776$1190'.
Removing empty process `$paramod$6ce030db3796b28030d2721a573c1331c27d5357\picorv32.$proc$ip/picorv32/picorv32a.v:776$1190'.
Found and cleaned up 47 empty switches in `$paramod$6ce030db3796b28030d2721a573c1331c27d5357\picorv32.$proc$ip/picorv32/picorv32a.v:700$1189'.
Removing empty process `$paramod$6ce030db3796b28030d2721a573c1331c27d5357\picorv32.$proc$ip/picorv32/picorv32a.v:700$1189'.
Found and cleaned up 16 empty switches in `$paramod$6ce030db3796b28030d2721a573c1331c27d5357\picorv32.$proc$ip/picorv32/picorv32a.v:565$1165'.
Removing empty process `$paramod$6ce030db3796b28030d2721a573c1331c27d5357\picorv32.$proc$ip/picorv32/picorv32a.v:565$1165'.
Removing empty process `$paramod$6ce030db3796b28030d2721a573c1331c27d5357\picorv32.$proc$ip/picorv32/picorv32a.v:1234$1701'.
Found and cleaned up 19 empty switches in `$paramod$6ce030db3796b28030d2721a573c1331c27d5357\picorv32.$proc$ip/picorv32/picorv32a.v:430$1127'.
Removing empty process `$paramod$6ce030db3796b28030d2721a573c1331c27d5357\picorv32.$proc$ip/picorv32/picorv32a.v:430$1127'.
Found and cleaned up 3 empty switches in `$paramod$6ce030db3796b28030d2721a573c1331c27d5357\picorv32.$proc$ip/picorv32/picorv32a.v:401$1124'.
Removing empty process `$paramod$6ce030db3796b28030d2721a573c1331c27d5357\picorv32.$proc$ip/picorv32/picorv32a.v:401$1124'.
Found and cleaned up 2 empty switches in `$paramod$6ce030db3796b28030d2721a573c1331c27d5357\picorv32.$proc$ip/picorv32/picorv32a.v:390$1119'.
Removing empty process `$paramod$6ce030db3796b28030d2721a573c1331c27d5357\picorv32.$proc$ip/picorv32/picorv32a.v:390$1119'.
Found and cleaned up 1 empty switch in `$paramod$6ce030db3796b28030d2721a573c1331c27d5357\picorv32.$proc$ip/picorv32/picorv32a.v:325$1045'.
Removing empty process `$paramod$6ce030db3796b28030d2721a573c1331c27d5357\picorv32.$proc$ip/picorv32/picorv32a.v:325$1045'.
Found and cleaned up 12 empty switches in `$paramod$e42465b9e259ab0b6bc45fe1c5feb129e75f41e8\axi_uart.$proc$rtl/axi_uart.v:95$1771'.
Removing empty process `$paramod$e42465b9e259ab0b6bc45fe1c5feb129e75f41e8\axi_uart.$proc$rtl/axi_uart.v:95$1771'.
Found and cleaned up 5 empty switches in `$paramod$e42465b9e259ab0b6bc45fe1c5feb129e75f41e8\uart_tx.$proc$rtl/uart_tx.v:22$1833'.
Removing empty process `$paramod$e42465b9e259ab0b6bc45fe1c5feb129e75f41e8\uart_tx.$proc$rtl/uart_tx.v:22$1833'.
Cleaned up 228 empty switches.

9.12. Executing OPT_EXPR pass (perform const folding).
Optimizing module axi_ram.
<suppressed ~46 debug messages>
Optimizing module $paramod$e42465b9e259ab0b6bc45fe1c5feb129e75f41e8\uart_rx.
<suppressed ~27 debug messages>
Optimizing module picorv32_axi_adapter.
<suppressed ~4 debug messages>
Optimizing module $paramod$6ce030db3796b28030d2721a573c1331c27d5357\picorv32.
<suppressed ~826 debug messages>
Optimizing module soc_top.
Optimizing module axi_interconnect.
<suppressed ~2 debug messages>
Optimizing module $paramod\picorv32_axi\PROGADDR_RESET=32'00000000000000000000000000000000.
Optimizing module $paramod$e42465b9e259ab0b6bc45fe1c5feb129e75f41e8\axi_uart.
<suppressed ~20 debug messages>
Optimizing module $paramod$e42465b9e259ab0b6bc45fe1c5feb129e75f41e8\uart_tx.
<suppressed ~5 debug messages>

10. Executing OPT pass (performing simple optimizations).

10.1. Executing OPT_EXPR pass (perform const folding).
Optimizing module axi_ram.
Optimizing module $paramod$e42465b9e259ab0b6bc45fe1c5feb129e75f41e8\uart_rx.
<suppressed ~2 debug messages>
Optimizing module picorv32_axi_adapter.
Optimizing module $paramod$6ce030db3796b28030d2721a573c1331c27d5357\picorv32.
<suppressed ~2 debug messages>
Optimizing module soc_top.
Optimizing module axi_interconnect.
Optimizing module $paramod\picorv32_axi\PROGADDR_RESET=32'00000000000000000000000000000000.
Optimizing module $paramod$e42465b9e259ab0b6bc45fe1c5feb129e75f41e8\axi_uart.
Optimizing module $paramod$e42465b9e259ab0b6bc45fe1c5feb129e75f41e8\uart_tx.

10.2. Executing OPT_MERGE pass (detect identical cells).
Finding identical cells in module `\axi_ram'.
<suppressed ~6 debug messages>
Finding identical cells in module `$paramod$e42465b9e259ab0b6bc45fe1c5feb129e75f41e8\uart_rx'.
<suppressed ~75 debug messages>
Finding identical cells in module `\picorv32_axi_adapter'.
<suppressed ~18 debug messages>
Finding identical cells in module `$paramod$6ce030db3796b28030d2721a573c1331c27d5357\picorv32'.
<suppressed ~1413 debug messages>
Finding identical cells in module `\soc_top'.
Finding identical cells in module `\axi_interconnect'.
Finding identical cells in module `$paramod\picorv32_axi\PROGADDR_RESET=32'00000000000000000000000000000000'.
Finding identical cells in module `$paramod$e42465b9e259ab0b6bc45fe1c5feb129e75f41e8\axi_uart'.
<suppressed ~21 debug messages>
Finding identical cells in module `$paramod$e42465b9e259ab0b6bc45fe1c5feb129e75f41e8\uart_tx'.
Removed a total of 511 cells.

10.3. Executing OPT_MUXTREE pass (detect dead branches in mux trees).
Running muxtree optimizer on module \axi_ram..
  Creating internal representation of mux trees.
  Evaluating internal representation of mux trees.
  Analyzing evaluation results.
    dead port 2/2 on $mux $procmux$2019.
    dead port 2/2 on $mux $procmux$2013.
    dead port 2/2 on $mux $procmux$2007.
    dead port 2/2 on $mux $procmux$2001.
    dead port 2/2 on $mux $procmux$1995.
    dead port 2/2 on $mux $procmux$1989.
    dead port 2/2 on $mux $procmux$1983.
    dead port 2/2 on $mux $procmux$1977.
    dead port 2/2 on $mux $procmux$1971.
    dead port 2/2 on $mux $procmux$1965.
    dead port 2/2 on $mux $procmux$1959.
    dead port 2/2 on $mux $procmux$1953.
    dead port 2/2 on $mux $procmux$1947.
    dead port 2/2 on $mux $procmux$1944.
    dead port 2/2 on $mux $procmux$1938.
    dead port 2/2 on $mux $procmux$1935.
    dead port 2/2 on $mux $procmux$1929.
    dead port 2/2 on $mux $procmux$1926.
    dead port 2/2 on $mux $procmux$1920.
    dead port 2/2 on $mux $procmux$1917.
    dead port 2/2 on $mux $procmux$1911.
    dead port 2/2 on $mux $procmux$1908.
    dead port 2/2 on $mux $procmux$1902.
    dead port 2/2 on $mux $procmux$1899.
    dead port 2/2 on $mux $procmux$1893.
    dead port 2/2 on $mux $procmux$1890.
    dead port 2/2 on $mux $procmux$1884.
    dead port 2/2 on $mux $procmux$1881.
    dead port 2/2 on $mux $procmux$1875.
    dead port 2/2 on $mux $procmux$1872.
    dead port 2/2 on $mux $procmux$1866.
    dead port 2/2 on $mux $procmux$1863.
    dead port 2/2 on $mux $procmux$1857.
    dead port 2/2 on $mux $procmux$1854.
    dead port 2/2 on $mux $procmux$1848.
    dead port 2/2 on $mux $procmux$1845.
Running muxtree optimizer on module $paramod$e42465b9e259ab0b6bc45fe1c5feb129e75f41e8\uart_rx..
  Creating internal representation of mux trees.
  Evaluating internal representation of mux trees.
  Analyzing evaluation results.
    dead port 1/2 on $mux $procmux$2208.
    dead port 2/2 on $mux $procmux$2208.
    dead port 1/2 on $mux $procmux$2205.
    dead port 2/2 on $mux $procmux$2205.
    dead port 1/2 on $mux $procmux$2202.
    dead port 2/2 on $mux $procmux$2202.
    dead port 1/2 on $mux $procmux$2185.
    dead port 2/2 on $mux $procmux$2185.
    dead port 1/2 on $mux $procmux$2182.
    dead port 2/2 on $mux $procmux$2182.
    dead port 1/2 on $mux $procmux$2178.
    dead port 2/2 on $mux $procmux$2178.
    dead port 1/2 on $mux $procmux$2175.
    dead port 2/2 on $mux $procmux$2175.
    dead port 1/2 on $mux $procmux$2171.
    dead port 2/2 on $mux $procmux$2171.
    dead port 1/2 on $mux $procmux$2168.
    dead port 2/2 on $mux $procmux$2168.
    dead port 2/2 on $mux $procmux$2164.
    dead port 1/2 on $mux $procmux$2157.
    dead port 2/2 on $mux $procmux$2157.
    dead port 1/2 on $mux $procmux$2154.
    dead port 2/2 on $mux $procmux$2154.
    dead port 1/2 on $mux $procmux$2152.
    dead port 2/2 on $mux $procmux$2152.
    dead port 1/2 on $mux $procmux$2147.
    dead port 2/2 on $mux $procmux$2147.
    dead port 1/2 on $mux $procmux$2144.
    dead port 2/2 on $mux $procmux$2144.
    dead port 1/2 on $mux $procmux$2142.
    dead port 2/2 on $mux $procmux$2142.
    dead port 1/2 on $mux $procmux$2137.
    dead port 2/2 on $mux $procmux$2137.
    dead port 1/2 on $mux $procmux$2134.
    dead port 2/2 on $mux $procmux$2134.
    dead port 1/2 on $mux $procmux$2132.
    dead port 2/2 on $mux $procmux$2132.
    dead port 2/2 on $mux $procmux$2127.
    dead port 2/2 on $mux $procmux$2124.
Running muxtree optimizer on module \picorv32_axi_adapter..
  Creating internal representation of mux trees.
  Evaluating internal representation of mux trees.
  Analyzing evaluation results.
Running muxtree optimizer on module $paramod$6ce030db3796b28030d2721a573c1331c27d5357\picorv32..
  Creating internal representation of mux trees.
  Evaluating internal representation of mux trees.
  Analyzing evaluation results.
    dead port 1/2 on $mux $procmux$4397.
    dead port 2/2 on $mux $procmux$4397.
    dead port 4/12 on $pmux $procmux$3384.
    dead port 5/12 on $pmux $procmux$3384.
    dead port 6/12 on $pmux $procmux$3384.
    dead port 7/12 on $pmux $procmux$3384.
    dead port 8/12 on $pmux $procmux$3384.
    dead port 1/2 on $mux $procmux$4932.
    dead port 2/2 on $mux $procmux$4932.
    dead port 1/2 on $mux $procmux$4083.
    dead port 2/2 on $mux $procmux$4083.
    dead port 1/2 on $mux $procmux$4967.
    dead port 2/2 on $mux $procmux$4967.
    dead port 1/2 on $mux $procmux$4403.
    dead port 2/2 on $mux $procmux$4403.
    dead port 1/2 on $mux $procmux$4075.
    dead port 2/2 on $mux $procmux$4075.
    dead port 1/7 on $pmux $procmux$4954.
    dead port 2/7 on $pmux $procmux$4954.
    dead port 3/7 on $pmux $procmux$4954.
    dead port 4/7 on $pmux $procmux$4954.
    dead port 5/7 on $pmux $procmux$4954.
    dead port 6/7 on $pmux $procmux$4954.
    dead port 7/7 on $pmux $procmux$4954.
    dead port 4/12 on $pmux $procmux$3332.
    dead port 5/12 on $pmux $procmux$3332.
    dead port 6/12 on $pmux $procmux$3332.
    dead port 7/12 on $pmux $procmux$3332.
    dead port 8/12 on $pmux $procmux$3332.
    dead port 1/2 on $mux $procmux$4416.
    dead port 2/2 on $mux $procmux$4418.
    dead port 1/2 on $mux $procmux$4073.
    dead port 2/2 on $mux $procmux$4073.
    dead port 1/5 on $pmux $procmux$4070.
    dead port 2/5 on $pmux $procmux$4070.
    dead port 3/5 on $pmux $procmux$4070.
    dead port 4/5 on $pmux $procmux$4070.
    dead port 5/5 on $pmux $procmux$4070.
    dead port 1/2 on $mux $procmux$4947.
    dead port 2/2 on $mux $procmux$4947.
    dead port 1/4 on $pmux $procmux$4952.
    dead port 2/4 on $pmux $procmux$4952.
    dead port 3/4 on $pmux $procmux$4952.
    dead port 4/4 on $pmux $procmux$4952.
    dead port 1/2 on $mux $procmux$4068.
    dead port 2/2 on $mux $procmux$4068.
    dead port 1/2 on $mux $procmux$4066.
    dead port 2/2 on $mux $procmux$4066.
    dead port 1/4 on $pmux $procmux$4061.
    dead port 2/4 on $pmux $procmux$4061.
    dead port 3/4 on $pmux $procmux$4061.
    dead port 4/4 on $pmux $procmux$4061.
    dead port 2/2 on $mux $procmux$4988.
    dead port 2/2 on $mux $procmux$4454.
    dead port 2/2 on $mux $procmux$4448.
    dead port 4/12 on $pmux $procmux$3268.
    dead port 5/12 on $pmux $procmux$3268.
    dead port 6/12 on $pmux $procmux$3268.
    dead port 7/12 on $pmux $procmux$3268.
    dead port 8/12 on $pmux $procmux$3268.
    dead port 2/2 on $mux $procmux$4442.
    dead port 1/2 on $mux $procmux$4059.
    dead port 2/2 on $mux $procmux$4059.
    dead port 1/2 on $mux $procmux$3256.
    dead port 2/2 on $mux $procmux$3256.
    dead port 3/4 on $pmux $procmux$3249.
    dead port 1/2 on $mux $procmux$4057.
    dead port 2/2 on $mux $procmux$4057.
    dead port 2/2 on $mux $procmux$4995.
    dead port 1/2 on $mux $procmux$4047.
    dead port 2/2 on $mux $procmux$4047.
    dead port 1/2 on $mux $procmux$4045.
    dead port 2/2 on $mux $procmux$4045.
    dead port 1/3 on $pmux $procmux$4040.
    dead port 2/3 on $pmux $procmux$4040.
    dead port 3/3 on $pmux $procmux$4040.
    dead port 1/2 on $mux $procmux$4038.
    dead port 2/2 on $mux $procmux$4038.
    dead port 1/2 on $mux $procmux$3195.
    dead port 2/2 on $mux $procmux$3195.
    dead port 1/4 on $pmux $procmux$4973.
    dead port 2/4 on $pmux $procmux$4973.
    dead port 3/4 on $pmux $procmux$4973.
    dead port 4/4 on $pmux $procmux$4973.
    dead port 2/2 on $mux $procmux$4436.
    dead port 2/2 on $mux $procmux$4430.
    dead port 1/7 on $pmux $procmux$3185.
    dead port 2/7 on $pmux $procmux$3185.
    dead port 3/7 on $pmux $procmux$3185.
    dead port 4/7 on $pmux $procmux$3185.
    dead port 5/7 on $pmux $procmux$3185.
    dead port 2/2 on $mux $procmux$4424.
    dead port 1/2 on $mux $procmux$4036.
    dead port 2/2 on $mux $procmux$4036.
    dead port 1/2 on $mux $procmux$4034.
    dead port 2/2 on $mux $procmux$4034.
    dead port 1/3 on $pmux $procmux$4224.
    dead port 2/3 on $pmux $procmux$4224.
    dead port 3/3 on $pmux $procmux$4224.
    dead port 1/4 on $pmux $procmux$4022.
    dead port 2/4 on $pmux $procmux$4022.
    dead port 3/4 on $pmux $procmux$4022.
    dead port 4/4 on $pmux $procmux$4022.
    dead port 1/2 on $mux $procmux$4017.
    dead port 2/2 on $mux $procmux$4017.
    dead port 1/2 on $mux $procmux$4015.
    dead port 2/2 on $mux $procmux$4015.
    dead port 1/2 on $mux $procmux$4216.
    dead port 2/2 on $mux $procmux$4216.
    dead port 1/2 on $mux $procmux$4011.
    dead port 2/2 on $mux $procmux$4011.
    dead port 1/2 on $mux $procmux$4009.
    dead port 2/2 on $mux $procmux$4009.
    dead port 1/2 on $mux $procmux$4007.
    dead port 2/2 on $mux $procmux$4007.
    dead port 1/6 on $pmux $procmux$4212.
    dead port 2/6 on $pmux $procmux$4212.
    dead port 3/6 on $pmux $procmux$4212.
    dead port 4/6 on $pmux $procmux$4212.
    dead port 5/6 on $pmux $procmux$4212.
    dead port 6/6 on $pmux $procmux$4212.
    dead port 1/6 on $pmux $procmux$4004.
    dead port 2/6 on $pmux $procmux$4004.
    dead port 3/6 on $pmux $procmux$4004.
    dead port 4/6 on $pmux $procmux$4004.
    dead port 5/6 on $pmux $procmux$4004.
    dead port 6/6 on $pmux $procmux$4004.
    dead port 1/4 on $pmux $procmux$4002.
    dead port 2/4 on $pmux $procmux$4002.
    dead port 3/4 on $pmux $procmux$4002.
    dead port 4/4 on $pmux $procmux$4002.
    dead port 1/2 on $mux $procmux$4210.
    dead port 2/2 on $mux $procmux$4210.
    dead port 1/2 on $mux $procmux$4208.
    dead port 2/2 on $mux $procmux$4208.
    dead port 4/12 on $pmux $procmux$2980.
    dead port 5/12 on $pmux $procmux$2980.
    dead port 6/12 on $pmux $procmux$2980.
    dead port 7/12 on $pmux $procmux$2980.
    dead port 8/12 on $pmux $procmux$2980.
    dead port 1/2 on $mux $procmux$3999.
    dead port 2/2 on $mux $procmux$3999.
    dead port 1/2 on $mux $procmux$4206.
    dead port 2/2 on $mux $procmux$4206.
    dead port 1/2 on $mux $procmux$3996.
    dead port 2/2 on $mux $procmux$3996.
    dead port 1/2 on $mux $procmux$2956.
    dead port 2/2 on $mux $procmux$2956.
    dead port 1/4 on $pmux $procmux$4201.
    dead port 2/4 on $pmux $procmux$4201.
    dead port 3/4 on $pmux $procmux$4201.
    dead port 4/4 on $pmux $procmux$4201.
    dead port 1/7 on $pmux $procmux$2940.
    dead port 2/7 on $pmux $procmux$2940.
    dead port 3/7 on $pmux $procmux$2940.
    dead port 4/7 on $pmux $procmux$2940.
    dead port 5/7 on $pmux $procmux$2940.
    dead port 1/2 on $mux $procmux$3993.
    dead port 2/2 on $mux $procmux$3993.
    dead port 1/2 on $mux $procmux$3991.
    dead port 2/2 on $mux $procmux$3991.
    dead port 1/2 on $mux $procmux$3989.
    dead port 2/2 on $mux $procmux$3989.
    dead port 1/2 on $mux $procmux$3987.
    dead port 2/2 on $mux $procmux$3987.
    dead port 1/5 on $pmux $procmux$3985.
    dead port 2/5 on $pmux $procmux$3985.
    dead port 3/5 on $pmux $procmux$3985.
    dead port 4/5 on $pmux $procmux$3985.
    dead port 5/5 on $pmux $procmux$3985.
    dead port 4/12 on $pmux $procmux$2893.
    dead port 5/12 on $pmux $procmux$2893.
    dead port 6/12 on $pmux $procmux$2893.
    dead port 7/12 on $pmux $procmux$2893.
    dead port 8/12 on $pmux $procmux$2893.
    dead port 3/4 on $pmux $procmux$2880.
    dead port 4/12 on $pmux $procmux$2851.
    dead port 5/12 on $pmux $procmux$2851.
    dead port 6/12 on $pmux $procmux$2851.
    dead port 7/12 on $pmux $procmux$2851.
    dead port 8/12 on $pmux $procmux$2851.
    dead port 3/4 on $pmux $procmux$2837.
    dead port 1/2 on $mux $procmux$2772.
    dead port 2/2 on $mux $procmux$2772.
    dead port 1/2 on $mux $procmux$2739.
    dead port 2/2 on $mux $procmux$2739.
    dead port 1/2 on $mux $procmux$2719.
    dead port 2/2 on $mux $procmux$2719.
    dead port 2/2 on $mux $procmux$2713.
    dead port 1/2 on $mux $procmux$4198.
    dead port 2/2 on $mux $procmux$4198.
    dead port 2/2 on $mux $procmux$2700.
    dead port 1/2 on $mux $procmux$4195.
    dead port 2/2 on $mux $procmux$4195.
    dead port 1/4 on $pmux $procmux$4193.
    dead port 2/4 on $pmux $procmux$4193.
    dead port 3/4 on $pmux $procmux$4193.
    dead port 4/4 on $pmux $procmux$4193.
    dead port 1/3 on $pmux $procmux$3936.
    dead port 2/3 on $pmux $procmux$3936.
    dead port 3/3 on $pmux $procmux$3936.
    dead port 1/2 on $mux $procmux$4191.
    dead port 2/2 on $mux $procmux$4191.
    dead port 1/2 on $mux $procmux$4189.
    dead port 2/2 on $mux $procmux$4189.
    dead port 1/2 on $mux $procmux$4187.
    dead port 2/2 on $mux $procmux$4187.
    dead port 1/2 on $mux $procmux$3931.
    dead port 2/2 on $mux $procmux$3931.
    dead port 2/2 on $mux $procmux$2687.
    dead port 1/2 on $mux $procmux$3929.
    dead port 2/2 on $mux $procmux$3929.
    dead port 1/2 on $mux $procmux$3925.
    dead port 2/2 on $mux $procmux$3925.
    dead port 1/2 on $mux $procmux$3923.
    dead port 2/2 on $mux $procmux$3923.
    dead port 1/2 on $mux $procmux$3921.
    dead port 2/2 on $mux $procmux$3921.
    dead port 1/6 on $pmux $procmux$3918.
    dead port 2/6 on $pmux $procmux$3918.
    dead port 3/6 on $pmux $procmux$3918.
    dead port 4/6 on $pmux $procmux$3918.
    dead port 5/6 on $pmux $procmux$3918.
    dead port 6/6 on $pmux $procmux$3918.
    dead port 1/2 on $mux $procmux$2674.
    dead port 2/2 on $mux $procmux$2674.
    dead port 1/4 on $pmux $procmux$3916.
    dead port 2/4 on $pmux $procmux$3916.
    dead port 3/4 on $pmux $procmux$3916.
    dead port 4/4 on $pmux $procmux$3916.
    dead port 1/2 on $mux $procmux$3913.
    dead port 2/2 on $mux $procmux$3913.
    dead port 1/3 on $pmux $procmux$3910.
    dead port 2/3 on $pmux $procmux$3910.
    dead port 3/3 on $pmux $procmux$3910.
    dead port 1/2 on $mux $procmux$4174.
    dead port 2/2 on $mux $procmux$4174.
    dead port 1/2 on $mux $procmux$3908.
    dead port 2/2 on $mux $procmux$3908.
    dead port 1/9 on $pmux $procmux$2664.
    dead port 2/9 on $pmux $procmux$2664.
    dead port 3/9 on $pmux $procmux$2664.
    dead port 4/9 on $pmux $procmux$2664.
    dead port 5/9 on $pmux $procmux$2664.
    dead port 6/9 on $pmux $procmux$2664.
    dead port 7/9 on $pmux $procmux$2664.
    dead port 8/9 on $pmux $procmux$2664.
    dead port 9/9 on $pmux $procmux$2664.
    dead port 1/2 on $mux $procmux$3906.
    dead port 2/2 on $mux $procmux$3906.
    dead port 1/2 on $mux $procmux$3904.
    dead port 2/2 on $mux $procmux$3904.
    dead port 1/2 on $mux $procmux$3902.
    dead port 2/2 on $mux $procmux$3902.
    dead port 1/3 on $pmux $procmux$2655.
    dead port 2/2 on $mux $procmux$2602.
    dead port 2/2 on $mux $procmux$2599.
    dead port 1/2 on $mux $procmux$3895.
    dead port 2/2 on $mux $procmux$3895.
    dead port 2/2 on $mux $procmux$2594.
    dead port 1/2 on $mux $procmux$3892.
    dead port 2/2 on $mux $procmux$3892.
    dead port 1/2 on $mux $procmux$3889.
    dead port 2/2 on $mux $procmux$3889.
    dead port 1/2 on $mux $procmux$3886.
    dead port 2/2 on $mux $procmux$3886.
    dead port 2/2 on $mux $procmux$2512.
    dead port 2/2 on $mux $procmux$2509.
    dead port 1/2 on $mux $procmux$3883.
    dead port 2/2 on $mux $procmux$3883.
    dead port 2/2 on $mux $procmux$2507.
    dead port 1/2 on $mux $procmux$3880.
    dead port 2/2 on $mux $procmux$3880.
    dead port 1/2 on $mux $procmux$3877.
    dead port 2/2 on $mux $procmux$3877.
    dead port 1/2 on $mux $procmux$3874.
    dead port 2/2 on $mux $procmux$3874.
    dead port 1/2 on $mux $procmux$4640.
    dead port 2/2 on $mux $procmux$4640.
    dead port 2/2 on $mux $procmux$2446.
    dead port 2/2 on $mux $procmux$2443.
    dead port 2/2 on $mux $procmux$2441.
    dead port 2/2 on $mux $procmux$2433.
    dead port 2/2 on $mux $procmux$2430.
    dead port 2/2 on $mux $procmux$2421.
    dead port 2/2 on $mux $procmux$2418.
    dead port 2/2 on $mux $procmux$2394.
    dead port 2/2 on $mux $procmux$2391.
    dead port 2/2 on $mux $procmux$2384.
    dead port 2/2 on $mux $procmux$2372.
    dead port 2/2 on $mux $procmux$2369.
    dead port 2/2 on $mux $procmux$2348.
    dead port 2/2 on $mux $procmux$2342.
    dead port 2/2 on $mux $procmux$2340.
    dead port 2/2 on $mux $procmux$2333.
    dead port 2/2 on $mux $procmux$2327.
    dead port 2/2 on $mux $procmux$2325.
    dead port 2/2 on $mux $procmux$2315.
    dead port 1/8 on $pmux $procmux$3857.
    dead port 2/8 on $pmux $procmux$3857.
    dead port 2/2 on $mux $procmux$3842.
    dead port 1/5 on $pmux $procmux$4767.
    dead port 2/5 on $pmux $procmux$4767.
    dead port 3/5 on $pmux $procmux$4767.
    dead port 4/5 on $pmux $procmux$4767.
    dead port 5/5 on $pmux $procmux$4767.
    dead port 1/2 on $mux $procmux$4769.
    dead port 2/2 on $mux $procmux$4769.
    dead port 1/5 on $pmux $procmux$3837.
    dead port 2/5 on $pmux $procmux$3837.
    dead port 2/2 on $mux $procmux$3833.
    dead port 1/3 on $pmux $procmux$4813.
    dead port 2/3 on $pmux $procmux$4813.
    dead port 3/3 on $pmux $procmux$4813.
    dead port 1/2 on $mux $procmux$4171.
    dead port 2/2 on $mux $procmux$4171.
    dead port 1/5 on $pmux $procmux$3828.
    dead port 2/5 on $pmux $procmux$3828.
    dead port 1/2 on $mux $procmux$4809.
    dead port 2/2 on $mux $procmux$4809.
    dead port 1/4 on $pmux $procmux$4811.
    dead port 2/4 on $pmux $procmux$4811.
    dead port 3/4 on $pmux $procmux$4811.
    dead port 4/4 on $pmux $procmux$4811.
    dead port 1/2 on $mux $procmux$4901.
    dead port 2/2 on $mux $procmux$4901.
    dead port 1/2 on $mux $ternary$ip/picorv32/picorv32a.v:1535$1577.
    dead port 2/2 on $mux $ternary$ip/picorv32/picorv32a.v:1535$1577.
    dead port 1/2 on $mux $ternary$ip/picorv32/picorv32a.v:1536$1576.
    dead port 2/2 on $mux $ternary$ip/picorv32/picorv32a.v:1536$1576.
    dead port 1/2 on $mux $procmux$4771.
    dead port 2/2 on $mux $procmux$4771.
    dead port 1/2 on $mux $procmux$3805.
    dead port 2/2 on $mux $procmux$3805.
    dead port 1/2 on $mux $procmux$4957.
    dead port 2/2 on $mux $procmux$4957.
    dead port 1/2 on $mux $procmux$4959.
    dead port 2/2 on $mux $procmux$4959.
    dead port 1/2 on $mux $procmux$4961.
    dead port 2/2 on $mux $procmux$4961.
    dead port 1/2 on $mux $procmux$4963.
    dead port 2/2 on $mux $procmux$4963.
    dead port 1/2 on $mux $procmux$4817.
    dead port 2/2 on $mux $procmux$4817.
    dead port 1/2 on $mux $procmux$4773.
    dead port 2/2 on $mux $procmux$4773.
    dead port 1/2 on $mux $procmux$4775.
    dead port 2/2 on $mux $procmux$4775.
    dead port 1/2 on $mux $procmux$4169.
    dead port 2/2 on $mux $procmux$4169.
    dead port 1/2 on $mux $procmux$4167.
    dead port 2/2 on $mux $procmux$4167.
    dead port 1/4 on $pmux $procmux$4162.
    dead port 2/4 on $pmux $procmux$4162.
    dead port 3/4 on $pmux $procmux$4162.
    dead port 4/4 on $pmux $procmux$4162.
    dead port 1/2 on $mux $procmux$3729.
    dead port 2/2 on $mux $procmux$3729.
    dead port 1/3 on $pmux $procmux$4091.
    dead port 2/3 on $pmux $procmux$4091.
    dead port 3/3 on $pmux $procmux$4091.
    dead port 1/2 on $mux $procmux$4943.
    dead port 2/2 on $mux $procmux$4943.
    dead port 1/2 on $mux $procmux$4159.
    dead port 2/2 on $mux $procmux$4159.
    dead port 1/2 on $mux $procmux$4941.
    dead port 2/2 on $mux $procmux$4941.
    dead port 1/4 on $pmux $procmux$4780.
    dead port 2/4 on $pmux $procmux$4780.
    dead port 3/4 on $pmux $procmux$4780.
    dead port 4/4 on $pmux $procmux$4780.
    dead port 1/2 on $mux $procmux$4825.
    dead port 2/2 on $mux $procmux$4825.
    dead port 1/2 on $mux $procmux$4827.
    dead port 2/2 on $mux $procmux$4827.
    dead port 1/3 on $pmux $procmux$4829.
    dead port 2/3 on $pmux $procmux$4829.
    dead port 3/3 on $pmux $procmux$4829.
    dead port 1/9 on $pmux $procmux$3702.
    dead port 2/9 on $pmux $procmux$3702.
    dead port 3/9 on $pmux $procmux$3702.
    dead port 4/9 on $pmux $procmux$3702.
    dead port 5/9 on $pmux $procmux$3702.
    dead port 1/4 on $pmux $procmux$4832.
    dead port 2/4 on $pmux $procmux$4832.
    dead port 3/4 on $pmux $procmux$4832.
    dead port 4/4 on $pmux $procmux$4832.
    dead port 1/2 on $mux $procmux$4836.
    dead port 2/2 on $mux $procmux$4836.
    dead port 1/5 on $pmux $procmux$4838.
    dead port 2/5 on $pmux $procmux$4838.
    dead port 3/5 on $pmux $procmux$4838.
    dead port 4/5 on $pmux $procmux$4838.
    dead port 5/5 on $pmux $procmux$4838.
    dead port 1/2 on $mux $procmux$4841.
    dead port 2/2 on $mux $procmux$4841.
    dead port 1/2 on $mux $procmux$4156.
    dead port 2/2 on $mux $procmux$4156.
    dead port 1/7 on $pmux $procmux$4782.
    dead port 2/7 on $pmux $procmux$4782.
    dead port 3/7 on $pmux $procmux$4782.
    dead port 4/7 on $pmux $procmux$4782.
    dead port 5/7 on $pmux $procmux$4782.
    dead port 6/7 on $pmux $procmux$4782.
    dead port 7/7 on $pmux $procmux$4782.
    dead port 1/2 on $mux $procmux$4154.
    dead port 2/2 on $mux $procmux$4154.
    dead port 1/2 on $mux $procmux$4785.
    dead port 2/2 on $mux $procmux$4785.
    dead port 1/2 on $mux $procmux$4787.
    dead port 2/2 on $mux $procmux$4787.
    dead port 1/2 on $mux $procmux$4789.
    dead port 2/2 on $mux $procmux$4789.
    dead port 1/4 on $pmux $procmux$4152.
    dead port 2/4 on $pmux $procmux$4152.
    dead port 3/4 on $pmux $procmux$4152.
    dead port 4/4 on $pmux $procmux$4152.
    dead port 1/4 on $pmux $procmux$4800.
    dead port 2/4 on $pmux $procmux$4800.
    dead port 3/4 on $pmux $procmux$4800.
    dead port 4/4 on $pmux $procmux$4800.
    dead port 1/2 on $mux $procmux$4945.
    dead port 2/2 on $mux $procmux$4945.
    dead port 4/12 on $pmux $procmux$3649.
    dead port 5/12 on $pmux $procmux$3649.
    dead port 6/12 on $pmux $procmux$3649.
    dead port 7/12 on $pmux $procmux$3649.
    dead port 8/12 on $pmux $procmux$3649.
    dead port 1/2 on $mux $procmux$4791.
    dead port 2/2 on $mux $procmux$4791.
    dead port 1/2 on $mux $procmux$4369.
    dead port 2/2 on $mux $procmux$4369.
    dead port 1/2 on $mux $procmux$4365.
    dead port 2/2 on $mux $procmux$4365.
    dead port 1/2 on $mux $procmux$4367.
    dead port 2/2 on $mux $procmux$4367.
    dead port 1/2 on $mux $procmux$4899.
    dead port 2/2 on $mux $procmux$4899.
    dead port 1/2 on $mux $procmux$4897.
    dead port 2/2 on $mux $procmux$4897.
    dead port 1/2 on $mux $procmux$4895.
    dead port 2/2 on $mux $procmux$4895.
    dead port 1/2 on $mux $procmux$4128.
    dead port 2/2 on $mux $procmux$4128.
    dead port 1/2 on $mux $procmux$4905.
    dead port 2/2 on $mux $procmux$4905.
    dead port 1/3 on $pmux $procmux$4848.
    dead port 2/3 on $pmux $procmux$4848.
    dead port 3/3 on $pmux $procmux$4848.
    dead port 1/2 on $mux $procmux$4903.
    dead port 2/2 on $mux $procmux$4903.
    dead port 1/3 on $pmux $procmux$4125.
    dead port 2/3 on $pmux $procmux$4125.
    dead port 3/3 on $pmux $procmux$4125.
    dead port 1/2 on $mux $procmux$4861.
    dead port 2/2 on $mux $procmux$4861.
    dead port 1/2 on $mux $procmux$4909.
    dead port 2/2 on $mux $procmux$4909.
    dead port 1/2 on $mux $procmux$4863.
    dead port 2/2 on $mux $procmux$4863.
    dead port 1/2 on $mux $procmux$4123.
    dead port 2/2 on $mux $procmux$4123.
    dead port 1/2 on $mux $procmux$4865.
    dead port 2/2 on $mux $procmux$4865.
    dead port 1/4 on $pmux $procmux$4915.
    dead port 2/4 on $pmux $procmux$4915.
    dead port 3/4 on $pmux $procmux$4915.
    dead port 4/4 on $pmux $procmux$4915.
    dead port 1/2 on $mux $procmux$3490.
    dead port 2/2 on $mux $procmux$3490.
    dead port 1/2 on $mux $procmux$4094.
    dead port 2/2 on $mux $procmux$4094.
    dead port 1/2 on $mux $procmux$4121.
    dead port 2/2 on $mux $procmux$4121.
    dead port 1/2 on $mux $procmux$4371.
    dead port 2/2 on $mux $procmux$4371.
    dead port 1/5 on $pmux $procmux$4939.
    dead port 2/5 on $pmux $procmux$4939.
    dead port 3/5 on $pmux $procmux$4939.
    dead port 4/5 on $pmux $procmux$4939.
    dead port 5/5 on $pmux $procmux$4939.
    dead port 1/2 on $mux $procmux$4659.
    dead port 2/2 on $mux $procmux$4659.
    dead port 1/2 on $mux $procmux$4399.
    dead port 2/2 on $mux $procmux$4399.
    dead port 1/2 on $mux $procmux$4383.
    dead port 2/2 on $mux $procmux$4383.
    dead port 1/2 on $mux $ternary$ip/picorv32/picorv32a.v:491$1141.
    dead port 2/2 on $mux $ternary$ip/picorv32/picorv32a.v:491$1141.
    dead port 1/3 on $pmux $procmux$4380.
    dead port 2/3 on $pmux $procmux$4380.
    dead port 3/3 on $pmux $procmux$4380.
    dead port 1/4 on $pmux $procmux$4926.
    dead port 2/4 on $pmux $procmux$4926.
    dead port 3/4 on $pmux $procmux$4926.
    dead port 4/4 on $pmux $procmux$4926.
    dead port 4/12 on $pmux $procmux$3466.
    dead port 5/12 on $pmux $procmux$3466.
    dead port 6/12 on $pmux $procmux$3466.
    dead port 7/12 on $pmux $procmux$3466.
    dead port 8/12 on $pmux $procmux$3466.
    dead port 1/2 on $mux $procmux$4108.
    dead port 2/2 on $mux $procmux$4108.
    dead port 1/2 on $mux $procmux$4924.
    dead port 2/2 on $mux $procmux$4924.
    dead port 1/5 on $pmux $procmux$4873.
    dead port 2/5 on $pmux $procmux$4873.
    dead port 3/5 on $pmux $procmux$4873.
    dead port 4/5 on $pmux $procmux$4873.
    dead port 5/5 on $pmux $procmux$4873.
    dead port 1/2 on $mux $procmux$4875.
    dead port 2/2 on $mux $procmux$4875.
    dead port 1/2 on $mux $procmux$4877.
    dead port 2/2 on $mux $procmux$4877.
    dead port 1/2 on $mux $procmux$4879.
    dead port 2/2 on $mux $procmux$4879.
    dead port 1/2 on $mux $ternary$ip/picorv32/picorv32a.v:381$1100.
    dead port 2/2 on $mux $ternary$ip/picorv32/picorv32a.v:381$1100.
    dead port 1/2 on $mux $procmux$4881.
    dead port 2/2 on $mux $procmux$4881.
    dead port 1/2 on $mux $procmux$4401.
    dead port 2/2 on $mux $procmux$4401.
    dead port 1/3 on $pmux $procmux$4106.
    dead port 2/3 on $pmux $procmux$4106.
    dead port 3/3 on $pmux $procmux$4106.
    dead port 1/3 on $pmux $procmux$4928.
    dead port 2/3 on $pmux $procmux$4928.
    dead port 3/3 on $pmux $procmux$4928.
    dead port 1/2 on $mux $procmux$4104.
    dead port 2/2 on $mux $procmux$4104.
    dead port 3/4 on $pmux $procmux$3450.
    dead port 1/2 on $mux $ternary$ip/picorv32/picorv32a.v:363$1064.
    dead port 2/2 on $mux $ternary$ip/picorv32/picorv32a.v:363$1064.
    dead port 1/4 on $pmux $procmux$4886.
    dead port 2/4 on $pmux $procmux$4886.
    dead port 3/4 on $pmux $procmux$4886.
    dead port 4/4 on $pmux $procmux$4886.
    dead port 1/7 on $pmux $procmux$4888.
    dead port 2/7 on $pmux $procmux$4888.
    dead port 3/7 on $pmux $procmux$4888.
    dead port 4/7 on $pmux $procmux$4888.
    dead port 5/7 on $pmux $procmux$4888.
    dead port 6/7 on $pmux $procmux$4888.
    dead port 7/7 on $pmux $procmux$4888.
    dead port 1/2 on $mux $procmux$4891.
    dead port 2/2 on $mux $procmux$4891.
    dead port 1/2 on $mux $procmux$4893.
    dead port 2/2 on $mux $procmux$4893.
Running muxtree optimizer on module \soc_top..
  Creating internal representation of mux trees.
  No muxes found in this module.
Running muxtree optimizer on module \axi_interconnect..
  Creating internal representation of mux trees.
  Evaluating internal representation of mux trees.
  Analyzing evaluation results.
Running muxtree optimizer on module $paramod\picorv32_axi\PROGADDR_RESET=32'00000000000000000000000000000000..
  Creating internal representation of mux trees.
  No muxes found in this module.
Running muxtree optimizer on module $paramod$e42465b9e259ab0b6bc45fe1c5feb129e75f41e8\axi_uart..
  Creating internal representation of mux trees.
  Evaluating internal representation of mux trees.
  Analyzing evaluation results.
Running muxtree optimizer on module $paramod$e42465b9e259ab0b6bc45fe1c5feb129e75f41e8\uart_tx..
  Creating internal representation of mux trees.
  Evaluating internal representation of mux trees.
      Replacing known input bits on port A of cell $procmux$5193: \tx_busy -> 1'0
      Replacing known input bits on port A of cell $procmux$5191: \tx_busy -> 1'1
      Replacing known input bits on port A of cell $procmux$5189: \tx_busy -> 1'1
  Analyzing evaluation results.
Removed 623 multiplexer ports.
<suppressed ~246 debug messages>

10.4. Executing OPT_REDUCE pass (consolidate $*mux and $reduce_* inputs).
  Optimizing cells in module \axi_ram.
    Consolidated identical input bits for $mux cell $procmux$1924:
      Old ports: A=0, B=255, Y=$procmux$1924_Y
      New ports: A=1'0, B=1'1, Y=$procmux$1924_Y [0]
      New connections: $procmux$1924_Y [31:1] = { 24'000000000000000000000000 $procmux$1924_Y [0] $procmux$1924_Y [0] $procmux$1924_Y [0] $procmux$1924_Y [0] $procmux$1924_Y [0] $procmux$1924_Y [0] $procmux$1924_Y [0] }
    Consolidated identical input bits for $mux cell $procmux$1897:
      Old ports: A=0, B=65280, Y=$procmux$1897_Y
      New ports: A=1'0, B=1'1, Y=$procmux$1897_Y [8]
      New connections: { $procmux$1897_Y [31:9] $procmux$1897_Y [7:0] } = { 16'0000000000000000 $procmux$1897_Y [8] $procmux$1897_Y [8] $procmux$1897_Y [8] $procmux$1897_Y [8] $procmux$1897_Y [8] $procmux$1897_Y [8] $procmux$1897_Y [8] 8'00000000 }
    Consolidated identical input bits for $mux cell $procmux$1870:
      Old ports: A=0, B=16711680, Y=$procmux$1870_Y
      New ports: A=1'0, B=1'1, Y=$procmux$1870_Y [16]
      New connections: { $procmux$1870_Y [31:17] $procmux$1870_Y [15:0] } = { 8'00000000 $procmux$1870_Y [16] $procmux$1870_Y [16] $procmux$1870_Y [16] $procmux$1870_Y [16] $procmux$1870_Y [16] $procmux$1870_Y [16] $procmux$1870_Y [16] 16'0000000000000000 }
    Consolidated identical input bits for $mux cell $procmux$1843:
      Old ports: A=0, B=32'11111111000000000000000000000000, Y=$procmux$1843_Y
      New ports: A=1'0, B=1'1, Y=$procmux$1843_Y [24]
      New connections: { $procmux$1843_Y [31:25] $procmux$1843_Y [23:0] } = { $procmux$1843_Y [24] $procmux$1843_Y [24] $procmux$1843_Y [24] $procmux$1843_Y [24] $procmux$1843_Y [24] $procmux$1843_Y [24] $procmux$1843_Y [24] 24'000000000000000000000000 }
  Optimizing cells in module \axi_ram.
    Consolidated identical input bits for $mux cell $procmux$2004:
      Old ports: A=0, B=$3$memwr$\mem$rtl/axi_ram.v:97$854_EN[31:0]$910, Y=$procmux$2004_Y
      New ports: A=1'0, B=$procmux$1924_Y [0], Y=$procmux$2004_Y [0]
      New connections: $procmux$2004_Y [31:1] = { 24'000000000000000000000000 $procmux$2004_Y [0] $procmux$2004_Y [0] $procmux$2004_Y [0] $procmux$2004_Y [0] $procmux$2004_Y [0] $procmux$2004_Y [0] $procmux$2004_Y [0] }
    Consolidated identical input bits for $mux cell $procmux$1986:
      Old ports: A=0, B=$3$memwr$\mem$rtl/axi_ram.v:100$855_EN[31:0]$913, Y=$procmux$1986_Y
      New ports: A=1'0, B=$procmux$1897_Y [8], Y=$procmux$1986_Y [8]
      New connections: { $procmux$1986_Y [31:9] $procmux$1986_Y [7:0] } = { 16'0000000000000000 $procmux$1986_Y [8] $procmux$1986_Y [8] $procmux$1986_Y [8] $procmux$1986_Y [8] $procmux$1986_Y [8] $procmux$1986_Y [8] $procmux$1986_Y [8] 8'00000000 }
    Consolidated identical input bits for $mux cell $procmux$1968:
      Old ports: A=0, B=$3$memwr$\mem$rtl/axi_ram.v:102$856_EN[31:0]$916, Y=$procmux$1968_Y
      New ports: A=1'0, B=$procmux$1870_Y [16], Y=$procmux$1968_Y [16]
      New connections: { $procmux$1968_Y [31:17] $procmux$1968_Y [15:0] } = { 8'00000000 $procmux$1968_Y [16] $procmux$1968_Y [16] $procmux$1968_Y [16] $procmux$1968_Y [16] $procmux$1968_Y [16] $procmux$1968_Y [16] $procmux$1968_Y [16] 16'0000000000000000 }
    Consolidated identical input bits for $mux cell $procmux$1950:
      Old ports: A=0, B=$3$memwr$\mem$rtl/axi_ram.v:104$857_EN[31:0]$919, Y=$procmux$1950_Y
      New ports: A=1'0, B=$procmux$1843_Y [24], Y=$procmux$1950_Y [24]
      New connections: { $procmux$1950_Y [31:25] $procmux$1950_Y [23:0] } = { $procmux$1950_Y [24] $procmux$1950_Y [24] $procmux$1950_Y [24] $procmux$1950_Y [24] $procmux$1950_Y [24] $procmux$1950_Y [24] $procmux$1950_Y [24] 24'000000000000000000000000 }
  Optimizing cells in module \axi_ram.
    Consolidated identical input bits for $mux cell $procmux$2049:
      Old ports: A=0, B=$2$memwr$\mem$rtl/axi_ram.v:97$854_EN[31:0]$898, Y=$procmux$2049_Y
      New ports: A=1'0, B=$procmux$2004_Y [0], Y=$procmux$2049_Y [0]
      New connections: $procmux$2049_Y [31:1] = { 24'000000000000000000000000 $procmux$2049_Y [0] $procmux$2049_Y [0] $procmux$2049_Y [0] $procmux$2049_Y [0] $procmux$2049_Y [0] $procmux$2049_Y [0] $procmux$2049_Y [0] }
    Consolidated identical input bits for $mux cell $procmux$2040:
      Old ports: A=0, B=$2$memwr$\mem$rtl/axi_ram.v:100$855_EN[31:0]$901, Y=$procmux$2040_Y
      New ports: A=1'0, B=$procmux$1986_Y [8], Y=$procmux$2040_Y [8]
      New connections: { $procmux$2040_Y [31:9] $procmux$2040_Y [7:0] } = { 16'0000000000000000 $procmux$2040_Y [8] $procmux$2040_Y [8] $procmux$2040_Y [8] $procmux$2040_Y [8] $procmux$2040_Y [8] $procmux$2040_Y [8] $procmux$2040_Y [8] 8'00000000 }
    Consolidated identical input bits for $mux cell $procmux$2031:
      Old ports: A=0, B=$2$memwr$\mem$rtl/axi_ram.v:102$856_EN[31:0]$904, Y=$procmux$2031_Y
      New ports: A=1'0, B=$procmux$1968_Y [16], Y=$procmux$2031_Y [16]
      New connections: { $procmux$2031_Y [31:17] $procmux$2031_Y [15:0] } = { 8'00000000 $procmux$2031_Y [16] $procmux$2031_Y [16] $procmux$2031_Y [16] $procmux$2031_Y [16] $procmux$2031_Y [16] $procmux$2031_Y [16] $procmux$2031_Y [16] 16'0000000000000000 }
    Consolidated identical input bits for $mux cell $procmux$2022:
      Old ports: A=0, B=$2$memwr$\mem$rtl/axi_ram.v:104$857_EN[31:0]$907, Y=$procmux$2022_Y
      New ports: A=1'0, B=$procmux$1950_Y [24], Y=$procmux$2022_Y [24]
      New connections: { $procmux$2022_Y [31:25] $procmux$2022_Y [23:0] } = { $procmux$2022_Y [24] $procmux$2022_Y [24] $procmux$2022_Y [24] $procmux$2022_Y [24] $procmux$2022_Y [24] $procmux$2022_Y [24] $procmux$2022_Y [24] 24'000000000000000000000000 }
  Optimizing cells in module \axi_ram.
  Optimizing cells in module $paramod$e42465b9e259ab0b6bc45fe1c5feb129e75f41e8\uart_rx.
  Optimizing cells in module \picorv32_axi_adapter.
  Optimizing cells in module $paramod$6ce030db3796b28030d2721a573c1331c27d5357\picorv32.
    New ctrl vector for $pmux cell $procmux$2920: { $procmux$3788_CMP $procmux$3445_CMP $procmux$3697_CMP $procmux$3673_CMP }
    New ctrl vector for $pmux cell $procmux$2893: $auto$opt_reduce.cc:134:opt_pmux$5431
    New ctrl vector for $pmux cell $procmux$2874: $procmux$3788_CMP
    New ctrl vector for $pmux cell $procmux$2851: $auto$opt_reduce.cc:134:opt_pmux$5433
    New ctrl vector for $pmux cell $procmux$2703: { $procmux$3445_CMP $auto$opt_reduce.cc:134:opt_pmux$5435 }
    New ctrl vector for $pmux cell $procmux$3268: { $logic_not$ip/picorv32/picorv32a.v:678$1186_Y $reduce_or$ip/picorv32/picorv32a.v:687$1188_Y $logic_and$ip/picorv32/picorv32a.v:1691$1610_Y \is_slli_srli_srai $auto$opt_reduce.cc:134:opt_pmux$5437 }
    New ctrl vector for $pmux cell $procmux$2690: { $auto$opt_reduce.cc:134:opt_pmux$5439 $procmux$3673_CMP }
    New ctrl vector for $pmux cell $procmux$3384: $auto$opt_reduce.cc:134:opt_pmux$5441
    New ctrl vector for $pmux cell $procmux$2677: { $procmux$3680_CMP $auto$opt_reduce.cc:134:opt_pmux$5443 }
    New ctrl vector for $pmux cell $procmux$3332: $auto$opt_reduce.cc:134:opt_pmux$5445
    New ctrl vector for $pmux cell $procmux$3162: { $procmux$3792_CMP $procmux$3788_CMP $procmux$3445_CMP $auto$opt_reduce.cc:134:opt_pmux$5447 }
    New ctrl vector for $pmux cell $procmux$3828: $auto$opt_reduce.cc:134:opt_pmux$5449
    Consolidated identical input bits for $mux cell $procmux$3818:
      Old ports: A=0, B=32'11111111111111111111111111111111, Y=$procmux$3818_Y
      New ports: A=1'0, B=1'1, Y=$procmux$3818_Y [0]
      New connections: $procmux$3818_Y [31:1] = { $procmux$3818_Y [0] $procmux$3818_Y [0] $procmux$3818_Y [0] $procmux$3818_Y [0] $procmux$3818_Y [0] $procmux$3818_Y [0] $procmux$3818_Y [0] $procmux$3818_Y [0] $procmux$3818_Y [0] $procmux$3818_Y [0] $procmux$3818_Y [0] $procmux$3818_Y [0] $procmux$3818_Y [0] $procmux$3818_Y [0] $procmux$3818_Y [0] $procmux$3818_Y [0] $procmux$3818_Y [0] $procmux$3818_Y [0] $procmux$3818_Y [0] $procmux$3818_Y [0] $procmux$3818_Y [0] $procmux$3818_Y [0] $procmux$3818_Y [0] $procmux$3818_Y [0] $procmux$3818_Y [0] $procmux$3818_Y [0] $procmux$3818_Y [0] $procmux$3818_Y [0] $procmux$3818_Y [0] $procmux$3818_Y [0] $procmux$3818_Y [0] }
    New ctrl vector for $pmux cell $procmux$3119: { $procmux$3792_CMP $procmux$3445_CMP }
    New ctrl vector for $pmux cell $procmux$3702: { $auto$opt_reduce.cc:134:opt_pmux$5451 \is_lui_auipc_jal }
    New ctrl vector for $pmux cell $procmux$3417: $auto$opt_reduce.cc:134:opt_pmux$5453
    New ctrl vector for $pmux cell $procmux$3649: { $auto$opt_reduce.cc:134:opt_pmux$5457 $auto$opt_reduce.cc:134:opt_pmux$5455 }
    New ctrl vector for $pmux cell $procmux$3022: { $procmux$3792_CMP $procmux$3445_CMP }
    New ctrl vector for $pmux cell $procmux$2980: { \is_slli_srli_srai $auto$opt_reduce.cc:134:opt_pmux$5459 }
    New ctrl vector for $pmux cell $procmux$3466: { $logic_and$ip/picorv32/picorv32a.v:1691$1610_Y $auto$opt_reduce.cc:134:opt_pmux$5463 $auto$opt_reduce.cc:134:opt_pmux$5461 }
    New ctrl vector for $pmux cell $procmux$3365: $auto$opt_reduce.cc:134:opt_pmux$5465
    New ctrl vector for $pmux cell $procmux$3440: { $procmux$3792_CMP $procmux$3788_CMP $procmux$3813_CMP $procmux$3697_CMP }
    New input vector for $reduce_or cell $auto$opt_reduce.cc:128:opt_pmux$5456: { $logic_and$ip/picorv32/picorv32a.v:1691$1610_Y $logic_not$ip/picorv32/picorv32a.v:678$1186_Y \is_slli_srli_srai \instr_rdinstrh \instr_rdinstr \instr_rdcycleh \instr_rdcycle }
    New input vector for $reduce_or cell $auto$opt_reduce.cc:128:opt_pmux$5440: { $logic_and$ip/picorv32/picorv32a.v:1691$1610_Y $logic_not$ip/picorv32/picorv32a.v:678$1186_Y \is_jalr_addi_slti_sltiu_xori_ori_andi \is_slli_srli_srai \is_lui_auipc_jal \instr_rdinstrh \instr_rdinstr \instr_rdcycleh \instr_rdcycle }
    New input vector for $reduce_or cell $auto$opt_reduce.cc:128:opt_pmux$5444: { $logic_and$ip/picorv32/picorv32a.v:1691$1610_Y $logic_not$ip/picorv32/picorv32a.v:678$1186_Y \is_jalr_addi_slti_sltiu_xori_ori_andi \is_slli_srli_srai \is_lui_auipc_jal \instr_rdinstrh \instr_rdinstr \instr_rdcycleh \instr_rdcycle }
    New input vector for $reduce_or cell $auto$opt_reduce.cc:128:opt_pmux$5432: { $logic_and$ip/picorv32/picorv32a.v:1691$1610_Y $logic_not$ip/picorv32/picorv32a.v:678$1186_Y \is_jalr_addi_slti_sltiu_xori_ori_andi \is_slli_srli_srai \is_lui_auipc_jal \instr_rdinstrh \instr_rdinstr \instr_rdcycleh \instr_rdcycle }
    New input vector for $reduce_or cell $auto$opt_reduce.cc:128:opt_pmux$5430: { $logic_and$ip/picorv32/picorv32a.v:1691$1610_Y $logic_not$ip/picorv32/picorv32a.v:678$1186_Y \is_jalr_addi_slti_sltiu_xori_ori_andi \is_slli_srli_srai \is_lui_auipc_jal \instr_rdinstrh \instr_rdinstr \instr_rdcycleh \instr_rdcycle }
    New input vector for $reduce_or cell $auto$opt_reduce.cc:128:opt_pmux$5450: { $logic_not$ip/picorv32/picorv32a.v:678$1186_Y \instr_rdinstrh \instr_rdinstr \instr_rdcycleh \instr_rdcycle }
    New input vector for $reduce_or cell $auto$opt_reduce.cc:128:opt_pmux$5452: { $logic_not$ip/picorv32/picorv32a.v:678$1186_Y \is_lui_auipc_jal \instr_rdinstrh \instr_rdinstr \instr_rdcycleh \instr_rdcycle }
    New input vector for $reduce_or cell $auto$opt_reduce.cc:128:opt_pmux$5458: { $logic_and$ip/picorv32/picorv32a.v:1691$1610_Y $logic_not$ip/picorv32/picorv32a.v:678$1186_Y \is_jalr_addi_slti_sltiu_xori_ori_andi \is_lui_auipc_jal \instr_rdinstrh \instr_rdinstr \instr_rdcycleh \instr_rdcycle }
    New input vector for $reduce_or cell $auto$opt_reduce.cc:128:opt_pmux$5462: { $logic_not$ip/picorv32/picorv32a.v:678$1186_Y \is_slli_srli_srai \instr_rdinstrh \instr_rdinstr \instr_rdcycleh \instr_rdcycle }
    New input vector for $reduce_or cell $auto$opt_reduce.cc:128:opt_pmux$5464: { $logic_not$ip/picorv32/picorv32a.v:678$1186_Y \is_lui_auipc_jal \instr_rdinstrh \instr_rdinstr \instr_rdcycleh \instr_rdcycle }
  Optimizing cells in module $paramod$6ce030db3796b28030d2721a573c1331c27d5357\picorv32.
  Optimizing cells in module \soc_top.
  Optimizing cells in module \axi_interconnect.
  Optimizing cells in module $paramod\picorv32_axi\PROGADDR_RESET=32'00000000000000000000000000000000.
  Optimizing cells in module $paramod$e42465b9e259ab0b6bc45fe1c5feb129e75f41e8\axi_uart.
    New ctrl vector for $pmux cell $procmux$5117: $auto$opt_reduce.cc:134:opt_pmux$5467
  Optimizing cells in module $paramod$e42465b9e259ab0b6bc45fe1c5feb129e75f41e8\axi_uart.
  Optimizing cells in module $paramod$e42465b9e259ab0b6bc45fe1c5feb129e75f41e8\uart_tx.
Performed a total of 62 changes.

10.5. Executing OPT_MERGE pass (detect identical cells).
Finding identical cells in module `\axi_ram'.
Finding identical cells in module `$paramod$e42465b9e259ab0b6bc45fe1c5feb129e75f41e8\uart_rx'.
<suppressed ~3 debug messages>
Finding identical cells in module `\picorv32_axi_adapter'.
Finding identical cells in module `$paramod$6ce030db3796b28030d2721a573c1331c27d5357\picorv32'.
<suppressed ~75 debug messages>
Finding identical cells in module `\soc_top'.
Finding identical cells in module `\axi_interconnect'.
Finding identical cells in module `$paramod\picorv32_axi\PROGADDR_RESET=32'00000000000000000000000000000000'.
Finding identical cells in module `$paramod$e42465b9e259ab0b6bc45fe1c5feb129e75f41e8\axi_uart'.
Finding identical cells in module `$paramod$e42465b9e259ab0b6bc45fe1c5feb129e75f41e8\uart_tx'.
Removed a total of 26 cells.

10.6. Executing OPT_DFF pass (perform DFF optimizations).
Adding SRST signal on $procdff$5215 ($dff) from module axi_ram (D = $procmux$2114_Y, Q = \s_axi_bresp, rval = 2'00).
Adding EN signal on $auto$ff.cc:266:slice$5468 ($sdff) from module axi_ram (D = 2'00, Q = \s_axi_bresp).
Adding SRST signal on $procdff$5216 ($dff) from module axi_ram (D = $procmux$2106_Y, Q = \s_axi_bvalid, rval = 1'0).
Adding EN signal on $auto$ff.cc:266:slice$5470 ($sdff) from module axi_ram (D = 1'1, Q = \s_axi_bvalid).
Adding SRST signal on $procdff$5217 ($dff) from module axi_ram (D = $procmux$2100_Y, Q = \s_axi_rdata, rval = 0).
Adding EN signal on $auto$ff.cc:266:slice$5476 ($sdff) from module axi_ram (D = $memrd$\mem$rtl/axi_ram.v:119$922_DATA, Q = \s_axi_rdata).
Adding SRST signal on $procdff$5218 ($dff) from module axi_ram (D = $procmux$2095_Y, Q = \s_axi_rresp, rval = 2'00).
Adding EN signal on $auto$ff.cc:266:slice$5478 ($sdff) from module axi_ram (D = 2'00, Q = \s_axi_rresp).
Adding SRST signal on $procdff$5219 ($dff) from module axi_ram (D = $procmux$2088_Y, Q = \s_axi_rvalid, rval = 1'0).
Adding EN signal on $auto$ff.cc:266:slice$5480 ($sdff) from module axi_ram (D = 1'1, Q = \s_axi_rvalid).
Adding SRST signal on $procdff$5220 ($dff) from module axi_ram (D = $procmux$2080_Y, Q = \aw_pending, rval = 1'0).
Adding EN signal on $auto$ff.cc:266:slice$5486 ($sdff) from module axi_ram (D = 1'1, Q = \aw_pending).
Adding SRST signal on $procdff$5221 ($dff) from module axi_ram (D = $procmux$2072_Y, Q = \w_pending, rval = 1'0).
Adding EN signal on $auto$ff.cc:266:slice$5492 ($sdff) from module axi_ram (D = 1'1, Q = \w_pending).
Adding SRST signal on $procdff$5222 ($dff) from module axi_ram (D = $procmux$2067_Y, Q = \awaddr_reg, rval = 0).
Adding EN signal on $auto$ff.cc:266:slice$5498 ($sdff) from module axi_ram (D = \s_axi_awaddr, Q = \awaddr_reg).
Adding SRST signal on $procdff$5223 ($dff) from module axi_ram (D = $procmux$2062_Y, Q = \wdata_reg, rval = 0).
Adding EN signal on $auto$ff.cc:266:slice$5500 ($sdff) from module axi_ram (D = \s_axi_wdata, Q = \wdata_reg).
Adding SRST signal on $procdff$5224 ($dff) from module axi_ram (D = $procmux$2057_Y, Q = \wstrb_reg, rval = 4'0000).
Adding EN signal on $auto$ff.cc:266:slice$5502 ($sdff) from module axi_ram (D = \s_axi_wstrb, Q = \wstrb_reg).
Setting constant 0-bit at position 0 on $auto$ff.cc:266:slice$5479 ($sdffe) from module axi_ram.
Setting constant 0-bit at position 1 on $auto$ff.cc:266:slice$5479 ($sdffe) from module axi_ram.
Setting constant 0-bit at position 0 on $auto$ff.cc:266:slice$5469 ($sdffe) from module axi_ram.
Setting constant 0-bit at position 1 on $auto$ff.cc:266:slice$5469 ($sdffe) from module axi_ram.
Adding SRST signal on $procdff$5242 ($dff) from module $paramod$e42465b9e259ab0b6bc45fe1c5feb129e75f41e8\uart_rx (D = $2$lookahead\rx_shift$1793[7:0]$1807, Q = \rx_shift, rval = 8'00000000).
Adding SRST signal on $procdff$5241 ($dff) from module $paramod$e42465b9e259ab0b6bc45fe1c5feb129e75f41e8\uart_rx (D = $procmux$2189_Y, Q = \rx_valid, rval = 1'0).
Adding SRST signal on $procdff$5240 ($dff) from module $paramod$e42465b9e259ab0b6bc45fe1c5feb129e75f41e8\uart_rx (D = $procmux$2216_Y, Q = \rx_data, rval = 8'00000000).
Adding EN signal on $auto$ff.cc:266:slice$5508 ($sdff) from module $paramod$e42465b9e259ab0b6bc45fe1c5feb129e75f41e8\uart_rx (D = \rx_shift, Q = \rx_data).
Adding SRST signal on $procdff$5237 ($dff) from module $paramod$e42465b9e259ab0b6bc45fe1c5feb129e75f41e8\uart_rx (D = $procmux$2265_Y, Q = \state, rval = 3'000).
Adding EN signal on $auto$ff.cc:266:slice$5512 ($sdff) from module $paramod$e42465b9e259ab0b6bc45fe1c5feb129e75f41e8\uart_rx (D = $procmux$2265_Y, Q = \state).
Adding SRST signal on $procdff$5238 ($dff) from module $paramod$e42465b9e259ab0b6bc45fe1c5feb129e75f41e8\uart_rx (D = $procmux$2246_Y, Q = \baud_count, rval = 0).
Adding EN signal on $auto$ff.cc:266:slice$5526 ($sdff) from module $paramod$e42465b9e259ab0b6bc45fe1c5feb129e75f41e8\uart_rx (D = $procmux$2246_Y, Q = \baud_count).
Adding SRST signal on $procdff$5239 ($dff) from module $paramod$e42465b9e259ab0b6bc45fe1c5feb129e75f41e8\uart_rx (D = $procmux$2229_Y, Q = \bit_count, rval = 3'000).
Adding EN signal on $auto$ff.cc:266:slice$5530 ($sdff) from module $paramod$e42465b9e259ab0b6bc45fe1c5feb129e75f41e8\uart_rx (D = $procmux$2229_Y, Q = \bit_count).
Setting constant 1-bit at position 0 on $procdff$5245 ($dff) from module $paramod$e42465b9e259ab0b6bc45fe1c5feb129e75f41e8\uart_rx.
Setting constant 1-bit at position 1 on $procdff$5245 ($dff) from module $paramod$e42465b9e259ab0b6bc45fe1c5feb129e75f41e8\uart_rx.
Setting constant 1-bit at position 2 on $procdff$5245 ($dff) from module $paramod$e42465b9e259ab0b6bc45fe1c5feb129e75f41e8\uart_rx.
Setting constant 1-bit at position 0 on $procdff$5244 ($dff) from module $paramod$e42465b9e259ab0b6bc45fe1c5feb129e75f41e8\uart_rx.
Setting constant 1-bit at position 1 on $procdff$5244 ($dff) from module $paramod$e42465b9e259ab0b6bc45fe1c5feb129e75f41e8\uart_rx.
Setting constant 1-bit at position 2 on $procdff$5244 ($dff) from module $paramod$e42465b9e259ab0b6bc45fe1c5feb129e75f41e8\uart_rx.
Setting constant 1-bit at position 3 on $procdff$5244 ($dff) from module $paramod$e42465b9e259ab0b6bc45fe1c5feb129e75f41e8\uart_rx.
Setting constant 1-bit at position 4 on $procdff$5244 ($dff) from module $paramod$e42465b9e259ab0b6bc45fe1c5feb129e75f41e8\uart_rx.
Setting constant 1-bit at position 5 on $procdff$5244 ($dff) from module $paramod$e42465b9e259ab0b6bc45fe1c5feb129e75f41e8\uart_rx.
Setting constant 1-bit at position 6 on $procdff$5244 ($dff) from module $paramod$e42465b9e259ab0b6bc45fe1c5feb129e75f41e8\uart_rx.
Setting constant 1-bit at position 7 on $procdff$5244 ($dff) from module $paramod$e42465b9e259ab0b6bc45fe1c5feb129e75f41e8\uart_rx.
Adding EN signal on $procdff$5248 ($dff) from module picorv32_axi_adapter (D = $procmux$2299_Y, Q = \ack_arvalid).
Adding SRST signal on $auto$ff.cc:266:slice$5544 ($dffe) from module picorv32_axi_adapter (D = $procmux$2297_Y, Q = \ack_arvalid, rval = 1'0).
Adding EN signal on $procdff$5249 ($dff) from module picorv32_axi_adapter (D = $procmux$2292_Y, Q = \ack_wvalid).
Adding SRST signal on $auto$ff.cc:266:slice$5550 ($dffe) from module picorv32_axi_adapter (D = $procmux$2290_Y, Q = \ack_wvalid, rval = 1'0).
Adding EN signal on $procdff$5250 ($dff) from module picorv32_axi_adapter (D = $logic_and$ip/picorv32/picorv32a.v:2789$843_Y, Q = \xfer_done).
Adding SRST signal on $procdff$5247 ($dff) from module picorv32_axi_adapter (D = $procmux$2304_Y, Q = \ack_awvalid, rval = 1'0).
Adding EN signal on $auto$ff.cc:266:slice$5557 ($sdff) from module picorv32_axi_adapter (D = 1'1, Q = \ack_awvalid).
Adding SRST signal on $procdff$5398 ($dff) from module $paramod$6ce030db3796b28030d2721a573c1331c27d5357\picorv32 (D = $procmux$4682_Y, Q = \mem_la_secondword, rval = 1'0).
Adding EN signal on $auto$ff.cc:266:slice$5563 ($sdff) from module $paramod$6ce030db3796b28030d2721a573c1331c27d5357\picorv32 (D = 1'0, Q = \mem_la_secondword).
Adding EN signal on $procdff$5397 ($dff) from module $paramod$6ce030db3796b28030d2721a573c1331c27d5357\picorv32 (D = $procmux$4708_Y, Q = \mem_state).
Adding EN signal on $procdff$5396 ($dff) from module $paramod$6ce030db3796b28030d2721a573c1331c27d5357\picorv32 (D = $procmux$4717_Y, Q = \mem_wstrb).
Adding EN signal on $procdff$5395 ($dff) from module $paramod$6ce030db3796b28030d2721a573c1331c27d5357\picorv32 (D = \mem_la_wdata, Q = \mem_wdata).
Adding EN signal on $procdff$5382 ($dff) from module $paramod$6ce030db3796b28030d2721a573c1331c27d5357\picorv32 (D = $2\dbg_insn_rs2[4:0], Q = \q_insn_rs2).
Adding EN signal on $procdff$5381 ($dff) from module $paramod$6ce030db3796b28030d2721a573c1331c27d5357\picorv32 (D = $2\dbg_insn_rs1[4:0], Q = \q_insn_rs1).
Adding EN signal on $procdff$5380 ($dff) from module $paramod$6ce030db3796b28030d2721a573c1331c27d5357\picorv32 (D = $2\dbg_insn_opcode[31:0], Q = \q_insn_opcode).
Adding EN signal on $procdff$5379 ($dff) from module $paramod$6ce030db3796b28030d2721a573c1331c27d5357\picorv32 (D = $2\dbg_insn_imm[31:0], Q = \q_insn_imm).
Adding EN signal on $procdff$5378 ($dff) from module $paramod$6ce030db3796b28030d2721a573c1331c27d5357\picorv32 (D = $2\dbg_ascii_instr[63:0], Q = \q_ascii_instr).
Adding EN signal on $procdff$5377 ($dff) from module $paramod$6ce030db3796b28030d2721a573c1331c27d5357\picorv32 (D = $ternary$ip/picorv32/picorv32a.v:1208$1467_Y, Q = \dbg_insn_addr).
Adding SRST signal on $procdff$5376 ($dff) from module $paramod$6ce030db3796b28030d2721a573c1331c27d5357\picorv32 (D = $reduce_or$ip/picorv32/picorv32a.v:862$1202_Y, Q = \is_compare, rval = 1'0).
Adding EN signal on $procdff$5375 ($dff) from module $paramod$6ce030db3796b28030d2721a573c1331c27d5357\picorv32 (D = $procmux$4050_Y, Q = \is_alu_reg_reg).
Adding EN signal on $procdff$5367 ($dff) from module $paramod$6ce030db3796b28030d2721a573c1331c27d5357\picorv32 (D = $procmux$4111_Y, Q = \is_sb_sh_sw).
Adding EN signal on $procdff$5366 ($dff) from module $paramod$6ce030db3796b28030d2721a573c1331c27d5357\picorv32 (D = $logic_or$ip/picorv32/picorv32a.v:1098$1440_Y, Q = \is_jalr_addi_slti_sltiu_xori_ori_andi).
Adding EN signal on $procdff$5308 ($dff) from module $paramod$6ce030db3796b28030d2721a573c1331c27d5357\picorv32 (D = 32'x, Q = \pcpi_insn).
Adding EN signal on $procdff$5309 ($dff) from module $paramod$6ce030db3796b28030d2721a573c1331c27d5357\picorv32 (D = $procmux$4405_Y, Q = \instr_lui).
Adding EN signal on $procdff$5311 ($dff) from module $paramod$6ce030db3796b28030d2721a573c1331c27d5357\picorv32 (D = $procmux$4385_Y, Q = \instr_jal).
Adding EN signal on $procdff$5310 ($dff) from module $paramod$6ce030db3796b28030d2721a573c1331c27d5357\picorv32 (D = $eq$ip/picorv32/picorv32a.v:866$1205_Y, Q = \instr_auipc).
Adding EN signal on $procdff$5374 ($dff) from module $paramod$6ce030db3796b28030d2721a573c1331c27d5357\picorv32 (D = $procmux$4086_Y, Q = \is_alu_reg_imm).
Adding SRST signal on $procdff$5372 ($dff) from module $paramod$6ce030db3796b28030d2721a573c1331c27d5357\picorv32 (D = $procmux$4098_Y, Q = \is_beq_bne_blt_bge_bltu_bgeu, rval = 1'0).
Adding EN signal on $auto$ff.cc:266:slice$5607 ($sdff) from module $paramod$6ce030db3796b28030d2721a573c1331c27d5357\picorv32 (D = $procmux$4096_Y, Q = \is_beq_bne_blt_bge_bltu_bgeu).
Adding SRST signal on $procdff$5369 ($dff) from module $paramod$6ce030db3796b28030d2721a573c1331c27d5357\picorv32 (D = $reduce_or$ip/picorv32/picorv32a.v:858$1198_Y, Q = \is_lui_auipc_jal_jalr_addi_add_sub, rval = 1'0).
Adding EN signal on $procdff$5368 ($dff) from module $paramod$6ce030db3796b28030d2721a573c1331c27d5357\picorv32 (D = $logic_and$ip/picorv32/picorv32a.v:1107$1451_Y, Q = \is_sll_srl_sra).
Adding EN signal on $procdff$5323 ($dff) from module $paramod$6ce030db3796b28030d2721a573c1331c27d5357\picorv32 (D = $logic_and$ip/picorv32/picorv32a.v:1049$1297_Y, Q = \instr_lhu).
Adding EN signal on $procdff$5325 ($dff) from module $paramod$6ce030db3796b28030d2721a573c1331c27d5357\picorv32 (D = $logic_and$ip/picorv32/picorv32a.v:1052$1301_Y, Q = \instr_sh).
Adding SRST signal on $procdff$5327 ($dff) from module $paramod$6ce030db3796b28030d2721a573c1331c27d5357\picorv32 (D = $procmux$4320_Y, Q = \instr_addi, rval = 1'0).
Adding EN signal on $auto$ff.cc:266:slice$5613 ($sdff) from module $paramod$6ce030db3796b28030d2721a573c1331c27d5357\picorv32 (D = $logic_and$ip/picorv32/picorv32a.v:1055$1305_Y, Q = \instr_addi).
Adding EN signal on $procdff$5297 ($dff) from module $paramod$6ce030db3796b28030d2721a573c1331c27d5357\picorv32 (D = 1'0, Q = \pcpi_timeout).
Adding SRST signal on $procdff$5332 ($dff) from module $paramod$6ce030db3796b28030d2721a573c1331c27d5357\picorv32 (D = $procmux$4300_Y, Q = \instr_andi, rval = 1'0).
Adding EN signal on $auto$ff.cc:266:slice$5616 ($sdff) from module $paramod$6ce030db3796b28030d2721a573c1331c27d5357\picorv32 (D = $logic_and$ip/picorv32/picorv32a.v:1060$1315_Y, Q = \instr_andi).
Adding EN signal on $procdff$5333 ($dff) from module $paramod$6ce030db3796b28030d2721a573c1331c27d5357\picorv32 (D = $logic_and$ip/picorv32/picorv32a.v:1062$1319_Y, Q = \instr_slli).
Adding EN signal on $procdff$5335 ($dff) from module $paramod$6ce030db3796b28030d2721a573c1331c27d5357\picorv32 (D = $logic_and$ip/picorv32/picorv32a.v:1064$1327_Y, Q = \instr_srai).
Adding EN signal on $procdff$5346 ($dff) from module $paramod$6ce030db3796b28030d2721a573c1331c27d5357\picorv32 (D = $logic_and$ip/picorv32/picorv32a.v:1077$1375_Y, Q = \instr_rdcycle).
Adding EN signal on $procdff$5347 ($dff) from module $paramod$6ce030db3796b28030d2721a573c1331c27d5357\picorv32 (D = $logic_and$ip/picorv32/picorv32a.v:1079$1384_Y, Q = \instr_rdcycleh).
Adding EN signal on $procdff$5350 ($dff) from module $paramod$6ce030db3796b28030d2721a573c1331c27d5357\picorv32 (D = $logic_or$ip/picorv32/picorv32a.v:1084$1401_Y, Q = \instr_ecall_ebreak).
Adding EN signal on $procdff$5386 ($dff) from module $paramod$6ce030db3796b28030d2721a573c1331c27d5357\picorv32 (D = \new_ascii_instr, Q = \cached_ascii_instr).
Adding SRST signal on $procdff$5385 ($dff) from module $paramod$6ce030db3796b28030d2721a573c1331c27d5357\picorv32 (D = $procmux$4489_Y, Q = \dbg_valid_insn, rval = 1'0).
Adding EN signal on $auto$ff.cc:266:slice$5624 ($sdff) from module $paramod$6ce030db3796b28030d2721a573c1331c27d5357\picorv32 (D = 1'1, Q = \dbg_valid_insn).
Adding EN signal on $procdff$5383 ($dff) from module $paramod$6ce030db3796b28030d2721a573c1331c27d5357\picorv32 (D = $2\dbg_insn_rd[4:0], Q = \q_insn_rd).
Adding EN signal on $procdff$5388 ($dff) from module $paramod$6ce030db3796b28030d2721a573c1331c27d5357\picorv32 (D = $procmux$4481_Y, Q = \cached_insn_opcode).
Adding EN signal on $procdff$5362 ($dff) from module $paramod$6ce030db3796b28030d2721a573c1331c27d5357\picorv32 (D = 1'0, Q = \compressed_instr).
Adding EN signal on $procdff$5361 ($dff) from module $paramod$6ce030db3796b28030d2721a573c1331c27d5357\picorv32 (D = $procmux$3944_Y, Q = \decoded_imm_j [10]).
Adding EN signal on $procdff$5361 ($dff) from module $paramod$6ce030db3796b28030d2721a573c1331c27d5357\picorv32 (D = $procmux$3948_Y, Q = \decoded_imm_j [7]).
Adding EN signal on $procdff$5361 ($dff) from module $paramod$6ce030db3796b28030d2721a573c1331c27d5357\picorv32 (D = $procmux$3952_Y, Q = \decoded_imm_j [6]).
Adding EN signal on $procdff$5361 ($dff) from module $paramod$6ce030db3796b28030d2721a573c1331c27d5357\picorv32 (D = $procmux$3956_Y, Q = \decoded_imm_j [3:1]).
Adding EN signal on $procdff$5361 ($dff) from module $paramod$6ce030db3796b28030d2721a573c1331c27d5357\picorv32 (D = $procmux$3960_Y, Q = \decoded_imm_j [5]).
Adding EN signal on $procdff$5361 ($dff) from module $paramod$6ce030db3796b28030d2721a573c1331c27d5357\picorv32 (D = $procmux$3964_Y, Q = \decoded_imm_j [9:8]).
Adding EN signal on $procdff$5361 ($dff) from module $paramod$6ce030db3796b28030d2721a573c1331c27d5357\picorv32 (D = $procmux$3968_Y, Q = \decoded_imm_j [31:20]).
Adding EN signal on $procdff$5361 ($dff) from module $paramod$6ce030db3796b28030d2721a573c1331c27d5357\picorv32 (D = $procmux$3972_Y, Q = \decoded_imm_j [4]).
Adding EN signal on $procdff$5361 ($dff) from module $paramod$6ce030db3796b28030d2721a573c1331c27d5357\picorv32 (D = $procmux$3976_Y, Q = \decoded_imm_j [11]).
Adding EN signal on $procdff$5361 ($dff) from module $paramod$6ce030db3796b28030d2721a573c1331c27d5357\picorv32 (D = 1'0, Q = \decoded_imm_j [0]).
Adding EN signal on $procdff$5361 ($dff) from module $paramod$6ce030db3796b28030d2721a573c1331c27d5357\picorv32 (D = $procmux$4181_Y, Q = \decoded_imm_j [19:12]).
Adding EN signal on $procdff$5365 ($dff) from module $paramod$6ce030db3796b28030d2721a573c1331c27d5357\picorv32 (D = $logic_and$ip/picorv32/picorv32a.v:1092$1431_Y, Q = \is_slli_srli_srai).
Adding EN signal on $procdff$5364 ($dff) from module $paramod$6ce030db3796b28030d2721a573c1331c27d5357\picorv32 (D = $procmux$4131_Y, Q = \is_lb_lh_lw_lbu_lhu).
Adding SRST signal on $procdff$5298 ($dff) from module $paramod$6ce030db3796b28030d2721a573c1331c27d5357\picorv32 (D = { $2\next_irq_pending[31:0] [31:3] $2\next_irq_pending[31:0] [1:0] }, Q = { \next_irq_pending [31:3] \next_irq_pending [1:0] }, rval = 31'0000000000000000000000000000000).
Adding EN signal on $procdff$5295 ($dff) from module $paramod$6ce030db3796b28030d2721a573c1331c27d5357\picorv32 (D = $procmux$3022_Y, Q = \latched_rd).
Adding SRST signal on $procdff$5345 ($dff) from module $paramod$6ce030db3796b28030d2721a573c1331c27d5357\picorv32 (D = $procmux$4254_Y, Q = \instr_and, rval = 1'0).
Adding EN signal on $auto$ff.cc:266:slice$5651 ($sdff) from module $paramod$6ce030db3796b28030d2721a573c1331c27d5357\picorv32 (D = $logic_and$ip/picorv32/picorv32a.v:1075$1367_Y, Q = \instr_and).
Adding EN signal on $procdff$5387 ($dff) from module $paramod$6ce030db3796b28030d2721a573c1331c27d5357\picorv32 (D = \decoded_imm, Q = \cached_insn_imm).
Adding EN signal on $procdff$5389 ($dff) from module $paramod$6ce030db3796b28030d2721a573c1331c27d5357\picorv32 (D = \decoded_rs1, Q = \cached_insn_rs1).
Adding EN signal on $procdff$5351 ($dff) from module $paramod$6ce030db3796b28030d2721a573c1331c27d5357\picorv32 (D = 1'0, Q = \instr_getq).
Adding SRST signal on $procdff$5313 ($dff) from module $paramod$6ce030db3796b28030d2721a573c1331c27d5357\picorv32 (D = $procmux$4360_Y, Q = \instr_beq, rval = 1'0).
Adding EN signal on $auto$ff.cc:266:slice$5656 ($sdff) from module $paramod$6ce030db3796b28030d2721a573c1331c27d5357\picorv32 (D = $logic_and$ip/picorv32/picorv32a.v:1038$1277_Y, Q = \instr_beq).
Adding EN signal on $procdff$5312 ($dff) from module $paramod$6ce030db3796b28030d2721a573c1331c27d5357\picorv32 (D = $procmux$4373_Y, Q = \instr_jalr).
Adding SRST signal on $procdff$5287 ($dff) from module $paramod$6ce030db3796b28030d2721a573c1331c27d5357\picorv32 (D = $procmux$3162_Y, Q = \latched_store, rval = 1'0).
Adding EN signal on $auto$ff.cc:266:slice$5659 ($sdff) from module $paramod$6ce030db3796b28030d2721a573c1331c27d5357\picorv32 (D = $procmux$3162_Y, Q = \latched_store).
Adding SRST signal on $procdff$5344 ($dff) from module $paramod$6ce030db3796b28030d2721a573c1331c27d5357\picorv32 (D = $procmux$4258_Y, Q = \instr_or, rval = 1'0).
Adding EN signal on $auto$ff.cc:266:slice$5667 ($sdff) from module $paramod$6ce030db3796b28030d2721a573c1331c27d5357\picorv32 (D = $logic_and$ip/picorv32/picorv32a.v:1074$1363_Y, Q = \instr_or).
Adding SRST signal on $procdff$5341 ($dff) from module $paramod$6ce030db3796b28030d2721a573c1331c27d5357\picorv32 (D = $procmux$4270_Y, Q = \instr_xor, rval = 1'0).
Adding EN signal on $auto$ff.cc:266:slice$5669 ($sdff) from module $paramod$6ce030db3796b28030d2721a573c1331c27d5357\picorv32 (D = $logic_and$ip/picorv32/picorv32a.v:1071$1351_Y, Q = \instr_xor).
Adding SRST signal on $procdff$5340 ($dff) from module $paramod$6ce030db3796b28030d2721a573c1331c27d5357\picorv32 (D = $procmux$4274_Y, Q = \instr_sltu, rval = 1'0).
Adding EN signal on $auto$ff.cc:266:slice$5671 ($sdff) from module $paramod$6ce030db3796b28030d2721a573c1331c27d5357\picorv32 (D = $logic_and$ip/picorv32/picorv32a.v:1070$1347_Y, Q = \instr_sltu).
Adding EN signal on $procdff$5334 ($dff) from module $paramod$6ce030db3796b28030d2721a573c1331c27d5357\picorv32 (D = $logic_and$ip/picorv32/picorv32a.v:1063$1323_Y, Q = \instr_srli).
Adding SRST signal on $procdff$5331 ($dff) from module $paramod$6ce030db3796b28030d2721a573c1331c27d5357\picorv32 (D = $procmux$4304_Y, Q = \instr_ori, rval = 1'0).
Adding EN signal on $auto$ff.cc:266:slice$5674 ($sdff) from module $paramod$6ce030db3796b28030d2721a573c1331c27d5357\picorv32 (D = $logic_and$ip/picorv32/picorv32a.v:1059$1313_Y, Q = \instr_ori).
Adding EN signal on $procdff$5349 ($dff) from module $paramod$6ce030db3796b28030d2721a573c1331c27d5357\picorv32 (D = $logic_and$ip/picorv32/picorv32a.v:1082$1393_Y, Q = \instr_rdinstrh).
Adding EN signal on $procdff$5348 ($dff) from module $paramod$6ce030db3796b28030d2721a573c1331c27d5357\picorv32 (D = $logic_and$ip/picorv32/picorv32a.v:1081$1388_Y, Q = \instr_rdinstr).
Adding SRST signal on $procdff$5330 ($dff) from module $paramod$6ce030db3796b28030d2721a573c1331c27d5357\picorv32 (D = $procmux$4308_Y, Q = \instr_xori, rval = 1'0).
Adding EN signal on $auto$ff.cc:266:slice$5678 ($sdff) from module $paramod$6ce030db3796b28030d2721a573c1331c27d5357\picorv32 (D = $logic_and$ip/picorv32/picorv32a.v:1058$1311_Y, Q = \instr_xori).
Adding SRST signal on $procdff$5329 ($dff) from module $paramod$6ce030db3796b28030d2721a573c1331c27d5357\picorv32 (D = $procmux$4312_Y, Q = \instr_sltiu, rval = 1'0).
Adding EN signal on $auto$ff.cc:266:slice$5680 ($sdff) from module $paramod$6ce030db3796b28030d2721a573c1331c27d5357\picorv32 (D = $logic_and$ip/picorv32/picorv32a.v:1057$1309_Y, Q = \instr_sltiu).
Adding SRST signal on $procdff$5328 ($dff) from module $paramod$6ce030db3796b28030d2721a573c1331c27d5357\picorv32 (D = $procmux$4316_Y, Q = \instr_slti, rval = 1'0).
Adding EN signal on $auto$ff.cc:266:slice$5682 ($sdff) from module $paramod$6ce030db3796b28030d2721a573c1331c27d5357\picorv32 (D = $logic_and$ip/picorv32/picorv32a.v:1056$1307_Y, Q = \instr_slti).
Adding EN signal on $procdff$5326 ($dff) from module $paramod$6ce030db3796b28030d2721a573c1331c27d5357\picorv32 (D = $logic_and$ip/picorv32/picorv32a.v:1053$1303_Y, Q = \instr_sw).
Adding EN signal on $procdff$5324 ($dff) from module $paramod$6ce030db3796b28030d2721a573c1331c27d5357\picorv32 (D = $logic_and$ip/picorv32/picorv32a.v:1051$1299_Y, Q = \instr_sb).
Adding EN signal on $procdff$5261 ($dff) from module $paramod$6ce030db3796b28030d2721a573c1331c27d5357\picorv32 (D = $procmux$3646_Y, Q = \reg_op2).
Adding EN signal on $procdff$5260 ($dff) from module $paramod$6ce030db3796b28030d2721a573c1331c27d5357\picorv32 (D = $procmux$3672_Y [31], Q = \reg_op1 [31]).
Adding EN signal on $procdff$5260 ($dff) from module $paramod$6ce030db3796b28030d2721a573c1331c27d5357\picorv32 (D = $procmux$3672_Y [30:0], Q = \reg_op1 [30:0]).
Adding SRST signal on $procdff$5404 ($dff) from module $paramod$6ce030db3796b28030d2721a573c1331c27d5357\picorv32 (D = $logic_and$ip/picorv32/picorv32a.v:397$1123_Y, Q = \last_mem_valid, rval = 1'0).
Adding SRST signal on $procdff$5403 ($dff) from module $paramod$6ce030db3796b28030d2721a573c1331c27d5357\picorv32 (D = $procmux$5015_Y, Q = \mem_la_firstword_reg, rval = 1'0).
Adding EN signal on $auto$ff.cc:266:slice$5734 ($sdff) from module $paramod$6ce030db3796b28030d2721a573c1331c27d5357\picorv32 (D = 1'0, Q = \mem_la_firstword_reg).
Adding EN signal on $procdff$5402 ($dff) from module $paramod$6ce030db3796b28030d2721a573c1331c27d5357\picorv32 (D = \mem_rdata [6:0], Q = \mem_rdata_q [6:0]).
Adding SRST signal on $procdff$5273 ($dff) from module $paramod$6ce030db3796b28030d2721a573c1331c27d5357\picorv32 (D = $procmux$3426_Y, Q = \mem_do_wdata, rval = 1'1).
Adding EN signal on $auto$ff.cc:266:slice$5738 ($sdff) from module $paramod$6ce030db3796b28030d2721a573c1331c27d5357\picorv32 (D = 1'0, Q = \mem_do_wdata).
Adding SRST signal on $procdff$5272 ($dff) from module $paramod$6ce030db3796b28030d2721a573c1331c27d5357\picorv32 (D = $procmux$3430_Y, Q = \mem_do_rdata, rval = 1'1).
Adding EN signal on $auto$ff.cc:266:slice$5740 ($sdff) from module $paramod$6ce030db3796b28030d2721a573c1331c27d5357\picorv32 (D = 1'0, Q = \mem_do_rdata).
Adding SRST signal on $procdff$5256 ($dff) from module $paramod$6ce030db3796b28030d2721a573c1331c27d5357\picorv32 (D = $add$ip/picorv32/picorv32a.v:1428$1534_Y, Q = \count_cycle, rval = 64'0000000000000000000000000000000000000000000000000000000000000000).
Adding EN signal on $procdff$5355 ($dff) from module $paramod$6ce030db3796b28030d2721a573c1331c27d5357\picorv32 (D = 1'0, Q = \instr_waitirq).
Adding EN signal on $procdff$5322 ($dff) from module $paramod$6ce030db3796b28030d2721a573c1331c27d5357\picorv32 (D = $logic_and$ip/picorv32/picorv32a.v:1048$1295_Y, Q = \instr_lbu).
Adding SRST signal on $procdff$5294 ($dff) from module $paramod$6ce030db3796b28030d2721a573c1331c27d5357\picorv32 (D = $procmux$3048_Y, Q = \latched_is_lb, rval = 1'0).
Adding EN signal on $auto$ff.cc:266:slice$5745 ($sdff) from module $paramod$6ce030db3796b28030d2721a573c1331c27d5357\picorv32 (D = $procmux$3048_Y, Q = \latched_is_lb).
Adding SRST signal on $procdff$5293 ($dff) from module $paramod$6ce030db3796b28030d2721a573c1331c27d5357\picorv32 (D = $procmux$3061_Y, Q = \latched_is_lh, rval = 1'0).
Adding EN signal on $auto$ff.cc:266:slice$5755 ($sdff) from module $paramod$6ce030db3796b28030d2721a573c1331c27d5357\picorv32 (D = $procmux$3061_Y, Q = \latched_is_lh).
Adding SRST signal on $procdff$5318 ($dff) from module $paramod$6ce030db3796b28030d2721a573c1331c27d5357\picorv32 (D = $procmux$4340_Y, Q = \instr_bgeu, rval = 1'0).
Adding EN signal on $auto$ff.cc:266:slice$5765 ($sdff) from module $paramod$6ce030db3796b28030d2721a573c1331c27d5357\picorv32 (D = $logic_and$ip/picorv32/picorv32a.v:1043$1287_Y, Q = \instr_bgeu).
Adding EN signal on $procdff$5321 ($dff) from module $paramod$6ce030db3796b28030d2721a573c1331c27d5357\picorv32 (D = $logic_and$ip/picorv32/picorv32a.v:1047$1293_Y, Q = \instr_lw).
Adding EN signal on $procdff$5320 ($dff) from module $paramod$6ce030db3796b28030d2721a573c1331c27d5357\picorv32 (D = $logic_and$ip/picorv32/picorv32a.v:1046$1291_Y, Q = \instr_lh).
Adding SRST signal on $procdff$5314 ($dff) from module $paramod$6ce030db3796b28030d2721a573c1331c27d5357\picorv32 (D = $procmux$4356_Y, Q = \instr_bne, rval = 1'0).
Adding EN signal on $auto$ff.cc:266:slice$5769 ($sdff) from module $paramod$6ce030db3796b28030d2721a573c1331c27d5357\picorv32 (D = $logic_and$ip/picorv32/picorv32a.v:1039$1279_Y, Q = \instr_bne).
Adding SRST signal on $procdff$5317 ($dff) from module $paramod$6ce030db3796b28030d2721a573c1331c27d5357\picorv32 (D = $procmux$4344_Y, Q = \instr_bltu, rval = 1'0).
Adding EN signal on $auto$ff.cc:266:slice$5771 ($sdff) from module $paramod$6ce030db3796b28030d2721a573c1331c27d5357\picorv32 (D = $logic_and$ip/picorv32/picorv32a.v:1042$1285_Y, Q = \instr_bltu).
Adding SRST signal on $procdff$5316 ($dff) from module $paramod$6ce030db3796b28030d2721a573c1331c27d5357\picorv32 (D = $procmux$4348_Y, Q = \instr_bge, rval = 1'0).
Adding EN signal on $auto$ff.cc:266:slice$5773 ($sdff) from module $paramod$6ce030db3796b28030d2721a573c1331c27d5357\picorv32 (D = $logic_and$ip/picorv32/picorv32a.v:1041$1283_Y, Q = \instr_bge).
Adding SRST signal on $procdff$5289 ($dff) from module $paramod$6ce030db3796b28030d2721a573c1331c27d5357\picorv32 (D = $procmux$3119_Y, Q = \latched_branch, rval = 1'0).
Adding EN signal on $auto$ff.cc:266:slice$5775 ($sdff) from module $paramod$6ce030db3796b28030d2721a573c1331c27d5357\picorv32 (D = $procmux$3119_Y, Q = \latched_branch).
Adding SRST signal on $procdff$5292 ($dff) from module $paramod$6ce030db3796b28030d2721a573c1331c27d5357\picorv32 (D = $procmux$3074_Y, Q = \latched_is_lu, rval = 1'0).
Adding EN signal on $auto$ff.cc:266:slice$5779 ($sdff) from module $paramod$6ce030db3796b28030d2721a573c1331c27d5357\picorv32 (D = $procmux$3074_Y, Q = \latched_is_lu).
Adding SRST signal on $procdff$5291 ($dff) from module $paramod$6ce030db3796b28030d2721a573c1331c27d5357\picorv32 (D = $procmux$3089_Y, Q = \latched_trace, rval = 1'0).
Adding EN signal on $procdff$5290 ($dff) from module $paramod$6ce030db3796b28030d2721a573c1331c27d5357\picorv32 (D = $procmux$3102_Y, Q = \latched_compr).
Adding SRST signal on $procdff$5315 ($dff) from module $paramod$6ce030db3796b28030d2721a573c1331c27d5357\picorv32 (D = $procmux$4352_Y, Q = \instr_blt, rval = 1'0).
Adding EN signal on $auto$ff.cc:266:slice$5793 ($sdff) from module $paramod$6ce030db3796b28030d2721a573c1331c27d5357\picorv32 (D = $logic_and$ip/picorv32/picorv32a.v:1040$1281_Y, Q = \instr_blt).
Adding EN signal on $procdff$5319 ($dff) from module $paramod$6ce030db3796b28030d2721a573c1331c27d5357\picorv32 (D = $logic_and$ip/picorv32/picorv32a.v:1045$1289_Y, Q = \instr_lb).
Adding EN signal on $procdff$5360 ($dff) from module $paramod$6ce030db3796b28030d2721a573c1331c27d5357\picorv32 (D = $procmux$4144_Y, Q = \decoded_imm).
Adding EN signal on $procdff$5359 ($dff) from module $paramod$6ce030db3796b28030d2721a573c1331c27d5357\picorv32 (D = $procmux$4177_Y, Q = \decoded_rs2).
Adding EN signal on $procdff$5353 ($dff) from module $paramod$6ce030db3796b28030d2721a573c1331c27d5357\picorv32 (D = 1'0, Q = \instr_retirq).
Adding EN signal on $procdff$5358 ($dff) from module $paramod$6ce030db3796b28030d2721a573c1331c27d5357\picorv32 (D = $procmux$3940_Y, Q = \decoded_rs1 [4]).
Adding EN signal on $procdff$5358 ($dff) from module $paramod$6ce030db3796b28030d2721a573c1331c27d5357\picorv32 (D = $procmux$4027_Y, Q = \decoded_rs1 [3:0]).
Adding EN signal on $procdff$5352 ($dff) from module $paramod$6ce030db3796b28030d2721a573c1331c27d5357\picorv32 (D = 1'0, Q = \instr_setq).
Adding EN signal on $procdff$5357 ($dff) from module $paramod$6ce030db3796b28030d2721a573c1331c27d5357\picorv32 (D = $procmux$4228_Y, Q = \decoded_rd).
Adding EN signal on $procdff$5356 ($dff) from module $paramod$6ce030db3796b28030d2721a573c1331c27d5357\picorv32 (D = 1'0, Q = \instr_timer).
Adding EN signal on $procdff$5391 ($dff) from module $paramod$6ce030db3796b28030d2721a573c1331c27d5357\picorv32 (D = \decoded_rd, Q = \cached_insn_rd).
Adding EN signal on $procdff$5390 ($dff) from module $paramod$6ce030db3796b28030d2721a573c1331c27d5357\picorv32 (D = \decoded_rs2, Q = \cached_insn_rs2).
Adding SRST signal on $procdff$5336 ($dff) from module $paramod$6ce030db3796b28030d2721a573c1331c27d5357\picorv32 (D = $procmux$4290_Y, Q = \instr_add, rval = 1'0).
Adding EN signal on $auto$ff.cc:266:slice$5806 ($sdff) from module $paramod$6ce030db3796b28030d2721a573c1331c27d5357\picorv32 (D = $logic_and$ip/picorv32/picorv32a.v:1066$1331_Y, Q = \instr_add).
Adding SRST signal on $procdff$5343 ($dff) from module $paramod$6ce030db3796b28030d2721a573c1331c27d5357\picorv32 (D = $procmux$4262_Y, Q = \instr_sra, rval = 1'0).
Adding EN signal on $auto$ff.cc:266:slice$5808 ($sdff) from module $paramod$6ce030db3796b28030d2721a573c1331c27d5357\picorv32 (D = $logic_and$ip/picorv32/picorv32a.v:1073$1359_Y, Q = \instr_sra).
Adding EN signal on $procdff$5401 ($dff) from module $paramod$6ce030db3796b28030d2721a573c1331c27d5357\picorv32 (D = \mem_rdata, Q = \next_insn_opcode).
Adding SRST signal on $procdff$5399 ($dff) from module $paramod$6ce030db3796b28030d2721a573c1331c27d5357\picorv32 (D = $procmux$4668_Y, Q = \prefetched_high_word, rval = 1'0).
Adding EN signal on $procdff$5394 ($dff) from module $paramod$6ce030db3796b28030d2721a573c1331c27d5357\picorv32 (D = $ternary$ip/picorv32/picorv32a.v:382$1110_Y, Q = \mem_addr).
Adding EN signal on $procdff$5393 ($dff) from module $paramod$6ce030db3796b28030d2721a573c1331c27d5357\picorv32 (D = $procmux$4737_Y, Q = \mem_instr).
Adding SRST signal on $auto$ff.cc:266:slice$5819 ($dffe) from module $paramod$6ce030db3796b28030d2721a573c1331c27d5357\picorv32 (D = $procmux$4735_Y, Q = \mem_instr, rval = 1'0).
Adding EN signal on $procdff$5392 ($dff) from module $paramod$6ce030db3796b28030d2721a573c1331c27d5357\picorv32 (D = $procmux$4763_Y, Q = \mem_valid).
Adding EN signal on $procdff$5354 ($dff) from module $paramod$6ce030db3796b28030d2721a573c1331c27d5357\picorv32 (D = 1'0, Q = \instr_maskirq).
Adding SRST signal on $procdff$5288 ($dff) from module $paramod$6ce030db3796b28030d2721a573c1331c27d5357\picorv32 (D = $procmux$3155_Y, Q = \latched_stalu, rval = 1'0).
Adding EN signal on $auto$ff.cc:266:slice$5837 ($sdff) from module $paramod$6ce030db3796b28030d2721a573c1331c27d5357\picorv32 (D = $procmux$3155_Y, Q = \latched_stalu).
Adding SRST signal on $procdff$5339 ($dff) from module $paramod$6ce030db3796b28030d2721a573c1331c27d5357\picorv32 (D = $procmux$4278_Y, Q = \instr_slt, rval = 1'0).
Adding EN signal on $auto$ff.cc:266:slice$5845 ($sdff) from module $paramod$6ce030db3796b28030d2721a573c1331c27d5357\picorv32 (D = $logic_and$ip/picorv32/picorv32a.v:1069$1343_Y, Q = \instr_slt).
Adding SRST signal on $procdff$5342 ($dff) from module $paramod$6ce030db3796b28030d2721a573c1331c27d5357\picorv32 (D = $procmux$4266_Y, Q = \instr_srl, rval = 1'0).
Adding EN signal on $auto$ff.cc:266:slice$5847 ($sdff) from module $paramod$6ce030db3796b28030d2721a573c1331c27d5357\picorv32 (D = $logic_and$ip/picorv32/picorv32a.v:1072$1355_Y, Q = \instr_srl).
Adding SRST signal on $procdff$5338 ($dff) from module $paramod$6ce030db3796b28030d2721a573c1331c27d5357\picorv32 (D = $procmux$4282_Y, Q = \instr_sll, rval = 1'0).
Adding EN signal on $auto$ff.cc:266:slice$5849 ($sdff) from module $paramod$6ce030db3796b28030d2721a573c1331c27d5357\picorv32 (D = $logic_and$ip/picorv32/picorv32a.v:1068$1339_Y, Q = \instr_sll).
Adding SRST signal on $procdff$5337 ($dff) from module $paramod$6ce030db3796b28030d2721a573c1331c27d5357\picorv32 (D = $procmux$4286_Y, Q = \instr_sub, rval = 1'0).
Adding EN signal on $auto$ff.cc:266:slice$5851 ($sdff) from module $paramod$6ce030db3796b28030d2721a573c1331c27d5357\picorv32 (D = $logic_and$ip/picorv32/picorv32a.v:1067$1335_Y, Q = \instr_sub).
Adding SRST signal on $procdff$5252 ($dff) from module $paramod$6ce030db3796b28030d2721a573c1331c27d5357\picorv32 (D = $procmux$3812_Y, Q = \pcpi_valid, rval = 1'0).
Adding SRST signal on $procdff$5251 ($dff) from module $paramod$6ce030db3796b28030d2721a573c1331c27d5357\picorv32 (D = $procmux$3004_Y, Q = \trap, rval = 1'0).
Adding SRST signal on $procdff$5253 ($dff) from module $paramod$6ce030db3796b28030d2721a573c1331c27d5357\picorv32 (D = $procmux$3787_Y, Q = \eoi, rval = 0).
Adding SRST signal on $procdff$5257 ($dff) from module $paramod$6ce030db3796b28030d2721a573c1331c27d5357\picorv32 (D = $procmux$3768_Y, Q = \count_instr, rval = 64'0000000000000000000000000000000000000000000000000000000000000000).
Adding EN signal on $auto$ff.cc:266:slice$5856 ($sdff) from module $paramod$6ce030db3796b28030d2721a573c1331c27d5357\picorv32 (D = $procmux$3766_Y, Q = \count_instr).
Adding SRST signal on $procdff$5258 ($dff) from module $paramod$6ce030db3796b28030d2721a573c1331c27d5357\picorv32 (D = $procmux$3748_Y, Q = \reg_pc, rval = 0).
Adding EN signal on $auto$ff.cc:266:slice$5858 ($sdff) from module $paramod$6ce030db3796b28030d2721a573c1331c27d5357\picorv32 (D = $3\current_pc[31:0], Q = \reg_pc).
Adding SRST signal on $procdff$5259 ($dff) from module $paramod$6ce030db3796b28030d2721a573c1331c27d5357\picorv32 (D = $procmux$3736_Y, Q = \reg_next_pc, rval = 0).
Adding EN signal on $auto$ff.cc:266:slice$5860 ($sdff) from module $paramod$6ce030db3796b28030d2721a573c1331c27d5357\picorv32 (D = $procmux$3734_Y, Q = \reg_next_pc).
Adding SRST signal on $procdff$5264 ($dff) from module $paramod$6ce030db3796b28030d2721a573c1331c27d5357\picorv32 (D = $procmux$3636_Y, Q = \irq_delay, rval = 1'0).
Adding EN signal on $auto$ff.cc:266:slice$5862 ($sdff) from module $paramod$6ce030db3796b28030d2721a573c1331c27d5357\picorv32 (D = $procmux$3634_Y, Q = \irq_delay).
Adding SRST signal on $procdff$5265 ($dff) from module $paramod$6ce030db3796b28030d2721a573c1331c27d5357\picorv32 (D = $procmux$3611_Y, Q = \irq_active, rval = 1'0).
Adding SRST signal on $procdff$5266 ($dff) from module $paramod$6ce030db3796b28030d2721a573c1331c27d5357\picorv32 (D = $procmux$3592_Y, Q = \irq_mask, rval = 32'11111111111111111111111111111111).
Adding SRST signal on $procdff$5268 ($dff) from module $paramod$6ce030db3796b28030d2721a573c1331c27d5357\picorv32 (D = $procmux$3574_Y, Q = \timer, rval = 0).
Adding EN signal on $procdff$5269 ($dff) from module $paramod$6ce030db3796b28030d2721a573c1331c27d5357\picorv32 (D = $procmux$3542_Y, Q = \mem_wordsize).
Adding SRST signal on $procdff$5270 ($dff) from module $paramod$6ce030db3796b28030d2721a573c1331c27d5357\picorv32 (D = $procmux$3526_Y, Q = \mem_do_prefetch, rval = 1'0).
Adding EN signal on $auto$ff.cc:266:slice$5884 ($sdff) from module $paramod$6ce030db3796b28030d2721a573c1331c27d5357\picorv32 (D = $procmux$3521_Y, Q = \mem_do_prefetch).
Adding SRST signal on $procdff$5271 ($dff) from module $paramod$6ce030db3796b28030d2721a573c1331c27d5357\picorv32 (D = $procmux$3501_Y, Q = \mem_do_rinst, rval = 1'1).
Adding EN signal on $auto$ff.cc:266:slice$5888 ($sdff) from module $paramod$6ce030db3796b28030d2721a573c1331c27d5357\picorv32 (D = $procmux$3501_Y, Q = \mem_do_rinst).
Adding SRST signal on $procdff$5276 ($dff) from module $paramod$6ce030db3796b28030d2721a573c1331c27d5357\picorv32 (D = $procmux$2790_Y, Q = \decoder_pseudo_trigger, rval = 1'0).
Adding SRST signal on $procdff$5283 ($dff) from module $paramod$6ce030db3796b28030d2721a573c1331c27d5357\picorv32 (D = $procmux$3216_Y, Q = \irq_state, rval = 2'00).
Setting constant 0-bit at position 0 on $auto$ff.cc:266:slice$5638 ($dffe) from module $paramod$6ce030db3796b28030d2721a573c1331c27d5357\picorv32.
Setting constant 0-bit at position 0 on $procdff$5299 ($dff) from module $paramod$6ce030db3796b28030d2721a573c1331c27d5357\picorv32.
Setting constant 0-bit at position 0 on $auto$ff.cc:266:slice$5836 ($dffe) from module $paramod$6ce030db3796b28030d2721a573c1331c27d5357\picorv32.
Setting constant 0-bit at position 0 on $auto$ff.cc:266:slice$5803 ($dffe) from module $paramod$6ce030db3796b28030d2721a573c1331c27d5357\picorv32.
Setting constant 0-bit at position 0 on $auto$ff.cc:266:slice$5801 ($dffe) from module $paramod$6ce030db3796b28030d2721a573c1331c27d5357\picorv32.
Setting constant 0-bit at position 0 on $auto$ff.cc:266:slice$5798 ($dffe) from module $paramod$6ce030db3796b28030d2721a573c1331c27d5357\picorv32.
Setting constant 0-bit at position 0 on $auto$ff.cc:266:slice$5743 ($dffe) from module $paramod$6ce030db3796b28030d2721a573c1331c27d5357\picorv32.
Setting constant 1-bit at position 0 on $procdff$5255 ($dff) from module $paramod$6ce030db3796b28030d2721a573c1331c27d5357\picorv32.
Setting constant 1-bit at position 1 on $procdff$5255 ($dff) from module $paramod$6ce030db3796b28030d2721a573c1331c27d5357\picorv32.
Setting constant 1-bit at position 2 on $procdff$5255 ($dff) from module $paramod$6ce030db3796b28030d2721a573c1331c27d5357\picorv32.
Setting constant 1-bit at position 3 on $procdff$5255 ($dff) from module $paramod$6ce030db3796b28030d2721a573c1331c27d5357\picorv32.
Setting constant 1-bit at position 4 on $procdff$5255 ($dff) from module $paramod$6ce030db3796b28030d2721a573c1331c27d5357\picorv32.
Setting constant 1-bit at position 5 on $procdff$5255 ($dff) from module $paramod$6ce030db3796b28030d2721a573c1331c27d5357\picorv32.
Setting constant 1-bit at position 6 on $procdff$5255 ($dff) from module $paramod$6ce030db3796b28030d2721a573c1331c27d5357\picorv32.
Setting constant 1-bit at position 7 on $procdff$5255 ($dff) from module $paramod$6ce030db3796b28030d2721a573c1331c27d5357\picorv32.
Setting constant 1-bit at position 8 on $procdff$5255 ($dff) from module $paramod$6ce030db3796b28030d2721a573c1331c27d5357\picorv32.
Setting constant 1-bit at position 9 on $procdff$5255 ($dff) from module $paramod$6ce030db3796b28030d2721a573c1331c27d5357\picorv32.
Setting constant 1-bit at position 10 on $procdff$5255 ($dff) from module $paramod$6ce030db3796b28030d2721a573c1331c27d5357\picorv32.
Setting constant 1-bit at position 11 on $procdff$5255 ($dff) from module $paramod$6ce030db3796b28030d2721a573c1331c27d5357\picorv32.
Setting constant 1-bit at position 12 on $procdff$5255 ($dff) from module $paramod$6ce030db3796b28030d2721a573c1331c27d5357\picorv32.
Setting constant 1-bit at position 13 on $procdff$5255 ($dff) from module $paramod$6ce030db3796b28030d2721a573c1331c27d5357\picorv32.
Setting constant 1-bit at position 14 on $procdff$5255 ($dff) from module $paramod$6ce030db3796b28030d2721a573c1331c27d5357\picorv32.
Setting constant 1-bit at position 15 on $procdff$5255 ($dff) from module $paramod$6ce030db3796b28030d2721a573c1331c27d5357\picorv32.
Setting constant 1-bit at position 16 on $procdff$5255 ($dff) from module $paramod$6ce030db3796b28030d2721a573c1331c27d5357\picorv32.
Setting constant 1-bit at position 17 on $procdff$5255 ($dff) from module $paramod$6ce030db3796b28030d2721a573c1331c27d5357\picorv32.
Setting constant 1-bit at position 18 on $procdff$5255 ($dff) from module $paramod$6ce030db3796b28030d2721a573c1331c27d5357\picorv32.
Setting constant 1-bit at position 19 on $procdff$5255 ($dff) from module $paramod$6ce030db3796b28030d2721a573c1331c27d5357\picorv32.
Setting constant 1-bit at position 20 on $procdff$5255 ($dff) from module $paramod$6ce030db3796b28030d2721a573c1331c27d5357\picorv32.
Setting constant 1-bit at position 21 on $procdff$5255 ($dff) from module $paramod$6ce030db3796b28030d2721a573c1331c27d5357\picorv32.
Setting constant 1-bit at position 22 on $procdff$5255 ($dff) from module $paramod$6ce030db3796b28030d2721a573c1331c27d5357\picorv32.
Setting constant 1-bit at position 23 on $procdff$5255 ($dff) from module $paramod$6ce030db3796b28030d2721a573c1331c27d5357\picorv32.
Setting constant 1-bit at position 24 on $procdff$5255 ($dff) from module $paramod$6ce030db3796b28030d2721a573c1331c27d5357\picorv32.
Setting constant 1-bit at position 25 on $procdff$5255 ($dff) from module $paramod$6ce030db3796b28030d2721a573c1331c27d5357\picorv32.
Setting constant 1-bit at position 26 on $procdff$5255 ($dff) from module $paramod$6ce030db3796b28030d2721a573c1331c27d5357\picorv32.
Setting constant 1-bit at position 27 on $procdff$5255 ($dff) from module $paramod$6ce030db3796b28030d2721a573c1331c27d5357\picorv32.
Setting constant 1-bit at position 28 on $procdff$5255 ($dff) from module $paramod$6ce030db3796b28030d2721a573c1331c27d5357\picorv32.
Setting constant 1-bit at position 29 on $procdff$5255 ($dff) from module $paramod$6ce030db3796b28030d2721a573c1331c27d5357\picorv32.
Setting constant 1-bit at position 30 on $procdff$5255 ($dff) from module $paramod$6ce030db3796b28030d2721a573c1331c27d5357\picorv32.
Setting constant 1-bit at position 31 on $procdff$5255 ($dff) from module $paramod$6ce030db3796b28030d2721a573c1331c27d5357\picorv32.
Setting constant 1-bit at position 32 on $procdff$5255 ($dff) from module $paramod$6ce030db3796b28030d2721a573c1331c27d5357\picorv32.
Setting constant 1-bit at position 33 on $procdff$5255 ($dff) from module $paramod$6ce030db3796b28030d2721a573c1331c27d5357\picorv32.
Setting constant 1-bit at position 34 on $procdff$5255 ($dff) from module $paramod$6ce030db3796b28030d2721a573c1331c27d5357\picorv32.
Setting constant 1-bit at position 35 on $procdff$5255 ($dff) from module $paramod$6ce030db3796b28030d2721a573c1331c27d5357\picorv32.
Setting constant 0-bit at position 0 on $auto$ff.cc:266:slice$5735 ($sdffe) from module $paramod$6ce030db3796b28030d2721a573c1331c27d5357\picorv32.
Setting constant 0-bit at position 0 on $auto$ff.cc:266:slice$5655 ($dffe) from module $paramod$6ce030db3796b28030d2721a573c1331c27d5357\picorv32.
Setting constant 0-bit at position 0 on $auto$ff.cc:266:slice$5628 ($dffe) from module $paramod$6ce030db3796b28030d2721a573c1331c27d5357\picorv32.
Setting constant 0-bit at position 0 on $auto$ff.cc:266:slice$5615 ($dffe) from module $paramod$6ce030db3796b28030d2721a573c1331c27d5357\picorv32.
Setting constant 1-bit at position 0 on $auto$ff.cc:266:slice$5602 ($dffe) from module $paramod$6ce030db3796b28030d2721a573c1331c27d5357\picorv32.
Setting constant 1-bit at position 1 on $auto$ff.cc:266:slice$5602 ($dffe) from module $paramod$6ce030db3796b28030d2721a573c1331c27d5357\picorv32.
Setting constant 1-bit at position 2 on $auto$ff.cc:266:slice$5602 ($dffe) from module $paramod$6ce030db3796b28030d2721a573c1331c27d5357\picorv32.
Setting constant 1-bit at position 3 on $auto$ff.cc:266:slice$5602 ($dffe) from module $paramod$6ce030db3796b28030d2721a573c1331c27d5357\picorv32.
Setting constant 1-bit at position 4 on $auto$ff.cc:266:slice$5602 ($dffe) from module $paramod$6ce030db3796b28030d2721a573c1331c27d5357\picorv32.
Setting constant 1-bit at position 5 on $auto$ff.cc:266:slice$5602 ($dffe) from module $paramod$6ce030db3796b28030d2721a573c1331c27d5357\picorv32.
Setting constant 1-bit at position 6 on $auto$ff.cc:266:slice$5602 ($dffe) from module $paramod$6ce030db3796b28030d2721a573c1331c27d5357\picorv32.
Setting constant 1-bit at position 7 on $auto$ff.cc:266:slice$5602 ($dffe) from module $paramod$6ce030db3796b28030d2721a573c1331c27d5357\picorv32.
Setting constant 1-bit at position 8 on $auto$ff.cc:266:slice$5602 ($dffe) from module $paramod$6ce030db3796b28030d2721a573c1331c27d5357\picorv32.
Setting constant 1-bit at position 9 on $auto$ff.cc:266:slice$5602 ($dffe) from module $paramod$6ce030db3796b28030d2721a573c1331c27d5357\picorv32.
Setting constant 1-bit at position 10 on $auto$ff.cc:266:slice$5602 ($dffe) from module $paramod$6ce030db3796b28030d2721a573c1331c27d5357\picorv32.
Setting constant 1-bit at position 11 on $auto$ff.cc:266:slice$5602 ($dffe) from module $paramod$6ce030db3796b28030d2721a573c1331c27d5357\picorv32.
Setting constant 1-bit at position 12 on $auto$ff.cc:266:slice$5602 ($dffe) from module $paramod$6ce030db3796b28030d2721a573c1331c27d5357\picorv32.
Setting constant 1-bit at position 13 on $auto$ff.cc:266:slice$5602 ($dffe) from module $paramod$6ce030db3796b28030d2721a573c1331c27d5357\picorv32.
Setting constant 1-bit at position 14 on $auto$ff.cc:266:slice$5602 ($dffe) from module $paramod$6ce030db3796b28030d2721a573c1331c27d5357\picorv32.
Setting constant 1-bit at position 15 on $auto$ff.cc:266:slice$5602 ($dffe) from module $paramod$6ce030db3796b28030d2721a573c1331c27d5357\picorv32.
Setting constant 1-bit at position 16 on $auto$ff.cc:266:slice$5602 ($dffe) from module $paramod$6ce030db3796b28030d2721a573c1331c27d5357\picorv32.
Setting constant 1-bit at position 17 on $auto$ff.cc:266:slice$5602 ($dffe) from module $paramod$6ce030db3796b28030d2721a573c1331c27d5357\picorv32.
Setting constant 1-bit at position 18 on $auto$ff.cc:266:slice$5602 ($dffe) from module $paramod$6ce030db3796b28030d2721a573c1331c27d5357\picorv32.
Setting constant 1-bit at position 19 on $auto$ff.cc:266:slice$5602 ($dffe) from module $paramod$6ce030db3796b28030d2721a573c1331c27d5357\picorv32.
Setting constant 1-bit at position 20 on $auto$ff.cc:266:slice$5602 ($dffe) from module $paramod$6ce030db3796b28030d2721a573c1331c27d5357\picorv32.
Setting constant 1-bit at position 21 on $auto$ff.cc:266:slice$5602 ($dffe) from module $paramod$6ce030db3796b28030d2721a573c1331c27d5357\picorv32.
Setting constant 1-bit at position 22 on $auto$ff.cc:266:slice$5602 ($dffe) from module $paramod$6ce030db3796b28030d2721a573c1331c27d5357\picorv32.
Setting constant 1-bit at position 23 on $auto$ff.cc:266:slice$5602 ($dffe) from module $paramod$6ce030db3796b28030d2721a573c1331c27d5357\picorv32.
Setting constant 1-bit at position 24 on $auto$ff.cc:266:slice$5602 ($dffe) from module $paramod$6ce030db3796b28030d2721a573c1331c27d5357\picorv32.
Setting constant 1-bit at position 25 on $auto$ff.cc:266:slice$5602 ($dffe) from module $paramod$6ce030db3796b28030d2721a573c1331c27d5357\picorv32.
Setting constant 1-bit at position 26 on $auto$ff.cc:266:slice$5602 ($dffe) from module $paramod$6ce030db3796b28030d2721a573c1331c27d5357\picorv32.
Setting constant 1-bit at position 27 on $auto$ff.cc:266:slice$5602 ($dffe) from module $paramod$6ce030db3796b28030d2721a573c1331c27d5357\picorv32.
Setting constant 1-bit at position 28 on $auto$ff.cc:266:slice$5602 ($dffe) from module $paramod$6ce030db3796b28030d2721a573c1331c27d5357\picorv32.
Setting constant 1-bit at position 29 on $auto$ff.cc:266:slice$5602 ($dffe) from module $paramod$6ce030db3796b28030d2721a573c1331c27d5357\picorv32.
Setting constant 1-bit at position 30 on $auto$ff.cc:266:slice$5602 ($dffe) from module $paramod$6ce030db3796b28030d2721a573c1331c27d5357\picorv32.
Setting constant 1-bit at position 31 on $auto$ff.cc:266:slice$5602 ($dffe) from module $paramod$6ce030db3796b28030d2721a573c1331c27d5357\picorv32.
Setting constant 0-bit at position 0 on $auto$ff.cc:266:slice$5564 ($sdffe) from module $paramod$6ce030db3796b28030d2721a573c1331c27d5357\picorv32.
Setting constant 1-bit at position 0 on $procdff$5296 ($dff) from module $paramod$6ce030db3796b28030d2721a573c1331c27d5357\picorv32.
Setting constant 1-bit at position 1 on $procdff$5296 ($dff) from module $paramod$6ce030db3796b28030d2721a573c1331c27d5357\picorv32.
Setting constant 1-bit at position 2 on $procdff$5296 ($dff) from module $paramod$6ce030db3796b28030d2721a573c1331c27d5357\picorv32.
Setting constant 1-bit at position 3 on $procdff$5296 ($dff) from module $paramod$6ce030db3796b28030d2721a573c1331c27d5357\picorv32.
Setting constant 1-bit at position 4 on $procdff$5296 ($dff) from module $paramod$6ce030db3796b28030d2721a573c1331c27d5357\picorv32.
Setting constant 1-bit at position 5 on $procdff$5296 ($dff) from module $paramod$6ce030db3796b28030d2721a573c1331c27d5357\picorv32.
Setting constant 1-bit at position 6 on $procdff$5296 ($dff) from module $paramod$6ce030db3796b28030d2721a573c1331c27d5357\picorv32.
Setting constant 1-bit at position 7 on $procdff$5296 ($dff) from module $paramod$6ce030db3796b28030d2721a573c1331c27d5357\picorv32.
Setting constant 1-bit at position 8 on $procdff$5296 ($dff) from module $paramod$6ce030db3796b28030d2721a573c1331c27d5357\picorv32.
Setting constant 1-bit at position 9 on $procdff$5296 ($dff) from module $paramod$6ce030db3796b28030d2721a573c1331c27d5357\picorv32.
Setting constant 1-bit at position 10 on $procdff$5296 ($dff) from module $paramod$6ce030db3796b28030d2721a573c1331c27d5357\picorv32.
Setting constant 1-bit at position 11 on $procdff$5296 ($dff) from module $paramod$6ce030db3796b28030d2721a573c1331c27d5357\picorv32.
Setting constant 1-bit at position 12 on $procdff$5296 ($dff) from module $paramod$6ce030db3796b28030d2721a573c1331c27d5357\picorv32.
Setting constant 1-bit at position 13 on $procdff$5296 ($dff) from module $paramod$6ce030db3796b28030d2721a573c1331c27d5357\picorv32.
Setting constant 1-bit at position 14 on $procdff$5296 ($dff) from module $paramod$6ce030db3796b28030d2721a573c1331c27d5357\picorv32.
Setting constant 1-bit at position 15 on $procdff$5296 ($dff) from module $paramod$6ce030db3796b28030d2721a573c1331c27d5357\picorv32.
Setting constant 1-bit at position 16 on $procdff$5296 ($dff) from module $paramod$6ce030db3796b28030d2721a573c1331c27d5357\picorv32.
Setting constant 1-bit at position 17 on $procdff$5296 ($dff) from module $paramod$6ce030db3796b28030d2721a573c1331c27d5357\picorv32.
Setting constant 1-bit at position 18 on $procdff$5296 ($dff) from module $paramod$6ce030db3796b28030d2721a573c1331c27d5357\picorv32.
Setting constant 1-bit at position 19 on $procdff$5296 ($dff) from module $paramod$6ce030db3796b28030d2721a573c1331c27d5357\picorv32.
Setting constant 1-bit at position 20 on $procdff$5296 ($dff) from module $paramod$6ce030db3796b28030d2721a573c1331c27d5357\picorv32.
Setting constant 1-bit at position 21 on $procdff$5296 ($dff) from module $paramod$6ce030db3796b28030d2721a573c1331c27d5357\picorv32.
Setting constant 1-bit at position 22 on $procdff$5296 ($dff) from module $paramod$6ce030db3796b28030d2721a573c1331c27d5357\picorv32.
Setting constant 1-bit at position 23 on $procdff$5296 ($dff) from module $paramod$6ce030db3796b28030d2721a573c1331c27d5357\picorv32.
Setting constant 1-bit at position 24 on $procdff$5296 ($dff) from module $paramod$6ce030db3796b28030d2721a573c1331c27d5357\picorv32.
Setting constant 1-bit at position 25 on $procdff$5296 ($dff) from module $paramod$6ce030db3796b28030d2721a573c1331c27d5357\picorv32.
Setting constant 1-bit at position 26 on $procdff$5296 ($dff) from module $paramod$6ce030db3796b28030d2721a573c1331c27d5357\picorv32.
Setting constant 1-bit at position 27 on $procdff$5296 ($dff) from module $paramod$6ce030db3796b28030d2721a573c1331c27d5357\picorv32.
Setting constant 1-bit at position 28 on $procdff$5296 ($dff) from module $paramod$6ce030db3796b28030d2721a573c1331c27d5357\picorv32.
Setting constant 1-bit at position 29 on $procdff$5296 ($dff) from module $paramod$6ce030db3796b28030d2721a573c1331c27d5357\picorv32.
Setting constant 1-bit at position 30 on $procdff$5296 ($dff) from module $paramod$6ce030db3796b28030d2721a573c1331c27d5357\picorv32.
Setting constant 1-bit at position 31 on $procdff$5296 ($dff) from module $paramod$6ce030db3796b28030d2721a573c1331c27d5357\picorv32.
Adding SRST signal on $procdff$5413 ($dff) from module $paramod$e42465b9e259ab0b6bc45fe1c5feb129e75f41e8\axi_uart (D = $procmux$5085_Y, Q = \wdata_reg, rval = 0).
Adding EN signal on $auto$ff.cc:266:slice$5902 ($sdff) from module $paramod$e42465b9e259ab0b6bc45fe1c5feb129e75f41e8\axi_uart (D = \s_axi_wdata, Q = \wdata_reg).
Adding SRST signal on $procdff$5414 ($dff) from module $paramod$e42465b9e259ab0b6bc45fe1c5feb129e75f41e8\axi_uart (D = $procmux$5080_Y, Q = \wstrb_reg, rval = 4'0000).
Adding EN signal on $auto$ff.cc:266:slice$5904 ($sdff) from module $paramod$e42465b9e259ab0b6bc45fe1c5feb129e75f41e8\axi_uart (D = \s_axi_wstrb, Q = \wstrb_reg).
Adding SRST signal on $procdff$5415 ($dff) from module $paramod$e42465b9e259ab0b6bc45fe1c5feb129e75f41e8\axi_uart (D = $procmux$5075_Y, Q = \tx_data, rval = 8'00000000).
Adding EN signal on $auto$ff.cc:266:slice$5906 ($sdff) from module $paramod$e42465b9e259ab0b6bc45fe1c5feb129e75f41e8\axi_uart (D = \wdata_reg [7:0], Q = \tx_data).
Adding SRST signal on $procdff$5416 ($dff) from module $paramod$e42465b9e259ab0b6bc45fe1c5feb129e75f41e8\axi_uart (D = $procmux$5029_Y, Q = \tx_start, rval = 1'0).
Adding SRST signal on $procdff$5417 ($dff) from module $paramod$e42465b9e259ab0b6bc45fe1c5feb129e75f41e8\axi_uart (D = $procmux$5064_Y, Q = \tx_pending, rval = 1'0).
Adding EN signal on $auto$ff.cc:266:slice$5911 ($sdff) from module $paramod$e42465b9e259ab0b6bc45fe1c5feb129e75f41e8\axi_uart (D = 1'1, Q = \tx_pending).
Adding SRST signal on $procdff$5418 ($dff) from module $paramod$e42465b9e259ab0b6bc45fe1c5feb129e75f41e8\axi_uart (D = $procmux$5055_Y, Q = \rx_data_reg, rval = 8'00000000).
Adding EN signal on $auto$ff.cc:266:slice$5919 ($sdff) from module $paramod$e42465b9e259ab0b6bc45fe1c5feb129e75f41e8\axi_uart (D = \rx_data, Q = \rx_data_reg).
Adding SRST signal on $procdff$5419 ($dff) from module $paramod$e42465b9e259ab0b6bc45fe1c5feb129e75f41e8\axi_uart (D = $procmux$5050_Y, Q = \rx_data_valid, rval = 1'0).
Adding SRST signal on $procdff$5405 ($dff) from module $paramod$e42465b9e259ab0b6bc45fe1c5feb129e75f41e8\axi_uart (D = $procmux$5143_Y, Q = \s_axi_bresp, rval = 2'00).
Adding EN signal on $auto$ff.cc:266:slice$5922 ($sdff) from module $paramod$e42465b9e259ab0b6bc45fe1c5feb129e75f41e8\axi_uart (D = 2'00, Q = \s_axi_bresp).
Adding SRST signal on $procdff$5406 ($dff) from module $paramod$e42465b9e259ab0b6bc45fe1c5feb129e75f41e8\axi_uart (D = $procmux$5136_Y, Q = \s_axi_bvalid, rval = 1'0).
Adding EN signal on $auto$ff.cc:266:slice$5924 ($sdff) from module $paramod$e42465b9e259ab0b6bc45fe1c5feb129e75f41e8\axi_uart (D = 1'1, Q = \s_axi_bvalid).
Adding SRST signal on $procdff$5407 ($dff) from module $paramod$e42465b9e259ab0b6bc45fe1c5feb129e75f41e8\axi_uart (D = $procmux$5131_Y, Q = \s_axi_rdata, rval = 0).
Adding EN signal on $auto$ff.cc:266:slice$5930 ($sdff) from module $paramod$e42465b9e259ab0b6bc45fe1c5feb129e75f41e8\axi_uart (D = $procmux$5127_Y, Q = \s_axi_rdata).
Adding SRST signal on $procdff$5408 ($dff) from module $paramod$e42465b9e259ab0b6bc45fe1c5feb129e75f41e8\axi_uart (D = $procmux$5121_Y, Q = \s_axi_rresp, rval = 2'00).
Adding EN signal on $auto$ff.cc:266:slice$5932 ($sdff) from module $paramod$e42465b9e259ab0b6bc45fe1c5feb129e75f41e8\axi_uart (D = $procmux$5117_Y, Q = \s_axi_rresp).
Adding SRST signal on $procdff$5409 ($dff) from module $paramod$e42465b9e259ab0b6bc45fe1c5feb129e75f41e8\axi_uart (D = $procmux$5109_Y, Q = \s_axi_rvalid, rval = 1'0).
Adding EN signal on $auto$ff.cc:266:slice$5934 ($sdff) from module $paramod$e42465b9e259ab0b6bc45fe1c5feb129e75f41e8\axi_uart (D = 1'1, Q = \s_axi_rvalid).
Adding SRST signal on $procdff$5410 ($dff) from module $paramod$e42465b9e259ab0b6bc45fe1c5feb129e75f41e8\axi_uart (D = $procmux$5102_Y, Q = \aw_pending, rval = 1'0).
Adding EN signal on $auto$ff.cc:266:slice$5940 ($sdff) from module $paramod$e42465b9e259ab0b6bc45fe1c5feb129e75f41e8\axi_uart (D = 1'1, Q = \aw_pending).
Adding SRST signal on $procdff$5411 ($dff) from module $paramod$e42465b9e259ab0b6bc45fe1c5feb129e75f41e8\axi_uart (D = $procmux$5095_Y, Q = \w_pending, rval = 1'0).
Adding EN signal on $auto$ff.cc:266:slice$5946 ($sdff) from module $paramod$e42465b9e259ab0b6bc45fe1c5feb129e75f41e8\axi_uart (D = 1'1, Q = \w_pending).
Adding SRST signal on $procdff$5412 ($dff) from module $paramod$e42465b9e259ab0b6bc45fe1c5feb129e75f41e8\axi_uart (D = $procmux$5090_Y, Q = \awaddr_reg, rval = 0).
Adding EN signal on $auto$ff.cc:266:slice$5952 ($sdff) from module $paramod$e42465b9e259ab0b6bc45fe1c5feb129e75f41e8\axi_uart (D = \s_axi_awaddr, Q = \awaddr_reg).
Setting constant 0-bit at position 0 on $auto$ff.cc:266:slice$5923 ($sdffe) from module $paramod$e42465b9e259ab0b6bc45fe1c5feb129e75f41e8\axi_uart.
Setting constant 0-bit at position 1 on $auto$ff.cc:266:slice$5923 ($sdffe) from module $paramod$e42465b9e259ab0b6bc45fe1c5feb129e75f41e8\axi_uart.
Adding SRST signal on $procdff$5420 ($dff) from module $paramod$e42465b9e259ab0b6bc45fe1c5feb129e75f41e8\uart_tx (D = $procmux$5210_Y, Q = \tx, rval = 1'1).
Adding EN signal on $auto$ff.cc:266:slice$5954 ($sdff) from module $paramod$e42465b9e259ab0b6bc45fe1c5feb129e75f41e8\uart_tx (D = $procmux$5210_Y, Q = \tx).
Adding SRST signal on $procdff$5421 ($dff) from module $paramod$e42465b9e259ab0b6bc45fe1c5feb129e75f41e8\uart_tx (D = $procmux$5196_Y, Q = \tx_busy, rval = 1'0).
Adding SRST signal on $procdff$5422 ($dff) from module $paramod$e42465b9e259ab0b6bc45fe1c5feb129e75f41e8\uart_tx (D = $procmux$5179_Y, Q = \baud_count, rval = 0).
Adding EN signal on $auto$ff.cc:266:slice$5963 ($sdff) from module $paramod$e42465b9e259ab0b6bc45fe1c5feb129e75f41e8\uart_tx (D = $procmux$5177_Y, Q = \baud_count).
Adding SRST signal on $procdff$5423 ($dff) from module $paramod$e42465b9e259ab0b6bc45fe1c5feb129e75f41e8\uart_tx (D = $procmux$5168_Y, Q = \bit_count, rval = 4'0000).
Adding EN signal on $auto$ff.cc:266:slice$5969 ($sdff) from module $paramod$e42465b9e259ab0b6bc45fe1c5feb129e75f41e8\uart_tx (D = $add$rtl/uart_tx.v:48$1839_Y, Q = \bit_count).
Adding SRST signal on $procdff$5424 ($dff) from module $paramod$e42465b9e259ab0b6bc45fe1c5feb129e75f41e8\uart_tx (D = $procmux$5157_Y [8:0], Q = \tx_shift [8:0], rval = 9'111111111).
Adding SRST signal on $procdff$5424 ($dff) from module $paramod$e42465b9e259ab0b6bc45fe1c5feb129e75f41e8\uart_tx (D = $procmux$5154_Y [9], Q = \tx_shift [9], rval = 1'1).
Adding EN signal on $auto$ff.cc:266:slice$5980 ($sdff) from module $paramod$e42465b9e259ab0b6bc45fe1c5feb129e75f41e8\uart_tx (D = 1'1, Q = \tx_shift [9]).
Adding EN signal on $auto$ff.cc:266:slice$5979 ($sdff) from module $paramod$e42465b9e259ab0b6bc45fe1c5feb129e75f41e8\uart_tx (D = $procmux$5157_Y [8:0], Q = \tx_shift [8:0]).
Setting constant 1-bit at position 0 on $auto$ff.cc:266:slice$5985 ($sdffe) from module $paramod$e42465b9e259ab0b6bc45fe1c5feb129e75f41e8\uart_tx.

10.7. Executing OPT_CLEAN pass (remove unused cells and wires).
Finding unused cells or wires in module \axi_ram..
Finding unused cells or wires in module $paramod$e42465b9e259ab0b6bc45fe1c5feb129e75f41e8\uart_rx..
Finding unused cells or wires in module \picorv32_axi_adapter..
Finding unused cells or wires in module $paramod$6ce030db3796b28030d2721a573c1331c27d5357\picorv32..
Finding unused cells or wires in module \soc_top..
Finding unused cells or wires in module \axi_interconnect..
Finding unused cells or wires in module $paramod\picorv32_axi\PROGADDR_RESET=32'00000000000000000000000000000000..
Finding unused cells or wires in module $paramod$e42465b9e259ab0b6bc45fe1c5feb129e75f41e8\axi_uart..
Finding unused cells or wires in module $paramod$e42465b9e259ab0b6bc45fe1c5feb129e75f41e8\uart_tx..
Removed 519 unused cells and 3160 unused wires.
<suppressed ~582 debug messages>

10.8. Executing OPT_EXPR pass (perform const folding).
Optimizing module $paramod$6ce030db3796b28030d2721a573c1331c27d5357\picorv32.
<suppressed ~20 debug messages>
Optimizing module $paramod$e42465b9e259ab0b6bc45fe1c5feb129e75f41e8\axi_uart.
Optimizing module $paramod$e42465b9e259ab0b6bc45fe1c5feb129e75f41e8\uart_rx.
<suppressed ~2 debug messages>
Optimizing module $paramod$e42465b9e259ab0b6bc45fe1c5feb129e75f41e8\uart_tx.
<suppressed ~2 debug messages>
Optimizing module $paramod\picorv32_axi\PROGADDR_RESET=32'00000000000000000000000000000000.
Optimizing module axi_interconnect.
Optimizing module axi_ram.
Optimizing module picorv32_axi_adapter.
<suppressed ~2 debug messages>
Optimizing module soc_top.

10.9. Rerunning OPT passes. (Maybe there is more to do..)

10.10. Executing OPT_MUXTREE pass (detect dead branches in mux trees).
Running muxtree optimizer on module $paramod$6ce030db3796b28030d2721a573c1331c27d5357\picorv32..
  Creating internal representation of mux trees.
  Evaluating internal representation of mux trees.
  Analyzing evaluation results.
Running muxtree optimizer on module $paramod$e42465b9e259ab0b6bc45fe1c5feb129e75f41e8\axi_uart..
  Creating internal representation of mux trees.
  Evaluating internal representation of mux trees.
  Analyzing evaluation results.
Running muxtree optimizer on module $paramod$e42465b9e259ab0b6bc45fe1c5feb129e75f41e8\uart_rx..
  Creating internal representation of mux trees.
  Evaluating internal representation of mux trees.
  Analyzing evaluation results.
Running muxtree optimizer on module $paramod$e42465b9e259ab0b6bc45fe1c5feb129e75f41e8\uart_tx..
  Creating internal representation of mux trees.
  Evaluating internal representation of mux trees.
  Analyzing evaluation results.
Running muxtree optimizer on module $paramod\picorv32_axi\PROGADDR_RESET=32'00000000000000000000000000000000..
  Creating internal representation of mux trees.
  No muxes found in this module.
Running muxtree optimizer on module \axi_interconnect..
  Creating internal representation of mux trees.
  Evaluating internal representation of mux trees.
  Analyzing evaluation results.
Running muxtree optimizer on module \axi_ram..
  Creating internal representation of mux trees.
  Evaluating internal representation of mux trees.
  Analyzing evaluation results.
Running muxtree optimizer on module \picorv32_axi_adapter..
  Creating internal representation of mux trees.
  Evaluating internal representation of mux trees.
  Analyzing evaluation results.
Running muxtree optimizer on module \soc_top..
  Creating internal representation of mux trees.
  No muxes found in this module.
Removed 0 multiplexer ports.
<suppressed ~88 debug messages>

10.11. Executing OPT_REDUCE pass (consolidate $*mux and $reduce_* inputs).
  Optimizing cells in module $paramod$6ce030db3796b28030d2721a573c1331c27d5357\picorv32.
    New ctrl vector for $pmux cell $procmux$2790: $auto$opt_reduce.cc:134:opt_pmux$6000
    New ctrl vector for $pmux cell $procmux$2807: { $eq$ip/picorv32/picorv32a.v:1187$1461_Y $auto$opt_reduce.cc:134:opt_pmux$6002 }
    New ctrl vector for $pmux cell $procmux$3227: { $eq$ip/picorv32/picorv32a.v:1184$1458_Y $eq$ip/picorv32/picorv32a.v:1185$1459_Y $eq$ip/picorv32/picorv32a.v:1186$1460_Y $eq$ip/picorv32/picorv32a.v:1187$1461_Y $eq$ip/picorv32/picorv32a.v:1188$1462_Y $auto$opt_reduce.cc:134:opt_pmux$6004 }
    New ctrl vector for $pmux cell $procmux$4747: { $logic_and$ip/picorv32/picorv32a.v:380$1094_Y $auto$opt_reduce.cc:134:opt_pmux$6006 }
  Optimizing cells in module $paramod$6ce030db3796b28030d2721a573c1331c27d5357\picorv32.
  Optimizing cells in module $paramod$e42465b9e259ab0b6bc45fe1c5feb129e75f41e8\axi_uart.
  Optimizing cells in module $paramod$e42465b9e259ab0b6bc45fe1c5feb129e75f41e8\uart_rx.
    New ctrl vector for $pmux cell $procmux$2246: { $procmux$2238_CMP $procmux$2237_CMP $auto$opt_reduce.cc:134:opt_pmux$6008 }
  Optimizing cells in module $paramod$e42465b9e259ab0b6bc45fe1c5feb129e75f41e8\uart_rx.
  Optimizing cells in module $paramod$e42465b9e259ab0b6bc45fe1c5feb129e75f41e8\uart_tx.
  Optimizing cells in module $paramod\picorv32_axi\PROGADDR_RESET=32'00000000000000000000000000000000.
  Optimizing cells in module \axi_interconnect.
  Optimizing cells in module \axi_ram.
  Optimizing cells in module \picorv32_axi_adapter.
  Optimizing cells in module \soc_top.
Performed a total of 5 changes.

10.12. Executing OPT_MERGE pass (detect identical cells).
Finding identical cells in module `$paramod$6ce030db3796b28030d2721a573c1331c27d5357\picorv32'.
<suppressed ~90 debug messages>
Finding identical cells in module `$paramod$e42465b9e259ab0b6bc45fe1c5feb129e75f41e8\axi_uart'.
<suppressed ~18 debug messages>
Finding identical cells in module `$paramod$e42465b9e259ab0b6bc45fe1c5feb129e75f41e8\uart_rx'.
<suppressed ~6 debug messages>
Finding identical cells in module `$paramod$e42465b9e259ab0b6bc45fe1c5feb129e75f41e8\uart_tx'.
<suppressed ~12 debug messages>
Finding identical cells in module `$paramod\picorv32_axi\PROGADDR_RESET=32'00000000000000000000000000000000'.
Finding identical cells in module `\axi_interconnect'.
Finding identical cells in module `\axi_ram'.
<suppressed ~12 debug messages>
Finding identical cells in module `\picorv32_axi_adapter'.
Finding identical cells in module `\soc_top'.
Removed a total of 46 cells.

10.13. Executing OPT_DFF pass (perform DFF optimizations).
Adding SRST signal on $procdff$5282 ($dff) from module $paramod$6ce030db3796b28030d2721a573c1331c27d5357\picorv32 (D = $procmux$3312_Y, Q = \cpu_state, rval = 8'10000000).
Adding SRST signal on $auto$ff.cc:266:slice$5900 ($sdff) from module $paramod$6ce030db3796b28030d2721a573c1331c27d5357\picorv32 (D = $procmux$2786_Y, Q = \decoder_pseudo_trigger, rval = 1'0).
Adding EN signal on $auto$ff.cc:266:slice$5885 ($sdffe) from module $paramod$6ce030db3796b28030d2721a573c1331c27d5357\picorv32 (D = $logic_and$ip/picorv32/picorv32a.v:1568$1591_Y, Q = \mem_do_prefetch).
Adding EN signal on $auto$ff.cc:266:slice$5857 ($sdffe) from module $paramod$6ce030db3796b28030d2721a573c1331c27d5357\picorv32 (D = $add$ip/picorv32/picorv32a.v:1559$1587_Y, Q = \count_instr).
Handling D = Q on $auto$ff.cc:266:slice$5855 ($sdff) from module $paramod$6ce030db3796b28030d2721a573c1331c27d5357\picorv32 (conecting SRST instead).
Handling D = Q on $auto$ff.cc:266:slice$5853 ($sdff) from module $paramod$6ce030db3796b28030d2721a573c1331c27d5357\picorv32 (conecting SRST instead).
Adding EN signal on $auto$ff.cc:266:slice$5827 ($dffe) from module $paramod$6ce030db3796b28030d2721a573c1331c27d5357\picorv32 (D = $0\mem_valid[0:0], Q = \mem_valid).
Adding EN signal on $auto$ff.cc:266:slice$5737 ($dff) from module $paramod$6ce030db3796b28030d2721a573c1331c27d5357\picorv32 (D = \mem_rdata [31:7], Q = \mem_rdata_q [31:7]).
Setting constant 0-bit at position 0 on $auto$ff.cc:266:slice$5853 ($dffe) from module $paramod$6ce030db3796b28030d2721a573c1331c27d5357\picorv32.
Setting constant 0-bit at position 0 on $auto$ff.cc:266:slice$5790 ($dffe) from module $paramod$6ce030db3796b28030d2721a573c1331c27d5357\picorv32.
Setting constant 0-bit at position 0 on $auto$ff.cc:266:slice$5855 ($dffe) from module $paramod$6ce030db3796b28030d2721a573c1331c27d5357\picorv32.
Setting constant 0-bit at position 1 on $auto$ff.cc:266:slice$5855 ($dffe) from module $paramod$6ce030db3796b28030d2721a573c1331c27d5357\picorv32.
Setting constant 0-bit at position 2 on $auto$ff.cc:266:slice$5855 ($dffe) from module $paramod$6ce030db3796b28030d2721a573c1331c27d5357\picorv32.
Setting constant 0-bit at position 3 on $auto$ff.cc:266:slice$5855 ($dffe) from module $paramod$6ce030db3796b28030d2721a573c1331c27d5357\picorv32.
Setting constant 0-bit at position 4 on $auto$ff.cc:266:slice$5855 ($dffe) from module $paramod$6ce030db3796b28030d2721a573c1331c27d5357\picorv32.
Setting constant 0-bit at position 5 on $auto$ff.cc:266:slice$5855 ($dffe) from module $paramod$6ce030db3796b28030d2721a573c1331c27d5357\picorv32.
Setting constant 0-bit at position 6 on $auto$ff.cc:266:slice$5855 ($dffe) from module $paramod$6ce030db3796b28030d2721a573c1331c27d5357\picorv32.
Setting constant 0-bit at position 7 on $auto$ff.cc:266:slice$5855 ($dffe) from module $paramod$6ce030db3796b28030d2721a573c1331c27d5357\picorv32.
Setting constant 0-bit at position 8 on $auto$ff.cc:266:slice$5855 ($dffe) from module $paramod$6ce030db3796b28030d2721a573c1331c27d5357\picorv32.
Setting constant 0-bit at position 9 on $auto$ff.cc:266:slice$5855 ($dffe) from module $paramod$6ce030db3796b28030d2721a573c1331c27d5357\picorv32.
Setting constant 0-bit at position 10 on $auto$ff.cc:266:slice$5855 ($dffe) from module $paramod$6ce030db3796b28030d2721a573c1331c27d5357\picorv32.
Setting constant 0-bit at position 11 on $auto$ff.cc:266:slice$5855 ($dffe) from module $paramod$6ce030db3796b28030d2721a573c1331c27d5357\picorv32.
Setting constant 0-bit at position 12 on $auto$ff.cc:266:slice$5855 ($dffe) from module $paramod$6ce030db3796b28030d2721a573c1331c27d5357\picorv32.
Setting constant 0-bit at position 13 on $auto$ff.cc:266:slice$5855 ($dffe) from module $paramod$6ce030db3796b28030d2721a573c1331c27d5357\picorv32.
Setting constant 0-bit at position 14 on $auto$ff.cc:266:slice$5855 ($dffe) from module $paramod$6ce030db3796b28030d2721a573c1331c27d5357\picorv32.
Setting constant 0-bit at position 15 on $auto$ff.cc:266:slice$5855 ($dffe) from module $paramod$6ce030db3796b28030d2721a573c1331c27d5357\picorv32.
Setting constant 0-bit at position 16 on $auto$ff.cc:266:slice$5855 ($dffe) from module $paramod$6ce030db3796b28030d2721a573c1331c27d5357\picorv32.
Setting constant 0-bit at position 17 on $auto$ff.cc:266:slice$5855 ($dffe) from module $paramod$6ce030db3796b28030d2721a573c1331c27d5357\picorv32.
Setting constant 0-bit at position 18 on $auto$ff.cc:266:slice$5855 ($dffe) from module $paramod$6ce030db3796b28030d2721a573c1331c27d5357\picorv32.
Setting constant 0-bit at position 19 on $auto$ff.cc:266:slice$5855 ($dffe) from module $paramod$6ce030db3796b28030d2721a573c1331c27d5357\picorv32.
Setting constant 0-bit at position 20 on $auto$ff.cc:266:slice$5855 ($dffe) from module $paramod$6ce030db3796b28030d2721a573c1331c27d5357\picorv32.
Setting constant 0-bit at position 21 on $auto$ff.cc:266:slice$5855 ($dffe) from module $paramod$6ce030db3796b28030d2721a573c1331c27d5357\picorv32.
Setting constant 0-bit at position 22 on $auto$ff.cc:266:slice$5855 ($dffe) from module $paramod$6ce030db3796b28030d2721a573c1331c27d5357\picorv32.
Setting constant 0-bit at position 23 on $auto$ff.cc:266:slice$5855 ($dffe) from module $paramod$6ce030db3796b28030d2721a573c1331c27d5357\picorv32.
Setting constant 0-bit at position 24 on $auto$ff.cc:266:slice$5855 ($dffe) from module $paramod$6ce030db3796b28030d2721a573c1331c27d5357\picorv32.
Setting constant 0-bit at position 25 on $auto$ff.cc:266:slice$5855 ($dffe) from module $paramod$6ce030db3796b28030d2721a573c1331c27d5357\picorv32.
Setting constant 0-bit at position 26 on $auto$ff.cc:266:slice$5855 ($dffe) from module $paramod$6ce030db3796b28030d2721a573c1331c27d5357\picorv32.
Setting constant 0-bit at position 27 on $auto$ff.cc:266:slice$5855 ($dffe) from module $paramod$6ce030db3796b28030d2721a573c1331c27d5357\picorv32.
Setting constant 0-bit at position 28 on $auto$ff.cc:266:slice$5855 ($dffe) from module $paramod$6ce030db3796b28030d2721a573c1331c27d5357\picorv32.
Setting constant 0-bit at position 29 on $auto$ff.cc:266:slice$5855 ($dffe) from module $paramod$6ce030db3796b28030d2721a573c1331c27d5357\picorv32.
Setting constant 0-bit at position 30 on $auto$ff.cc:266:slice$5855 ($dffe) from module $paramod$6ce030db3796b28030d2721a573c1331c27d5357\picorv32.
Setting constant 0-bit at position 31 on $auto$ff.cc:266:slice$5855 ($dffe) from module $paramod$6ce030db3796b28030d2721a573c1331c27d5357\picorv32.
Adding EN signal on $auto$ff.cc:266:slice$5504 ($sdff) from module $paramod$e42465b9e259ab0b6bc45fe1c5feb129e75f41e8\uart_rx (D = $or$rtl/uart_rx.v:0$1826_Y, Q = \rx_shift).

10.14. Executing OPT_CLEAN pass (remove unused cells and wires).
Finding unused cells or wires in module $paramod$6ce030db3796b28030d2721a573c1331c27d5357\picorv32..
Finding unused cells or wires in module $paramod$e42465b9e259ab0b6bc45fe1c5feb129e75f41e8\axi_uart..
Finding unused cells or wires in module $paramod$e42465b9e259ab0b6bc45fe1c5feb129e75f41e8\uart_rx..
Finding unused cells or wires in module $paramod$e42465b9e259ab0b6bc45fe1c5feb129e75f41e8\uart_tx..
Finding unused cells or wires in module $paramod\picorv32_axi\PROGADDR_RESET=32'00000000000000000000000000000000..
Finding unused cells or wires in module \axi_interconnect..
Finding unused cells or wires in module \axi_ram..
Finding unused cells or wires in module \picorv32_axi_adapter..
Finding unused cells or wires in module \soc_top..
Removed 15 unused cells and 62 unused wires.
<suppressed ~22 debug messages>

10.15. Executing OPT_EXPR pass (perform const folding).
Optimizing module $paramod$6ce030db3796b28030d2721a573c1331c27d5357\picorv32.
<suppressed ~1 debug messages>
Optimizing module $paramod$e42465b9e259ab0b6bc45fe1c5feb129e75f41e8\axi_uart.
Optimizing module $paramod$e42465b9e259ab0b6bc45fe1c5feb129e75f41e8\uart_rx.
Optimizing module $paramod$e42465b9e259ab0b6bc45fe1c5feb129e75f41e8\uart_tx.
Optimizing module $paramod\picorv32_axi\PROGADDR_RESET=32'00000000000000000000000000000000.
Optimizing module axi_interconnect.
Optimizing module axi_ram.
Optimizing module picorv32_axi_adapter.
Optimizing module soc_top.

10.16. Rerunning OPT passes. (Maybe there is more to do..)

10.17. Executing OPT_MUXTREE pass (detect dead branches in mux trees).
Running muxtree optimizer on module $paramod$6ce030db3796b28030d2721a573c1331c27d5357\picorv32..
  Creating internal representation of mux trees.
  Evaluating internal representation of mux trees.
  Analyzing evaluation results.
Running muxtree optimizer on module $paramod$e42465b9e259ab0b6bc45fe1c5feb129e75f41e8\axi_uart..
  Creating internal representation of mux trees.
  Evaluating internal representation of mux trees.
  Analyzing evaluation results.
Running muxtree optimizer on module $paramod$e42465b9e259ab0b6bc45fe1c5feb129e75f41e8\uart_rx..
  Creating internal representation of mux trees.
  Evaluating internal representation of mux trees.
  Analyzing evaluation results.
Running muxtree optimizer on module $paramod$e42465b9e259ab0b6bc45fe1c5feb129e75f41e8\uart_tx..
  Creating internal representation of mux trees.
  Evaluating internal representation of mux trees.
  Analyzing evaluation results.
Running muxtree optimizer on module $paramod\picorv32_axi\PROGADDR_RESET=32'00000000000000000000000000000000..
  Creating internal representation of mux trees.
  No muxes found in this module.
Running muxtree optimizer on module \axi_interconnect..
  Creating internal representation of mux trees.
  Evaluating internal representation of mux trees.
  Analyzing evaluation results.
Running muxtree optimizer on module \axi_ram..
  Creating internal representation of mux trees.
  Evaluating internal representation of mux trees.
  Analyzing evaluation results.
Running muxtree optimizer on module \picorv32_axi_adapter..
  Creating internal representation of mux trees.
  Evaluating internal representation of mux trees.
  Analyzing evaluation results.
Running muxtree optimizer on module \soc_top..
  Creating internal representation of mux trees.
  No muxes found in this module.
Removed 0 multiplexer ports.
<suppressed ~77 debug messages>

10.18. Executing OPT_REDUCE pass (consolidate $*mux and $reduce_* inputs).
  Optimizing cells in module $paramod$6ce030db3796b28030d2721a573c1331c27d5357\picorv32.
    New input vector for $reduce_and cell $auto$opt_dff.cc:220:make_patterns_logic$6025: { $auto$opt_dff.cc:194:make_patterns_logic$5832 $auto$opt_dff.cc:194:make_patterns_logic$6022 $auto$opt_dff.cc:194:make_patterns_logic$5572 $auto$opt_dff.cc:194:make_patterns_logic$5830 }
    New input vector for $reduce_and cell $auto$opt_dff.cc:220:make_patterns_logic$6017: { $eq$ip/picorv32/picorv32a.v:1184$1458_Y $auto$rtlil.cc:2401:Not$6015 \decoder_trigger \resetn }
  Optimizing cells in module $paramod$6ce030db3796b28030d2721a573c1331c27d5357\picorv32.
  Optimizing cells in module $paramod$e42465b9e259ab0b6bc45fe1c5feb129e75f41e8\axi_uart.
  Optimizing cells in module $paramod$e42465b9e259ab0b6bc45fe1c5feb129e75f41e8\uart_rx.
  Optimizing cells in module $paramod$e42465b9e259ab0b6bc45fe1c5feb129e75f41e8\uart_tx.
  Optimizing cells in module $paramod\picorv32_axi\PROGADDR_RESET=32'00000000000000000000000000000000.
  Optimizing cells in module \axi_interconnect.
  Optimizing cells in module \axi_ram.
  Optimizing cells in module \picorv32_axi_adapter.
  Optimizing cells in module \soc_top.
Performed a total of 2 changes.

10.19. Executing OPT_MERGE pass (detect identical cells).
Finding identical cells in module `$paramod$6ce030db3796b28030d2721a573c1331c27d5357\picorv32'.
Finding identical cells in module `$paramod$e42465b9e259ab0b6bc45fe1c5feb129e75f41e8\axi_uart'.
Finding identical cells in module `$paramod$e42465b9e259ab0b6bc45fe1c5feb129e75f41e8\uart_rx'.
Finding identical cells in module `$paramod$e42465b9e259ab0b6bc45fe1c5feb129e75f41e8\uart_tx'.
Finding identical cells in module `$paramod\picorv32_axi\PROGADDR_RESET=32'00000000000000000000000000000000'.
Finding identical cells in module `\axi_interconnect'.
Finding identical cells in module `\axi_ram'.
Finding identical cells in module `\picorv32_axi_adapter'.
Finding identical cells in module `\soc_top'.
Removed a total of 0 cells.

10.20. Executing OPT_DFF pass (perform DFF optimizations).

10.21. Executing OPT_CLEAN pass (remove unused cells and wires).
Finding unused cells or wires in module $paramod$6ce030db3796b28030d2721a573c1331c27d5357\picorv32..
Finding unused cells or wires in module $paramod$e42465b9e259ab0b6bc45fe1c5feb129e75f41e8\axi_uart..
Finding unused cells or wires in module $paramod$e42465b9e259ab0b6bc45fe1c5feb129e75f41e8\uart_rx..
Finding unused cells or wires in module $paramod$e42465b9e259ab0b6bc45fe1c5feb129e75f41e8\uart_tx..
Finding unused cells or wires in module $paramod\picorv32_axi\PROGADDR_RESET=32'00000000000000000000000000000000..
Finding unused cells or wires in module \axi_interconnect..
Finding unused cells or wires in module \axi_ram..
Finding unused cells or wires in module \picorv32_axi_adapter..
Finding unused cells or wires in module \soc_top..
Removed 2 unused cells and 3 unused wires.
<suppressed ~3 debug messages>

10.22. Executing OPT_EXPR pass (perform const folding).
Optimizing module $paramod$6ce030db3796b28030d2721a573c1331c27d5357\picorv32.
Optimizing module $paramod$e42465b9e259ab0b6bc45fe1c5feb129e75f41e8\axi_uart.
Optimizing module $paramod$e42465b9e259ab0b6bc45fe1c5feb129e75f41e8\uart_rx.
Optimizing module $paramod$e42465b9e259ab0b6bc45fe1c5feb129e75f41e8\uart_tx.
Optimizing module $paramod\picorv32_axi\PROGADDR_RESET=32'00000000000000000000000000000000.
Optimizing module axi_interconnect.
Optimizing module axi_ram.
Optimizing module picorv32_axi_adapter.
Optimizing module soc_top.

10.23. Rerunning OPT passes. (Maybe there is more to do..)

10.24. Executing OPT_MUXTREE pass (detect dead branches in mux trees).
Running muxtree optimizer on module $paramod$6ce030db3796b28030d2721a573c1331c27d5357\picorv32..
  Creating internal representation of mux trees.
  Evaluating internal representation of mux trees.
  Analyzing evaluation results.
Running muxtree optimizer on module $paramod$e42465b9e259ab0b6bc45fe1c5feb129e75f41e8\axi_uart..
  Creating internal representation of mux trees.
  Evaluating internal representation of mux trees.
  Analyzing evaluation results.
Running muxtree optimizer on module $paramod$e42465b9e259ab0b6bc45fe1c5feb129e75f41e8\uart_rx..
  Creating internal representation of mux trees.
  Evaluating internal representation of mux trees.
  Analyzing evaluation results.
Running muxtree optimizer on module $paramod$e42465b9e259ab0b6bc45fe1c5feb129e75f41e8\uart_tx..
  Creating internal representation of mux trees.
  Evaluating internal representation of mux trees.
  Analyzing evaluation results.
Running muxtree optimizer on module $paramod\picorv32_axi\PROGADDR_RESET=32'00000000000000000000000000000000..
  Creating internal representation of mux trees.
  No muxes found in this module.
Running muxtree optimizer on module \axi_interconnect..
  Creating internal representation of mux trees.
  Evaluating internal representation of mux trees.
  Analyzing evaluation results.
Running muxtree optimizer on module \axi_ram..
  Creating internal representation of mux trees.
  Evaluating internal representation of mux trees.
  Analyzing evaluation results.
Running muxtree optimizer on module \picorv32_axi_adapter..
  Creating internal representation of mux trees.
  Evaluating internal representation of mux trees.
  Analyzing evaluation results.
Running muxtree optimizer on module \soc_top..
  Creating internal representation of mux trees.
  No muxes found in this module.
Removed 0 multiplexer ports.
<suppressed ~77 debug messages>

10.25. Executing OPT_REDUCE pass (consolidate $*mux and $reduce_* inputs).
  Optimizing cells in module $paramod$6ce030db3796b28030d2721a573c1331c27d5357\picorv32.
  Optimizing cells in module $paramod$e42465b9e259ab0b6bc45fe1c5feb129e75f41e8\axi_uart.
  Optimizing cells in module $paramod$e42465b9e259ab0b6bc45fe1c5feb129e75f41e8\uart_rx.
  Optimizing cells in module $paramod$e42465b9e259ab0b6bc45fe1c5feb129e75f41e8\uart_tx.
  Optimizing cells in module $paramod\picorv32_axi\PROGADDR_RESET=32'00000000000000000000000000000000.
  Optimizing cells in module \axi_interconnect.
  Optimizing cells in module \axi_ram.
  Optimizing cells in module \picorv32_axi_adapter.
  Optimizing cells in module \soc_top.
Performed a total of 0 changes.

10.26. Executing OPT_MERGE pass (detect identical cells).
Finding identical cells in module `$paramod$6ce030db3796b28030d2721a573c1331c27d5357\picorv32'.
Finding identical cells in module `$paramod$e42465b9e259ab0b6bc45fe1c5feb129e75f41e8\axi_uart'.
Finding identical cells in module `$paramod$e42465b9e259ab0b6bc45fe1c5feb129e75f41e8\uart_rx'.
Finding identical cells in module `$paramod$e42465b9e259ab0b6bc45fe1c5feb129e75f41e8\uart_tx'.
Finding identical cells in module `$paramod\picorv32_axi\PROGADDR_RESET=32'00000000000000000000000000000000'.
Finding identical cells in module `\axi_interconnect'.
Finding identical cells in module `\axi_ram'.
Finding identical cells in module `\picorv32_axi_adapter'.
Finding identical cells in module `\soc_top'.
Removed a total of 0 cells.

10.27. Executing OPT_DFF pass (perform DFF optimizations).

10.28. Executing OPT_CLEAN pass (remove unused cells and wires).
Finding unused cells or wires in module $paramod$6ce030db3796b28030d2721a573c1331c27d5357\picorv32..
Finding unused cells or wires in module $paramod$e42465b9e259ab0b6bc45fe1c5feb129e75f41e8\axi_uart..
Finding unused cells or wires in module $paramod$e42465b9e259ab0b6bc45fe1c5feb129e75f41e8\uart_rx..
Finding unused cells or wires in module $paramod$e42465b9e259ab0b6bc45fe1c5feb129e75f41e8\uart_tx..
Finding unused cells or wires in module $paramod\picorv32_axi\PROGADDR_RESET=32'00000000000000000000000000000000..
Finding unused cells or wires in module \axi_interconnect..
Finding unused cells or wires in module \axi_ram..
Finding unused cells or wires in module \picorv32_axi_adapter..
Finding unused cells or wires in module \soc_top..

10.29. Executing OPT_EXPR pass (perform const folding).
Optimizing module $paramod$6ce030db3796b28030d2721a573c1331c27d5357\picorv32.
Optimizing module $paramod$e42465b9e259ab0b6bc45fe1c5feb129e75f41e8\axi_uart.
Optimizing module $paramod$e42465b9e259ab0b6bc45fe1c5feb129e75f41e8\uart_rx.
Optimizing module $paramod$e42465b9e259ab0b6bc45fe1c5feb129e75f41e8\uart_tx.
Optimizing module $paramod\picorv32_axi\PROGADDR_RESET=32'00000000000000000000000000000000.
Optimizing module axi_interconnect.
Optimizing module axi_ram.
Optimizing module picorv32_axi_adapter.
Optimizing module soc_top.

10.30. Finished OPT passes. (There is nothing left to do.)

11. Executing MEMORY pass.

11.1. Executing OPT_MEM pass (optimize memories).
Performed a total of 96 transformations.

11.2. Executing OPT_MEM_PRIORITY pass (removing unnecessary memory write priority relations).
Performed a total of 6 transformations.

11.3. Executing OPT_MEM_FEEDBACK pass (finding memory read-to-write feedback paths).
  Analyzing $paramod$6ce030db3796b28030d2721a573c1331c27d5357\picorv32.cpuregs write port 0.
  Analyzing axi_ram.mem write port 0.
  Analyzing axi_ram.mem write port 1.
  Analyzing axi_ram.mem write port 2.
  Analyzing axi_ram.mem write port 3.

11.4. Executing MEMORY_BMUX2ROM pass (converting muxes to ROMs).

11.5. Executing MEMORY_DFF pass (merging $dff cells to $memrd).
Checking read port `\cpuregs'[0] in module `$paramod$6ce030db3796b28030d2721a573c1331c27d5357\picorv32': no output FF found.
Checking read port `\cpuregs'[1] in module `$paramod$6ce030db3796b28030d2721a573c1331c27d5357\picorv32': no output FF found.
Checking read port address `\cpuregs'[0] in module `$paramod$6ce030db3796b28030d2721a573c1331c27d5357\picorv32': merged address FF to cell.
Checking read port address `\cpuregs'[1] in module `$paramod$6ce030db3796b28030d2721a573c1331c27d5357\picorv32': merged address FF to cell.
Checking read port `\mem'[0] in module `\axi_ram': merging output FF to cell.
    Write port 0: non-transparent.
    Write port 1: non-transparent.
    Write port 2: non-transparent.
    Write port 3: non-transparent.

11.6. Executing OPT_CLEAN pass (remove unused cells and wires).
Finding unused cells or wires in module $paramod$6ce030db3796b28030d2721a573c1331c27d5357\picorv32..
Finding unused cells or wires in module $paramod$e42465b9e259ab0b6bc45fe1c5feb129e75f41e8\axi_uart..
Finding unused cells or wires in module $paramod$e42465b9e259ab0b6bc45fe1c5feb129e75f41e8\uart_rx..
Finding unused cells or wires in module $paramod$e42465b9e259ab0b6bc45fe1c5feb129e75f41e8\uart_tx..
Finding unused cells or wires in module $paramod\picorv32_axi\PROGADDR_RESET=32'00000000000000000000000000000000..
Finding unused cells or wires in module \axi_interconnect..
Finding unused cells or wires in module \axi_ram..
Finding unused cells or wires in module \picorv32_axi_adapter..
Finding unused cells or wires in module \soc_top..
Removed 1 unused cells and 33 unused wires.
<suppressed ~2 debug messages>

11.7. Executing MEMORY_SHARE pass (consolidating $memrd/$memwr cells).
Consolidating read ports of memory $paramod$6ce030db3796b28030d2721a573c1331c27d5357\picorv32.cpuregs by address:
Consolidating write ports of memory axi_ram.mem by address:
  Merging ports 0, 1 (address \awaddr_reg [11:2]).
  Merging ports 0, 2 (address \awaddr_reg [11:2]).
  Merging ports 0, 3 (address \awaddr_reg [11:2]).

11.8. Executing OPT_MEM_WIDEN pass (optimize memories where all ports are wide).
Performed a total of 0 transformations.

11.9. Executing OPT_CLEAN pass (remove unused cells and wires).
Finding unused cells or wires in module $paramod$6ce030db3796b28030d2721a573c1331c27d5357\picorv32..
Finding unused cells or wires in module $paramod$e42465b9e259ab0b6bc45fe1c5feb129e75f41e8\axi_uart..
Finding unused cells or wires in module $paramod$e42465b9e259ab0b6bc45fe1c5feb129e75f41e8\uart_rx..
Finding unused cells or wires in module $paramod$e42465b9e259ab0b6bc45fe1c5feb129e75f41e8\uart_tx..
Finding unused cells or wires in module $paramod\picorv32_axi\PROGADDR_RESET=32'00000000000000000000000000000000..
Finding unused cells or wires in module \axi_interconnect..
Finding unused cells or wires in module \axi_ram..
Finding unused cells or wires in module \picorv32_axi_adapter..
Finding unused cells or wires in module \soc_top..
Removed 12 unused cells and 12 unused wires.
<suppressed ~13 debug messages>

11.10. Executing MEMORY_COLLECT pass (generating $mem cells).

11.11. Executing MEMORY_MAP pass (converting memories to logic and flip-flops).
Mapping memory \cpuregs in module $paramod$6ce030db3796b28030d2721a573c1331c27d5357\picorv32:
  created 32 $dff cells and 0 static cells of width 32.
Extracted addr FF from read port 0 of $paramod$6ce030db3796b28030d2721a573c1331c27d5357\picorv32.cpuregs: $\cpuregs$rdreg[0]
Extracted addr FF from read port 1 of $paramod$6ce030db3796b28030d2721a573c1331c27d5357\picorv32.cpuregs: $\cpuregs$rdreg[1]
  read interface: 2 $dff and 62 $mux cells.
  write interface: 32 write mux blocks.
Mapping memory \mem in module \axi_ram:
  created 1024 $dff cells and 0 static cells of width 32.
Extracted data FF from read port 0 of axi_ram.mem: $\mem$rdreg[0]
  read interface: 1 $dff and 1023 $mux cells.
  write interface: 4096 write mux blocks.

12. Executing OPT pass (performing simple optimizations).

12.1. Executing OPT_EXPR pass (perform const folding).
Optimizing module $paramod$6ce030db3796b28030d2721a573c1331c27d5357\picorv32.
<suppressed ~10 debug messages>
Optimizing module $paramod$e42465b9e259ab0b6bc45fe1c5feb129e75f41e8\axi_uart.
Optimizing module $paramod$e42465b9e259ab0b6bc45fe1c5feb129e75f41e8\uart_rx.
Optimizing module $paramod$e42465b9e259ab0b6bc45fe1c5feb129e75f41e8\uart_tx.
Optimizing module $paramod\picorv32_axi\PROGADDR_RESET=32'00000000000000000000000000000000.
Optimizing module axi_interconnect.
Optimizing module axi_ram.
<suppressed ~21 debug messages>
Optimizing module picorv32_axi_adapter.
Optimizing module soc_top.

12.2. Executing OPT_MERGE pass (detect identical cells).
Finding identical cells in module `$paramod$6ce030db3796b28030d2721a573c1331c27d5357\picorv32'.
Finding identical cells in module `$paramod$e42465b9e259ab0b6bc45fe1c5feb129e75f41e8\axi_uart'.
Finding identical cells in module `$paramod$e42465b9e259ab0b6bc45fe1c5feb129e75f41e8\uart_rx'.
Finding identical cells in module `$paramod$e42465b9e259ab0b6bc45fe1c5feb129e75f41e8\uart_tx'.
Finding identical cells in module `$paramod\picorv32_axi\PROGADDR_RESET=32'00000000000000000000000000000000'.
Finding identical cells in module `\axi_interconnect'.
Finding identical cells in module `\axi_ram'.
Finding identical cells in module `\picorv32_axi_adapter'.
Finding identical cells in module `\soc_top'.
Removed a total of 0 cells.

12.3. Executing OPT_MUXTREE pass (detect dead branches in mux trees).
Running muxtree optimizer on module $paramod$6ce030db3796b28030d2721a573c1331c27d5357\picorv32..
  Creating internal representation of mux trees.
  Evaluating internal representation of mux trees.
  Analyzing evaluation results.
Running muxtree optimizer on module $paramod$e42465b9e259ab0b6bc45fe1c5feb129e75f41e8\axi_uart..
  Creating internal representation of mux trees.
  Evaluating internal representation of mux trees.
  Analyzing evaluation results.
Running muxtree optimizer on module $paramod$e42465b9e259ab0b6bc45fe1c5feb129e75f41e8\uart_rx..
  Creating internal representation of mux trees.
  Evaluating internal representation of mux trees.
  Analyzing evaluation results.
Running muxtree optimizer on module $paramod$e42465b9e259ab0b6bc45fe1c5feb129e75f41e8\uart_tx..
  Creating internal representation of mux trees.
  Evaluating internal representation of mux trees.
  Analyzing evaluation results.
Running muxtree optimizer on module $paramod\picorv32_axi\PROGADDR_RESET=32'00000000000000000000000000000000..
  Creating internal representation of mux trees.
  No muxes found in this module.
Running muxtree optimizer on module \axi_interconnect..
  Creating internal representation of mux trees.
  Evaluating internal representation of mux trees.
  Analyzing evaluation results.
Running muxtree optimizer on module \axi_ram..
  Creating internal representation of mux trees.
  Evaluating internal representation of mux trees.
  Analyzing evaluation results.
Running muxtree optimizer on module \picorv32_axi_adapter..
  Creating internal representation of mux trees.
  Evaluating internal representation of mux trees.
  Analyzing evaluation results.
Running muxtree optimizer on module \soc_top..
  Creating internal representation of mux trees.
  No muxes found in this module.
Removed 0 multiplexer ports.
<suppressed ~4204 debug messages>

12.4. Executing OPT_REDUCE pass (consolidate $*mux and $reduce_* inputs).
  Optimizing cells in module $paramod$6ce030db3796b28030d2721a573c1331c27d5357\picorv32.
  Optimizing cells in module $paramod$e42465b9e259ab0b6bc45fe1c5feb129e75f41e8\axi_uart.
  Optimizing cells in module $paramod$e42465b9e259ab0b6bc45fe1c5feb129e75f41e8\uart_rx.
  Optimizing cells in module $paramod$e42465b9e259ab0b6bc45fe1c5feb129e75f41e8\uart_tx.
  Optimizing cells in module $paramod\picorv32_axi\PROGADDR_RESET=32'00000000000000000000000000000000.
  Optimizing cells in module \axi_interconnect.
  Optimizing cells in module \axi_ram.
  Optimizing cells in module \picorv32_axi_adapter.
  Optimizing cells in module \soc_top.
Performed a total of 0 changes.

12.5. Executing OPT_MERGE pass (detect identical cells).
Finding identical cells in module `$paramod$6ce030db3796b28030d2721a573c1331c27d5357\picorv32'.
Finding identical cells in module `$paramod$e42465b9e259ab0b6bc45fe1c5feb129e75f41e8\axi_uart'.
Finding identical cells in module `$paramod$e42465b9e259ab0b6bc45fe1c5feb129e75f41e8\uart_rx'.
Finding identical cells in module `$paramod$e42465b9e259ab0b6bc45fe1c5feb129e75f41e8\uart_tx'.
Finding identical cells in module `$paramod\picorv32_axi\PROGADDR_RESET=32'00000000000000000000000000000000'.
Finding identical cells in module `\axi_interconnect'.
Finding identical cells in module `\axi_ram'.
Finding identical cells in module `\picorv32_axi_adapter'.
Finding identical cells in module `\soc_top'.
Removed a total of 0 cells.

12.6. Executing OPT_DFF pass (perform DFF optimizations).

12.7. Executing OPT_CLEAN pass (remove unused cells and wires).
Finding unused cells or wires in module $paramod$6ce030db3796b28030d2721a573c1331c27d5357\picorv32..
Finding unused cells or wires in module $paramod$e42465b9e259ab0b6bc45fe1c5feb129e75f41e8\axi_uart..
Finding unused cells or wires in module $paramod$e42465b9e259ab0b6bc45fe1c5feb129e75f41e8\uart_rx..
Finding unused cells or wires in module $paramod$e42465b9e259ab0b6bc45fe1c5feb129e75f41e8\uart_tx..
Finding unused cells or wires in module $paramod\picorv32_axi\PROGADDR_RESET=32'00000000000000000000000000000000..
Finding unused cells or wires in module \axi_interconnect..
Finding unused cells or wires in module \axi_ram..
Finding unused cells or wires in module \picorv32_axi_adapter..
Finding unused cells or wires in module \soc_top..
Removed 1 unused cells and 2160 unused wires.
<suppressed ~3 debug messages>

12.8. Executing OPT_EXPR pass (perform const folding).
Optimizing module $paramod$6ce030db3796b28030d2721a573c1331c27d5357\picorv32.
Optimizing module $paramod$e42465b9e259ab0b6bc45fe1c5feb129e75f41e8\axi_uart.
Optimizing module $paramod$e42465b9e259ab0b6bc45fe1c5feb129e75f41e8\uart_rx.
Optimizing module $paramod$e42465b9e259ab0b6bc45fe1c5feb129e75f41e8\uart_tx.
Optimizing module $paramod\picorv32_axi\PROGADDR_RESET=32'00000000000000000000000000000000.
Optimizing module axi_interconnect.
Optimizing module axi_ram.
Optimizing module picorv32_axi_adapter.
Optimizing module soc_top.

12.9. Rerunning OPT passes. (Maybe there is more to do..)

12.10. Executing OPT_MUXTREE pass (detect dead branches in mux trees).
Running muxtree optimizer on module $paramod$6ce030db3796b28030d2721a573c1331c27d5357\picorv32..
  Creating internal representation of mux trees.
  Evaluating internal representation of mux trees.
  Analyzing evaluation results.
Running muxtree optimizer on module $paramod$e42465b9e259ab0b6bc45fe1c5feb129e75f41e8\axi_uart..
  Creating internal representation of mux trees.
  Evaluating internal representation of mux trees.
  Analyzing evaluation results.
Running muxtree optimizer on module $paramod$e42465b9e259ab0b6bc45fe1c5feb129e75f41e8\uart_rx..
  Creating internal representation of mux trees.
  Evaluating internal representation of mux trees.
  Analyzing evaluation results.
Running muxtree optimizer on module $paramod$e42465b9e259ab0b6bc45fe1c5feb129e75f41e8\uart_tx..
  Creating internal representation of mux trees.
  Evaluating internal representation of mux trees.
  Analyzing evaluation results.
Running muxtree optimizer on module $paramod\picorv32_axi\PROGADDR_RESET=32'00000000000000000000000000000000..
  Creating internal representation of mux trees.
  No muxes found in this module.
Running muxtree optimizer on module \axi_interconnect..
  Creating internal representation of mux trees.
  Evaluating internal representation of mux trees.
  Analyzing evaluation results.
Running muxtree optimizer on module \axi_ram..
  Creating internal representation of mux trees.
  Evaluating internal representation of mux trees.
  Analyzing evaluation results.
Running muxtree optimizer on module \picorv32_axi_adapter..
  Creating internal representation of mux trees.
  Evaluating internal representation of mux trees.
  Analyzing evaluation results.
Running muxtree optimizer on module \soc_top..
  Creating internal representation of mux trees.
  No muxes found in this module.
Removed 0 multiplexer ports.
<suppressed ~4204 debug messages>

12.11. Executing OPT_REDUCE pass (consolidate $*mux and $reduce_* inputs).
  Optimizing cells in module $paramod$6ce030db3796b28030d2721a573c1331c27d5357\picorv32.
  Optimizing cells in module $paramod$e42465b9e259ab0b6bc45fe1c5feb129e75f41e8\axi_uart.
  Optimizing cells in module $paramod$e42465b9e259ab0b6bc45fe1c5feb129e75f41e8\uart_rx.
  Optimizing cells in module $paramod$e42465b9e259ab0b6bc45fe1c5feb129e75f41e8\uart_tx.
  Optimizing cells in module $paramod\picorv32_axi\PROGADDR_RESET=32'00000000000000000000000000000000.
  Optimizing cells in module \axi_interconnect.
  Optimizing cells in module \axi_ram.
  Optimizing cells in module \picorv32_axi_adapter.
  Optimizing cells in module \soc_top.
Performed a total of 0 changes.

12.12. Executing OPT_MERGE pass (detect identical cells).
Finding identical cells in module `$paramod$6ce030db3796b28030d2721a573c1331c27d5357\picorv32'.
Finding identical cells in module `$paramod$e42465b9e259ab0b6bc45fe1c5feb129e75f41e8\axi_uart'.
Finding identical cells in module `$paramod$e42465b9e259ab0b6bc45fe1c5feb129e75f41e8\uart_rx'.
Finding identical cells in module `$paramod$e42465b9e259ab0b6bc45fe1c5feb129e75f41e8\uart_tx'.
Finding identical cells in module `$paramod\picorv32_axi\PROGADDR_RESET=32'00000000000000000000000000000000'.
Finding identical cells in module `\axi_interconnect'.
Finding identical cells in module `\axi_ram'.
Finding identical cells in module `\picorv32_axi_adapter'.
Finding identical cells in module `\soc_top'.
Removed a total of 0 cells.

12.13. Executing OPT_DFF pass (perform DFF optimizations).
Adding EN signal on $memory\cpuregs[9]$6091 ($dff) from module $paramod$6ce030db3796b28030d2721a573c1331c27d5357\picorv32 (D = $0$memwr$\cpuregs$ip/picorv32/picorv32a.v:1339$1044_DATA[31:0]$1510, Q = \cpuregs[9]).
Adding EN signal on $memory\cpuregs[8]$6089 ($dff) from module $paramod$6ce030db3796b28030d2721a573c1331c27d5357\picorv32 (D = $0$memwr$\cpuregs$ip/picorv32/picorv32a.v:1339$1044_DATA[31:0]$1510, Q = \cpuregs[8]).
Adding EN signal on $memory\cpuregs[7]$6087 ($dff) from module $paramod$6ce030db3796b28030d2721a573c1331c27d5357\picorv32 (D = $0$memwr$\cpuregs$ip/picorv32/picorv32a.v:1339$1044_DATA[31:0]$1510, Q = \cpuregs[7]).
Adding EN signal on $memory\cpuregs[6]$6085 ($dff) from module $paramod$6ce030db3796b28030d2721a573c1331c27d5357\picorv32 (D = $0$memwr$\cpuregs$ip/picorv32/picorv32a.v:1339$1044_DATA[31:0]$1510, Q = \cpuregs[6]).
Adding EN signal on $memory\cpuregs[5]$6083 ($dff) from module $paramod$6ce030db3796b28030d2721a573c1331c27d5357\picorv32 (D = $0$memwr$\cpuregs$ip/picorv32/picorv32a.v:1339$1044_DATA[31:0]$1510, Q = \cpuregs[5]).
Adding EN signal on $memory\cpuregs[4]$6081 ($dff) from module $paramod$6ce030db3796b28030d2721a573c1331c27d5357\picorv32 (D = $0$memwr$\cpuregs$ip/picorv32/picorv32a.v:1339$1044_DATA[31:0]$1510, Q = \cpuregs[4]).
Adding EN signal on $memory\cpuregs[3]$6079 ($dff) from module $paramod$6ce030db3796b28030d2721a573c1331c27d5357\picorv32 (D = $0$memwr$\cpuregs$ip/picorv32/picorv32a.v:1339$1044_DATA[31:0]$1510, Q = \cpuregs[3]).
Adding EN signal on $memory\cpuregs[31]$6135 ($dff) from module $paramod$6ce030db3796b28030d2721a573c1331c27d5357\picorv32 (D = $0$memwr$\cpuregs$ip/picorv32/picorv32a.v:1339$1044_DATA[31:0]$1510, Q = \cpuregs[31]).
Adding EN signal on $memory\cpuregs[30]$6133 ($dff) from module $paramod$6ce030db3796b28030d2721a573c1331c27d5357\picorv32 (D = $0$memwr$\cpuregs$ip/picorv32/picorv32a.v:1339$1044_DATA[31:0]$1510, Q = \cpuregs[30]).
Adding EN signal on $memory\cpuregs[2]$6077 ($dff) from module $paramod$6ce030db3796b28030d2721a573c1331c27d5357\picorv32 (D = $0$memwr$\cpuregs$ip/picorv32/picorv32a.v:1339$1044_DATA[31:0]$1510, Q = \cpuregs[2]).
Adding EN signal on $memory\cpuregs[29]$6131 ($dff) from module $paramod$6ce030db3796b28030d2721a573c1331c27d5357\picorv32 (D = $0$memwr$\cpuregs$ip/picorv32/picorv32a.v:1339$1044_DATA[31:0]$1510, Q = \cpuregs[29]).
Adding EN signal on $memory\cpuregs[28]$6129 ($dff) from module $paramod$6ce030db3796b28030d2721a573c1331c27d5357\picorv32 (D = $0$memwr$\cpuregs$ip/picorv32/picorv32a.v:1339$1044_DATA[31:0]$1510, Q = \cpuregs[28]).
Adding EN signal on $memory\cpuregs[27]$6127 ($dff) from module $paramod$6ce030db3796b28030d2721a573c1331c27d5357\picorv32 (D = $0$memwr$\cpuregs$ip/picorv32/picorv32a.v:1339$1044_DATA[31:0]$1510, Q = \cpuregs[27]).
Adding EN signal on $memory\cpuregs[26]$6125 ($dff) from module $paramod$6ce030db3796b28030d2721a573c1331c27d5357\picorv32 (D = $0$memwr$\cpuregs$ip/picorv32/picorv32a.v:1339$1044_DATA[31:0]$1510, Q = \cpuregs[26]).
Adding EN signal on $memory\cpuregs[25]$6123 ($dff) from module $paramod$6ce030db3796b28030d2721a573c1331c27d5357\picorv32 (D = $0$memwr$\cpuregs$ip/picorv32/picorv32a.v:1339$1044_DATA[31:0]$1510, Q = \cpuregs[25]).
Adding EN signal on $memory\cpuregs[24]$6121 ($dff) from module $paramod$6ce030db3796b28030d2721a573c1331c27d5357\picorv32 (D = $0$memwr$\cpuregs$ip/picorv32/picorv32a.v:1339$1044_DATA[31:0]$1510, Q = \cpuregs[24]).
Adding EN signal on $memory\cpuregs[23]$6119 ($dff) from module $paramod$6ce030db3796b28030d2721a573c1331c27d5357\picorv32 (D = $0$memwr$\cpuregs$ip/picorv32/picorv32a.v:1339$1044_DATA[31:0]$1510, Q = \cpuregs[23]).
Adding EN signal on $memory\cpuregs[22]$6117 ($dff) from module $paramod$6ce030db3796b28030d2721a573c1331c27d5357\picorv32 (D = $0$memwr$\cpuregs$ip/picorv32/picorv32a.v:1339$1044_DATA[31:0]$1510, Q = \cpuregs[22]).
Adding EN signal on $memory\cpuregs[21]$6115 ($dff) from module $paramod$6ce030db3796b28030d2721a573c1331c27d5357\picorv32 (D = $0$memwr$\cpuregs$ip/picorv32/picorv32a.v:1339$1044_DATA[31:0]$1510, Q = \cpuregs[21]).
Adding EN signal on $memory\cpuregs[20]$6113 ($dff) from module $paramod$6ce030db3796b28030d2721a573c1331c27d5357\picorv32 (D = $0$memwr$\cpuregs$ip/picorv32/picorv32a.v:1339$1044_DATA[31:0]$1510, Q = \cpuregs[20]).
Adding EN signal on $memory\cpuregs[1]$6075 ($dff) from module $paramod$6ce030db3796b28030d2721a573c1331c27d5357\picorv32 (D = $0$memwr$\cpuregs$ip/picorv32/picorv32a.v:1339$1044_DATA[31:0]$1510, Q = \cpuregs[1]).
Adding EN signal on $memory\cpuregs[19]$6111 ($dff) from module $paramod$6ce030db3796b28030d2721a573c1331c27d5357\picorv32 (D = $0$memwr$\cpuregs$ip/picorv32/picorv32a.v:1339$1044_DATA[31:0]$1510, Q = \cpuregs[19]).
Adding EN signal on $memory\cpuregs[18]$6109 ($dff) from module $paramod$6ce030db3796b28030d2721a573c1331c27d5357\picorv32 (D = $0$memwr$\cpuregs$ip/picorv32/picorv32a.v:1339$1044_DATA[31:0]$1510, Q = \cpuregs[18]).
Adding EN signal on $memory\cpuregs[17]$6107 ($dff) from module $paramod$6ce030db3796b28030d2721a573c1331c27d5357\picorv32 (D = $0$memwr$\cpuregs$ip/picorv32/picorv32a.v:1339$1044_DATA[31:0]$1510, Q = \cpuregs[17]).
Adding EN signal on $memory\cpuregs[16]$6105 ($dff) from module $paramod$6ce030db3796b28030d2721a573c1331c27d5357\picorv32 (D = $0$memwr$\cpuregs$ip/picorv32/picorv32a.v:1339$1044_DATA[31:0]$1510, Q = \cpuregs[16]).
Adding EN signal on $memory\cpuregs[15]$6103 ($dff) from module $paramod$6ce030db3796b28030d2721a573c1331c27d5357\picorv32 (D = $0$memwr$\cpuregs$ip/picorv32/picorv32a.v:1339$1044_DATA[31:0]$1510, Q = \cpuregs[15]).
Adding EN signal on $memory\cpuregs[14]$6101 ($dff) from module $paramod$6ce030db3796b28030d2721a573c1331c27d5357\picorv32 (D = $0$memwr$\cpuregs$ip/picorv32/picorv32a.v:1339$1044_DATA[31:0]$1510, Q = \cpuregs[14]).
Adding EN signal on $memory\cpuregs[13]$6099 ($dff) from module $paramod$6ce030db3796b28030d2721a573c1331c27d5357\picorv32 (D = $0$memwr$\cpuregs$ip/picorv32/picorv32a.v:1339$1044_DATA[31:0]$1510, Q = \cpuregs[13]).
Adding EN signal on $memory\cpuregs[12]$6097 ($dff) from module $paramod$6ce030db3796b28030d2721a573c1331c27d5357\picorv32 (D = $0$memwr$\cpuregs$ip/picorv32/picorv32a.v:1339$1044_DATA[31:0]$1510, Q = \cpuregs[12]).
Adding EN signal on $memory\cpuregs[11]$6095 ($dff) from module $paramod$6ce030db3796b28030d2721a573c1331c27d5357\picorv32 (D = $0$memwr$\cpuregs$ip/picorv32/picorv32a.v:1339$1044_DATA[31:0]$1510, Q = \cpuregs[11]).
Adding EN signal on $memory\cpuregs[10]$6093 ($dff) from module $paramod$6ce030db3796b28030d2721a573c1331c27d5357\picorv32 (D = $0$memwr$\cpuregs$ip/picorv32/picorv32a.v:1339$1044_DATA[31:0]$1510, Q = \cpuregs[10]).
Adding EN signal on $memory\cpuregs[0]$6073 ($dff) from module $paramod$6ce030db3796b28030d2721a573c1331c27d5357\picorv32 (D = $0$memwr$\cpuregs$ip/picorv32/picorv32a.v:1339$1044_DATA[31:0]$1510, Q = \cpuregs[0]).
Adding EN signal on $memory\mem[9]$6585 ($dff) from module axi_ram (D = $0$memwr$\mem$rtl/axi_ram.v:97$854_DATA[31:0]$867 [7:0], Q = \mem[9] [7:0]).
Adding EN signal on $memory\mem[9]$6585 ($dff) from module axi_ram (D = $0$memwr$\mem$rtl/axi_ram.v:100$855_DATA[31:0]$870 [15:8], Q = \mem[9] [15:8]).
Adding EN signal on $memory\mem[9]$6585 ($dff) from module axi_ram (D = $0$memwr$\mem$rtl/axi_ram.v:102$856_DATA[31:0]$873 [23:16], Q = \mem[9] [23:16]).
Adding EN signal on $memory\mem[9]$6585 ($dff) from module axi_ram (D = $0$memwr$\mem$rtl/axi_ram.v:104$857_DATA[31:0]$876 [31:24], Q = \mem[9] [31:24]).
Adding EN signal on $memory\mem[99]$6765 ($dff) from module axi_ram (D = $0$memwr$\mem$rtl/axi_ram.v:97$854_DATA[31:0]$867 [7:0], Q = \mem[99] [7:0]).
Adding EN signal on $memory\mem[99]$6765 ($dff) from module axi_ram (D = $0$memwr$\mem$rtl/axi_ram.v:100$855_DATA[31:0]$870 [15:8], Q = \mem[99] [15:8]).
Adding EN signal on $memory\mem[99]$6765 ($dff) from module axi_ram (D = $0$memwr$\mem$rtl/axi_ram.v:102$856_DATA[31:0]$873 [23:16], Q = \mem[99] [23:16]).
Adding EN signal on $memory\mem[99]$6765 ($dff) from module axi_ram (D = $0$memwr$\mem$rtl/axi_ram.v:104$857_DATA[31:0]$876 [31:24], Q = \mem[99] [31:24]).
Adding EN signal on $memory\mem[999]$8565 ($dff) from module axi_ram (D = $0$memwr$\mem$rtl/axi_ram.v:97$854_DATA[31:0]$867 [7:0], Q = \mem[999] [7:0]).
Adding EN signal on $memory\mem[999]$8565 ($dff) from module axi_ram (D = $0$memwr$\mem$rtl/axi_ram.v:100$855_DATA[31:0]$870 [15:8], Q = \mem[999] [15:8]).
Adding EN signal on $memory\mem[999]$8565 ($dff) from module axi_ram (D = $0$memwr$\mem$rtl/axi_ram.v:102$856_DATA[31:0]$873 [23:16], Q = \mem[999] [23:16]).
Adding EN signal on $memory\mem[999]$8565 ($dff) from module axi_ram (D = $0$memwr$\mem$rtl/axi_ram.v:104$857_DATA[31:0]$876 [31:24], Q = \mem[999] [31:24]).
Adding EN signal on $memory\mem[998]$8563 ($dff) from module axi_ram (D = $0$memwr$\mem$rtl/axi_ram.v:97$854_DATA[31:0]$867 [7:0], Q = \mem[998] [7:0]).
Adding EN signal on $memory\mem[998]$8563 ($dff) from module axi_ram (D = $0$memwr$\mem$rtl/axi_ram.v:100$855_DATA[31:0]$870 [15:8], Q = \mem[998] [15:8]).
Adding EN signal on $memory\mem[998]$8563 ($dff) from module axi_ram (D = $0$memwr$\mem$rtl/axi_ram.v:102$856_DATA[31:0]$873 [23:16], Q = \mem[998] [23:16]).
Adding EN signal on $memory\mem[998]$8563 ($dff) from module axi_ram (D = $0$memwr$\mem$rtl/axi_ram.v:104$857_DATA[31:0]$876 [31:24], Q = \mem[998] [31:24]).
Adding EN signal on $memory\mem[997]$8561 ($dff) from module axi_ram (D = $0$memwr$\mem$rtl/axi_ram.v:97$854_DATA[31:0]$867 [7:0], Q = \mem[997] [7:0]).
Adding EN signal on $memory\mem[997]$8561 ($dff) from module axi_ram (D = $0$memwr$\mem$rtl/axi_ram.v:100$855_DATA[31:0]$870 [15:8], Q = \mem[997] [15:8]).
Adding EN signal on $memory\mem[997]$8561 ($dff) from module axi_ram (D = $0$memwr$\mem$rtl/axi_ram.v:102$856_DATA[31:0]$873 [23:16], Q = \mem[997] [23:16]).
Adding EN signal on $memory\mem[997]$8561 ($dff) from module axi_ram (D = $0$memwr$\mem$rtl/axi_ram.v:104$857_DATA[31:0]$876 [31:24], Q = \mem[997] [31:24]).
Adding EN signal on $memory\mem[996]$8559 ($dff) from module axi_ram (D = $0$memwr$\mem$rtl/axi_ram.v:97$854_DATA[31:0]$867 [7:0], Q = \mem[996] [7:0]).
Adding EN signal on $memory\mem[996]$8559 ($dff) from module axi_ram (D = $0$memwr$\mem$rtl/axi_ram.v:100$855_DATA[31:0]$870 [15:8], Q = \mem[996] [15:8]).
Adding EN signal on $memory\mem[996]$8559 ($dff) from module axi_ram (D = $0$memwr$\mem$rtl/axi_ram.v:102$856_DATA[31:0]$873 [23:16], Q = \mem[996] [23:16]).
Adding EN signal on $memory\mem[996]$8559 ($dff) from module axi_ram (D = $0$memwr$\mem$rtl/axi_ram.v:104$857_DATA[31:0]$876 [31:24], Q = \mem[996] [31:24]).
Adding EN signal on $memory\mem[995]$8557 ($dff) from module axi_ram (D = $0$memwr$\mem$rtl/axi_ram.v:97$854_DATA[31:0]$867 [7:0], Q = \mem[995] [7:0]).
Adding EN signal on $memory\mem[995]$8557 ($dff) from module axi_ram (D = $0$memwr$\mem$rtl/axi_ram.v:100$855_DATA[31:0]$870 [15:8], Q = \mem[995] [15:8]).
Adding EN signal on $memory\mem[995]$8557 ($dff) from module axi_ram (D = $0$memwr$\mem$rtl/axi_ram.v:102$856_DATA[31:0]$873 [23:16], Q = \mem[995] [23:16]).
Adding EN signal on $memory\mem[995]$8557 ($dff) from module axi_ram (D = $0$memwr$\mem$rtl/axi_ram.v:104$857_DATA[31:0]$876 [31:24], Q = \mem[995] [31:24]).
Adding EN signal on $memory\mem[994]$8555 ($dff) from module axi_ram (D = $0$memwr$\mem$rtl/axi_ram.v:97$854_DATA[31:0]$867 [7:0], Q = \mem[994] [7:0]).
Adding EN signal on $memory\mem[994]$8555 ($dff) from module axi_ram (D = $0$memwr$\mem$rtl/axi_ram.v:100$855_DATA[31:0]$870 [15:8], Q = \mem[994] [15:8]).
Adding EN signal on $memory\mem[994]$8555 ($dff) from module axi_ram (D = $0$memwr$\mem$rtl/axi_ram.v:102$856_DATA[31:0]$873 [23:16], Q = \mem[994] [23:16]).
Adding EN signal on $memory\mem[994]$8555 ($dff) from module axi_ram (D = $0$memwr$\mem$rtl/axi_ram.v:104$857_DATA[31:0]$876 [31:24], Q = \mem[994] [31:24]).
Adding EN signal on $memory\mem[993]$8553 ($dff) from module axi_ram (D = $0$memwr$\mem$rtl/axi_ram.v:97$854_DATA[31:0]$867 [7:0], Q = \mem[993] [7:0]).
Adding EN signal on $memory\mem[993]$8553 ($dff) from module axi_ram (D = $0$memwr$\mem$rtl/axi_ram.v:100$855_DATA[31:0]$870 [15:8], Q = \mem[993] [15:8]).
Adding EN signal on $memory\mem[993]$8553 ($dff) from module axi_ram (D = $0$memwr$\mem$rtl/axi_ram.v:102$856_DATA[31:0]$873 [23:16], Q = \mem[993] [23:16]).
Adding EN signal on $memory\mem[993]$8553 ($dff) from module axi_ram (D = $0$memwr$\mem$rtl/axi_ram.v:104$857_DATA[31:0]$876 [31:24], Q = \mem[993] [31:24]).
Adding EN signal on $memory\mem[992]$8551 ($dff) from module axi_ram (D = $0$memwr$\mem$rtl/axi_ram.v:97$854_DATA[31:0]$867 [7:0], Q = \mem[992] [7:0]).
Adding EN signal on $memory\mem[992]$8551 ($dff) from module axi_ram (D = $0$memwr$\mem$rtl/axi_ram.v:100$855_DATA[31:0]$870 [15:8], Q = \mem[992] [15:8]).
Adding EN signal on $memory\mem[992]$8551 ($dff) from module axi_ram (D = $0$memwr$\mem$rtl/axi_ram.v:102$856_DATA[31:0]$873 [23:16], Q = \mem[992] [23:16]).
Adding EN signal on $memory\mem[992]$8551 ($dff) from module axi_ram (D = $0$memwr$\mem$rtl/axi_ram.v:104$857_DATA[31:0]$876 [31:24], Q = \mem[992] [31:24]).
Adding EN signal on $memory\mem[991]$8549 ($dff) from module axi_ram (D = $0$memwr$\mem$rtl/axi_ram.v:97$854_DATA[31:0]$867 [7:0], Q = \mem[991] [7:0]).
Adding EN signal on $memory\mem[991]$8549 ($dff) from module axi_ram (D = $0$memwr$\mem$rtl/axi_ram.v:100$855_DATA[31:0]$870 [15:8], Q = \mem[991] [15:8]).
Adding EN signal on $memory\mem[991]$8549 ($dff) from module axi_ram (D = $0$memwr$\mem$rtl/axi_ram.v:102$856_DATA[31:0]$873 [23:16], Q = \mem[991] [23:16]).
Adding EN signal on $memory\mem[991]$8549 ($dff) from module axi_ram (D = $0$memwr$\mem$rtl/axi_ram.v:104$857_DATA[31:0]$876 [31:24], Q = \mem[991] [31:24]).
Adding EN signal on $memory\mem[990]$8547 ($dff) from module axi_ram (D = $0$memwr$\mem$rtl/axi_ram.v:97$854_DATA[31:0]$867 [7:0], Q = \mem[990] [7:0]).
Adding EN signal on $memory\mem[990]$8547 ($dff) from module axi_ram (D = $0$memwr$\mem$rtl/axi_ram.v:100$855_DATA[31:0]$870 [15:8], Q = \mem[990] [15:8]).
Adding EN signal on $memory\mem[990]$8547 ($dff) from module axi_ram (D = $0$memwr$\mem$rtl/axi_ram.v:102$856_DATA[31:0]$873 [23:16], Q = \mem[990] [23:16]).
Adding EN signal on $memory\mem[990]$8547 ($dff) from module axi_ram (D = $0$memwr$\mem$rtl/axi_ram.v:104$857_DATA[31:0]$876 [31:24], Q = \mem[990] [31:24]).
Adding EN signal on $memory\mem[98]$6763 ($dff) from module axi_ram (D = $0$memwr$\mem$rtl/axi_ram.v:97$854_DATA[31:0]$867 [7:0], Q = \mem[98] [7:0]).
Adding EN signal on $memory\mem[98]$6763 ($dff) from module axi_ram (D = $0$memwr$\mem$rtl/axi_ram.v:100$855_DATA[31:0]$870 [15:8], Q = \mem[98] [15:8]).
Adding EN signal on $memory\mem[98]$6763 ($dff) from module axi_ram (D = $0$memwr$\mem$rtl/axi_ram.v:102$856_DATA[31:0]$873 [23:16], Q = \mem[98] [23:16]).
Adding EN signal on $memory\mem[98]$6763 ($dff) from module axi_ram (D = $0$memwr$\mem$rtl/axi_ram.v:104$857_DATA[31:0]$876 [31:24], Q = \mem[98] [31:24]).
Adding EN signal on $memory\mem[989]$8545 ($dff) from module axi_ram (D = $0$memwr$\mem$rtl/axi_ram.v:97$854_DATA[31:0]$867 [7:0], Q = \mem[989] [7:0]).
Adding EN signal on $memory\mem[989]$8545 ($dff) from module axi_ram (D = $0$memwr$\mem$rtl/axi_ram.v:100$855_DATA[31:0]$870 [15:8], Q = \mem[989] [15:8]).
Adding EN signal on $memory\mem[989]$8545 ($dff) from module axi_ram (D = $0$memwr$\mem$rtl/axi_ram.v:102$856_DATA[31:0]$873 [23:16], Q = \mem[989] [23:16]).
Adding EN signal on $memory\mem[989]$8545 ($dff) from module axi_ram (D = $0$memwr$\mem$rtl/axi_ram.v:104$857_DATA[31:0]$876 [31:24], Q = \mem[989] [31:24]).
Adding EN signal on $memory\mem[988]$8543 ($dff) from module axi_ram (D = $0$memwr$\mem$rtl/axi_ram.v:97$854_DATA[31:0]$867 [7:0], Q = \mem[988] [7:0]).
Adding EN signal on $memory\mem[988]$8543 ($dff) from module axi_ram (D = $0$memwr$\mem$rtl/axi_ram.v:100$855_DATA[31:0]$870 [15:8], Q = \mem[988] [15:8]).
Adding EN signal on $memory\mem[988]$8543 ($dff) from module axi_ram (D = $0$memwr$\mem$rtl/axi_ram.v:102$856_DATA[31:0]$873 [23:16], Q = \mem[988] [23:16]).
Adding EN signal on $memory\mem[988]$8543 ($dff) from module axi_ram (D = $0$memwr$\mem$rtl/axi_ram.v:104$857_DATA[31:0]$876 [31:24], Q = \mem[988] [31:24]).
Adding EN signal on $memory\mem[987]$8541 ($dff) from module axi_ram (D = $0$memwr$\mem$rtl/axi_ram.v:97$854_DATA[31:0]$867 [7:0], Q = \mem[987] [7:0]).
Adding EN signal on $memory\mem[987]$8541 ($dff) from module axi_ram (D = $0$memwr$\mem$rtl/axi_ram.v:100$855_DATA[31:0]$870 [15:8], Q = \mem[987] [15:8]).
Adding EN signal on $memory\mem[987]$8541 ($dff) from module axi_ram (D = $0$memwr$\mem$rtl/axi_ram.v:102$856_DATA[31:0]$873 [23:16], Q = \mem[987] [23:16]).
Adding EN signal on $memory\mem[987]$8541 ($dff) from module axi_ram (D = $0$memwr$\mem$rtl/axi_ram.v:104$857_DATA[31:0]$876 [31:24], Q = \mem[987] [31:24]).
Adding EN signal on $memory\mem[986]$8539 ($dff) from module axi_ram (D = $0$memwr$\mem$rtl/axi_ram.v:97$854_DATA[31:0]$867 [7:0], Q = \mem[986] [7:0]).
Adding EN signal on $memory\mem[986]$8539 ($dff) from module axi_ram (D = $0$memwr$\mem$rtl/axi_ram.v:100$855_DATA[31:0]$870 [15:8], Q = \mem[986] [15:8]).
Adding EN signal on $memory\mem[986]$8539 ($dff) from module axi_ram (D = $0$memwr$\mem$rtl/axi_ram.v:102$856_DATA[31:0]$873 [23:16], Q = \mem[986] [23:16]).
Adding EN signal on $memory\mem[986]$8539 ($dff) from module axi_ram (D = $0$memwr$\mem$rtl/axi_ram.v:104$857_DATA[31:0]$876 [31:24], Q = \mem[986] [31:24]).
Adding EN signal on $memory\mem[985]$8537 ($dff) from module axi_ram (D = $0$memwr$\mem$rtl/axi_ram.v:97$854_DATA[31:0]$867 [7:0], Q = \mem[985] [7:0]).
Adding EN signal on $memory\mem[985]$8537 ($dff) from module axi_ram (D = $0$memwr$\mem$rtl/axi_ram.v:100$855_DATA[31:0]$870 [15:8], Q = \mem[985] [15:8]).
Adding EN signal on $memory\mem[985]$8537 ($dff) from module axi_ram (D = $0$memwr$\mem$rtl/axi_ram.v:102$856_DATA[31:0]$873 [23:16], Q = \mem[985] [23:16]).
Adding EN signal on $memory\mem[985]$8537 ($dff) from module axi_ram (D = $0$memwr$\mem$rtl/axi_ram.v:104$857_DATA[31:0]$876 [31:24], Q = \mem[985] [31:24]).
Adding EN signal on $memory\mem[984]$8535 ($dff) from module axi_ram (D = $0$memwr$\mem$rtl/axi_ram.v:97$854_DATA[31:0]$867 [7:0], Q = \mem[984] [7:0]).
Adding EN signal on $memory\mem[984]$8535 ($dff) from module axi_ram (D = $0$memwr$\mem$rtl/axi_ram.v:100$855_DATA[31:0]$870 [15:8], Q = \mem[984] [15:8]).
Adding EN signal on $memory\mem[984]$8535 ($dff) from module axi_ram (D = $0$memwr$\mem$rtl/axi_ram.v:102$856_DATA[31:0]$873 [23:16], Q = \mem[984] [23:16]).
Adding EN signal on $memory\mem[984]$8535 ($dff) from module axi_ram (D = $0$memwr$\mem$rtl/axi_ram.v:104$857_DATA[31:0]$876 [31:24], Q = \mem[984] [31:24]).
Adding EN signal on $memory\mem[983]$8533 ($dff) from module axi_ram (D = $0$memwr$\mem$rtl/axi_ram.v:97$854_DATA[31:0]$867 [7:0], Q = \mem[983] [7:0]).
Adding EN signal on $memory\mem[983]$8533 ($dff) from module axi_ram (D = $0$memwr$\mem$rtl/axi_ram.v:100$855_DATA[31:0]$870 [15:8], Q = \mem[983] [15:8]).
Adding EN signal on $memory\mem[983]$8533 ($dff) from module axi_ram (D = $0$memwr$\mem$rtl/axi_ram.v:102$856_DATA[31:0]$873 [23:16], Q = \mem[983] [23:16]).
Adding EN signal on $memory\mem[983]$8533 ($dff) from module axi_ram (D = $0$memwr$\mem$rtl/axi_ram.v:104$857_DATA[31:0]$876 [31:24], Q = \mem[983] [31:24]).
Adding EN signal on $memory\mem[982]$8531 ($dff) from module axi_ram (D = $0$memwr$\mem$rtl/axi_ram.v:97$854_DATA[31:0]$867 [7:0], Q = \mem[982] [7:0]).
Adding EN signal on $memory\mem[982]$8531 ($dff) from module axi_ram (D = $0$memwr$\mem$rtl/axi_ram.v:100$855_DATA[31:0]$870 [15:8], Q = \mem[982] [15:8]).
Adding EN signal on $memory\mem[982]$8531 ($dff) from module axi_ram (D = $0$memwr$\mem$rtl/axi_ram.v:102$856_DATA[31:0]$873 [23:16], Q = \mem[982] [23:16]).
Adding EN signal on $memory\mem[982]$8531 ($dff) from module axi_ram (D = $0$memwr$\mem$rtl/axi_ram.v:104$857_DATA[31:0]$876 [31:24], Q = \mem[982] [31:24]).
Adding EN signal on $memory\mem[981]$8529 ($dff) from module axi_ram (D = $0$memwr$\mem$rtl/axi_ram.v:97$854_DATA[31:0]$867 [7:0], Q = \mem[981] [7:0]).
Adding EN signal on $memory\mem[981]$8529 ($dff) from module axi_ram (D = $0$memwr$\mem$rtl/axi_ram.v:100$855_DATA[31:0]$870 [15:8], Q = \mem[981] [15:8]).
Adding EN signal on $memory\mem[981]$8529 ($dff) from module axi_ram (D = $0$memwr$\mem$rtl/axi_ram.v:102$856_DATA[31:0]$873 [23:16], Q = \mem[981] [23:16]).
Adding EN signal on $memory\mem[981]$8529 ($dff) from module axi_ram (D = $0$memwr$\mem$rtl/axi_ram.v:104$857_DATA[31:0]$876 [31:24], Q = \mem[981] [31:24]).
Adding EN signal on $memory\mem[980]$8527 ($dff) from module axi_ram (D = $0$memwr$\mem$rtl/axi_ram.v:97$854_DATA[31:0]$867 [7:0], Q = \mem[980] [7:0]).
Adding EN signal on $memory\mem[980]$8527 ($dff) from module axi_ram (D = $0$memwr$\mem$rtl/axi_ram.v:100$855_DATA[31:0]$870 [15:8], Q = \mem[980] [15:8]).
Adding EN signal on $memory\mem[980]$8527 ($dff) from module axi_ram (D = $0$memwr$\mem$rtl/axi_ram.v:102$856_DATA[31:0]$873 [23:16], Q = \mem[980] [23:16]).
Adding EN signal on $memory\mem[980]$8527 ($dff) from module axi_ram (D = $0$memwr$\mem$rtl/axi_ram.v:104$857_DATA[31:0]$876 [31:24], Q = \mem[980] [31:24]).
Adding EN signal on $memory\mem[97]$6761 ($dff) from module axi_ram (D = $0$memwr$\mem$rtl/axi_ram.v:97$854_DATA[31:0]$867 [7:0], Q = \mem[97] [7:0]).
Adding EN signal on $memory\mem[97]$6761 ($dff) from module axi_ram (D = $0$memwr$\mem$rtl/axi_ram.v:100$855_DATA[31:0]$870 [15:8], Q = \mem[97] [15:8]).
Adding EN signal on $memory\mem[97]$6761 ($dff) from module axi_ram (D = $0$memwr$\mem$rtl/axi_ram.v:102$856_DATA[31:0]$873 [23:16], Q = \mem[97] [23:16]).
Adding EN signal on $memory\mem[97]$6761 ($dff) from module axi_ram (D = $0$memwr$\mem$rtl/axi_ram.v:104$857_DATA[31:0]$876 [31:24], Q = \mem[97] [31:24]).
Adding EN signal on $memory\mem[979]$8525 ($dff) from module axi_ram (D = $0$memwr$\mem$rtl/axi_ram.v:97$854_DATA[31:0]$867 [7:0], Q = \mem[979] [7:0]).
Adding EN signal on $memory\mem[979]$8525 ($dff) from module axi_ram (D = $0$memwr$\mem$rtl/axi_ram.v:100$855_DATA[31:0]$870 [15:8], Q = \mem[979] [15:8]).
Adding EN signal on $memory\mem[979]$8525 ($dff) from module axi_ram (D = $0$memwr$\mem$rtl/axi_ram.v:102$856_DATA[31:0]$873 [23:16], Q = \mem[979] [23:16]).
Adding EN signal on $memory\mem[979]$8525 ($dff) from module axi_ram (D = $0$memwr$\mem$rtl/axi_ram.v:104$857_DATA[31:0]$876 [31:24], Q = \mem[979] [31:24]).
Adding EN signal on $memory\mem[978]$8523 ($dff) from module axi_ram (D = $0$memwr$\mem$rtl/axi_ram.v:97$854_DATA[31:0]$867 [7:0], Q = \mem[978] [7:0]).
Adding EN signal on $memory\mem[978]$8523 ($dff) from module axi_ram (D = $0$memwr$\mem$rtl/axi_ram.v:100$855_DATA[31:0]$870 [15:8], Q = \mem[978] [15:8]).
Adding EN signal on $memory\mem[978]$8523 ($dff) from module axi_ram (D = $0$memwr$\mem$rtl/axi_ram.v:102$856_DATA[31:0]$873 [23:16], Q = \mem[978] [23:16]).
Adding EN signal on $memory\mem[978]$8523 ($dff) from module axi_ram (D = $0$memwr$\mem$rtl/axi_ram.v:104$857_DATA[31:0]$876 [31:24], Q = \mem[978] [31:24]).
Adding EN signal on $memory\mem[977]$8521 ($dff) from module axi_ram (D = $0$memwr$\mem$rtl/axi_ram.v:97$854_DATA[31:0]$867 [7:0], Q = \mem[977] [7:0]).
Adding EN signal on $memory\mem[977]$8521 ($dff) from module axi_ram (D = $0$memwr$\mem$rtl/axi_ram.v:100$855_DATA[31:0]$870 [15:8], Q = \mem[977] [15:8]).
Adding EN signal on $memory\mem[977]$8521 ($dff) from module axi_ram (D = $0$memwr$\mem$rtl/axi_ram.v:102$856_DATA[31:0]$873 [23:16], Q = \mem[977] [23:16]).
Adding EN signal on $memory\mem[977]$8521 ($dff) from module axi_ram (D = $0$memwr$\mem$rtl/axi_ram.v:104$857_DATA[31:0]$876 [31:24], Q = \mem[977] [31:24]).
Adding EN signal on $memory\mem[976]$8519 ($dff) from module axi_ram (D = $0$memwr$\mem$rtl/axi_ram.v:97$854_DATA[31:0]$867 [7:0], Q = \mem[976] [7:0]).
Adding EN signal on $memory\mem[976]$8519 ($dff) from module axi_ram (D = $0$memwr$\mem$rtl/axi_ram.v:100$855_DATA[31:0]$870 [15:8], Q = \mem[976] [15:8]).
Adding EN signal on $memory\mem[976]$8519 ($dff) from module axi_ram (D = $0$memwr$\mem$rtl/axi_ram.v:102$856_DATA[31:0]$873 [23:16], Q = \mem[976] [23:16]).
Adding EN signal on $memory\mem[976]$8519 ($dff) from module axi_ram (D = $0$memwr$\mem$rtl/axi_ram.v:104$857_DATA[31:0]$876 [31:24], Q = \mem[976] [31:24]).
Adding EN signal on $memory\mem[975]$8517 ($dff) from module axi_ram (D = $0$memwr$\mem$rtl/axi_ram.v:97$854_DATA[31:0]$867 [7:0], Q = \mem[975] [7:0]).
Adding EN signal on $memory\mem[975]$8517 ($dff) from module axi_ram (D = $0$memwr$\mem$rtl/axi_ram.v:100$855_DATA[31:0]$870 [15:8], Q = \mem[975] [15:8]).
Adding EN signal on $memory\mem[975]$8517 ($dff) from module axi_ram (D = $0$memwr$\mem$rtl/axi_ram.v:102$856_DATA[31:0]$873 [23:16], Q = \mem[975] [23:16]).
Adding EN signal on $memory\mem[975]$8517 ($dff) from module axi_ram (D = $0$memwr$\mem$rtl/axi_ram.v:104$857_DATA[31:0]$876 [31:24], Q = \mem[975] [31:24]).
Adding EN signal on $memory\mem[974]$8515 ($dff) from module axi_ram (D = $0$memwr$\mem$rtl/axi_ram.v:97$854_DATA[31:0]$867 [7:0], Q = \mem[974] [7:0]).
Adding EN signal on $memory\mem[974]$8515 ($dff) from module axi_ram (D = $0$memwr$\mem$rtl/axi_ram.v:100$855_DATA[31:0]$870 [15:8], Q = \mem[974] [15:8]).
Adding EN signal on $memory\mem[974]$8515 ($dff) from module axi_ram (D = $0$memwr$\mem$rtl/axi_ram.v:102$856_DATA[31:0]$873 [23:16], Q = \mem[974] [23:16]).
Adding EN signal on $memory\mem[974]$8515 ($dff) from module axi_ram (D = $0$memwr$\mem$rtl/axi_ram.v:104$857_DATA[31:0]$876 [31:24], Q = \mem[974] [31:24]).
Adding EN signal on $memory\mem[973]$8513 ($dff) from module axi_ram (D = $0$memwr$\mem$rtl/axi_ram.v:97$854_DATA[31:0]$867 [7:0], Q = \mem[973] [7:0]).
Adding EN signal on $memory\mem[973]$8513 ($dff) from module axi_ram (D = $0$memwr$\mem$rtl/axi_ram.v:100$855_DATA[31:0]$870 [15:8], Q = \mem[973] [15:8]).
Adding EN signal on $memory\mem[973]$8513 ($dff) from module axi_ram (D = $0$memwr$\mem$rtl/axi_ram.v:102$856_DATA[31:0]$873 [23:16], Q = \mem[973] [23:16]).
Adding EN signal on $memory\mem[973]$8513 ($dff) from module axi_ram (D = $0$memwr$\mem$rtl/axi_ram.v:104$857_DATA[31:0]$876 [31:24], Q = \mem[973] [31:24]).
Adding EN signal on $memory\mem[972]$8511 ($dff) from module axi_ram (D = $0$memwr$\mem$rtl/axi_ram.v:97$854_DATA[31:0]$867 [7:0], Q = \mem[972] [7:0]).
Adding EN signal on $memory\mem[972]$8511 ($dff) from module axi_ram (D = $0$memwr$\mem$rtl/axi_ram.v:100$855_DATA[31:0]$870 [15:8], Q = \mem[972] [15:8]).
Adding EN signal on $memory\mem[972]$8511 ($dff) from module axi_ram (D = $0$memwr$\mem$rtl/axi_ram.v:102$856_DATA[31:0]$873 [23:16], Q = \mem[972] [23:16]).
Adding EN signal on $memory\mem[972]$8511 ($dff) from module axi_ram (D = $0$memwr$\mem$rtl/axi_ram.v:104$857_DATA[31:0]$876 [31:24], Q = \mem[972] [31:24]).
Adding EN signal on $memory\mem[971]$8509 ($dff) from module axi_ram (D = $0$memwr$\mem$rtl/axi_ram.v:97$854_DATA[31:0]$867 [7:0], Q = \mem[971] [7:0]).
Adding EN signal on $memory\mem[971]$8509 ($dff) from module axi_ram (D = $0$memwr$\mem$rtl/axi_ram.v:100$855_DATA[31:0]$870 [15:8], Q = \mem[971] [15:8]).
Adding EN signal on $memory\mem[971]$8509 ($dff) from module axi_ram (D = $0$memwr$\mem$rtl/axi_ram.v:102$856_DATA[31:0]$873 [23:16], Q = \mem[971] [23:16]).
Adding EN signal on $memory\mem[971]$8509 ($dff) from module axi_ram (D = $0$memwr$\mem$rtl/axi_ram.v:104$857_DATA[31:0]$876 [31:24], Q = \mem[971] [31:24]).
Adding EN signal on $memory\mem[970]$8507 ($dff) from module axi_ram (D = $0$memwr$\mem$rtl/axi_ram.v:97$854_DATA[31:0]$867 [7:0], Q = \mem[970] [7:0]).
Adding EN signal on $memory\mem[970]$8507 ($dff) from module axi_ram (D = $0$memwr$\mem$rtl/axi_ram.v:100$855_DATA[31:0]$870 [15:8], Q = \mem[970] [15:8]).
Adding EN signal on $memory\mem[970]$8507 ($dff) from module axi_ram (D = $0$memwr$\mem$rtl/axi_ram.v:102$856_DATA[31:0]$873 [23:16], Q = \mem[970] [23:16]).
Adding EN signal on $memory\mem[970]$8507 ($dff) from module axi_ram (D = $0$memwr$\mem$rtl/axi_ram.v:104$857_DATA[31:0]$876 [31:24], Q = \mem[970] [31:24]).
Adding EN signal on $memory\mem[96]$6759 ($dff) from module axi_ram (D = $0$memwr$\mem$rtl/axi_ram.v:97$854_DATA[31:0]$867 [7:0], Q = \mem[96] [7:0]).
Adding EN signal on $memory\mem[96]$6759 ($dff) from module axi_ram (D = $0$memwr$\mem$rtl/axi_ram.v:100$855_DATA[31:0]$870 [15:8], Q = \mem[96] [15:8]).
Adding EN signal on $memory\mem[96]$6759 ($dff) from module axi_ram (D = $0$memwr$\mem$rtl/axi_ram.v:102$856_DATA[31:0]$873 [23:16], Q = \mem[96] [23:16]).
Adding EN signal on $memory\mem[96]$6759 ($dff) from module axi_ram (D = $0$memwr$\mem$rtl/axi_ram.v:104$857_DATA[31:0]$876 [31:24], Q = \mem[96] [31:24]).
Adding EN signal on $memory\mem[969]$8505 ($dff) from module axi_ram (D = $0$memwr$\mem$rtl/axi_ram.v:97$854_DATA[31:0]$867 [7:0], Q = \mem[969] [7:0]).
Adding EN signal on $memory\mem[969]$8505 ($dff) from module axi_ram (D = $0$memwr$\mem$rtl/axi_ram.v:100$855_DATA[31:0]$870 [15:8], Q = \mem[969] [15:8]).
Adding EN signal on $memory\mem[969]$8505 ($dff) from module axi_ram (D = $0$memwr$\mem$rtl/axi_ram.v:102$856_DATA[31:0]$873 [23:16], Q = \mem[969] [23:16]).
Adding EN signal on $memory\mem[969]$8505 ($dff) from module axi_ram (D = $0$memwr$\mem$rtl/axi_ram.v:104$857_DATA[31:0]$876 [31:24], Q = \mem[969] [31:24]).
Adding EN signal on $memory\mem[968]$8503 ($dff) from module axi_ram (D = $0$memwr$\mem$rtl/axi_ram.v:97$854_DATA[31:0]$867 [7:0], Q = \mem[968] [7:0]).
Adding EN signal on $memory\mem[968]$8503 ($dff) from module axi_ram (D = $0$memwr$\mem$rtl/axi_ram.v:100$855_DATA[31:0]$870 [15:8], Q = \mem[968] [15:8]).
Adding EN signal on $memory\mem[968]$8503 ($dff) from module axi_ram (D = $0$memwr$\mem$rtl/axi_ram.v:102$856_DATA[31:0]$873 [23:16], Q = \mem[968] [23:16]).
Adding EN signal on $memory\mem[968]$8503 ($dff) from module axi_ram (D = $0$memwr$\mem$rtl/axi_ram.v:104$857_DATA[31:0]$876 [31:24], Q = \mem[968] [31:24]).
Adding EN signal on $memory\mem[967]$8501 ($dff) from module axi_ram (D = $0$memwr$\mem$rtl/axi_ram.v:97$854_DATA[31:0]$867 [7:0], Q = \mem[967] [7:0]).
Adding EN signal on $memory\mem[967]$8501 ($dff) from module axi_ram (D = $0$memwr$\mem$rtl/axi_ram.v:100$855_DATA[31:0]$870 [15:8], Q = \mem[967] [15:8]).
Adding EN signal on $memory\mem[967]$8501 ($dff) from module axi_ram (D = $0$memwr$\mem$rtl/axi_ram.v:102$856_DATA[31:0]$873 [23:16], Q = \mem[967] [23:16]).
Adding EN signal on $memory\mem[967]$8501 ($dff) from module axi_ram (D = $0$memwr$\mem$rtl/axi_ram.v:104$857_DATA[31:0]$876 [31:24], Q = \mem[967] [31:24]).
Adding EN signal on $memory\mem[966]$8499 ($dff) from module axi_ram (D = $0$memwr$\mem$rtl/axi_ram.v:97$854_DATA[31:0]$867 [7:0], Q = \mem[966] [7:0]).
Adding EN signal on $memory\mem[966]$8499 ($dff) from module axi_ram (D = $0$memwr$\mem$rtl/axi_ram.v:100$855_DATA[31:0]$870 [15:8], Q = \mem[966] [15:8]).
Adding EN signal on $memory\mem[966]$8499 ($dff) from module axi_ram (D = $0$memwr$\mem$rtl/axi_ram.v:102$856_DATA[31:0]$873 [23:16], Q = \mem[966] [23:16]).
Adding EN signal on $memory\mem[966]$8499 ($dff) from module axi_ram (D = $0$memwr$\mem$rtl/axi_ram.v:104$857_DATA[31:0]$876 [31:24], Q = \mem[966] [31:24]).
Adding EN signal on $memory\mem[965]$8497 ($dff) from module axi_ram (D = $0$memwr$\mem$rtl/axi_ram.v:97$854_DATA[31:0]$867 [7:0], Q = \mem[965] [7:0]).
Adding EN signal on $memory\mem[965]$8497 ($dff) from module axi_ram (D = $0$memwr$\mem$rtl/axi_ram.v:100$855_DATA[31:0]$870 [15:8], Q = \mem[965] [15:8]).
Adding EN signal on $memory\mem[965]$8497 ($dff) from module axi_ram (D = $0$memwr$\mem$rtl/axi_ram.v:102$856_DATA[31:0]$873 [23:16], Q = \mem[965] [23:16]).
Adding EN signal on $memory\mem[965]$8497 ($dff) from module axi_ram (D = $0$memwr$\mem$rtl/axi_ram.v:104$857_DATA[31:0]$876 [31:24], Q = \mem[965] [31:24]).
Adding EN signal on $memory\mem[964]$8495 ($dff) from module axi_ram (D = $0$memwr$\mem$rtl/axi_ram.v:97$854_DATA[31:0]$867 [7:0], Q = \mem[964] [7:0]).
Adding EN signal on $memory\mem[964]$8495 ($dff) from module axi_ram (D = $0$memwr$\mem$rtl/axi_ram.v:100$855_DATA[31:0]$870 [15:8], Q = \mem[964] [15:8]).
Adding EN signal on $memory\mem[964]$8495 ($dff) from module axi_ram (D = $0$memwr$\mem$rtl/axi_ram.v:102$856_DATA[31:0]$873 [23:16], Q = \mem[964] [23:16]).
Adding EN signal on $memory\mem[964]$8495 ($dff) from module axi_ram (D = $0$memwr$\mem$rtl/axi_ram.v:104$857_DATA[31:0]$876 [31:24], Q = \mem[964] [31:24]).
Adding EN signal on $memory\mem[963]$8493 ($dff) from module axi_ram (D = $0$memwr$\mem$rtl/axi_ram.v:97$854_DATA[31:0]$867 [7:0], Q = \mem[963] [7:0]).
Adding EN signal on $memory\mem[963]$8493 ($dff) from module axi_ram (D = $0$memwr$\mem$rtl/axi_ram.v:100$855_DATA[31:0]$870 [15:8], Q = \mem[963] [15:8]).
Adding EN signal on $memory\mem[963]$8493 ($dff) from module axi_ram (D = $0$memwr$\mem$rtl/axi_ram.v:102$856_DATA[31:0]$873 [23:16], Q = \mem[963] [23:16]).
Adding EN signal on $memory\mem[963]$8493 ($dff) from module axi_ram (D = $0$memwr$\mem$rtl/axi_ram.v:104$857_DATA[31:0]$876 [31:24], Q = \mem[963] [31:24]).
Adding EN signal on $memory\mem[962]$8491 ($dff) from module axi_ram (D = $0$memwr$\mem$rtl/axi_ram.v:97$854_DATA[31:0]$867 [7:0], Q = \mem[962] [7:0]).
Adding EN signal on $memory\mem[962]$8491 ($dff) from module axi_ram (D = $0$memwr$\mem$rtl/axi_ram.v:100$855_DATA[31:0]$870 [15:8], Q = \mem[962] [15:8]).
Adding EN signal on $memory\mem[962]$8491 ($dff) from module axi_ram (D = $0$memwr$\mem$rtl/axi_ram.v:102$856_DATA[31:0]$873 [23:16], Q = \mem[962] [23:16]).
Adding EN signal on $memory\mem[962]$8491 ($dff) from module axi_ram (D = $0$memwr$\mem$rtl/axi_ram.v:104$857_DATA[31:0]$876 [31:24], Q = \mem[962] [31:24]).
Adding EN signal on $memory\mem[961]$8489 ($dff) from module axi_ram (D = $0$memwr$\mem$rtl/axi_ram.v:97$854_DATA[31:0]$867 [7:0], Q = \mem[961] [7:0]).
Adding EN signal on $memory\mem[961]$8489 ($dff) from module axi_ram (D = $0$memwr$\mem$rtl/axi_ram.v:100$855_DATA[31:0]$870 [15:8], Q = \mem[961] [15:8]).
Adding EN signal on $memory\mem[961]$8489 ($dff) from module axi_ram (D = $0$memwr$\mem$rtl/axi_ram.v:102$856_DATA[31:0]$873 [23:16], Q = \mem[961] [23:16]).
Adding EN signal on $memory\mem[961]$8489 ($dff) from module axi_ram (D = $0$memwr$\mem$rtl/axi_ram.v:104$857_DATA[31:0]$876 [31:24], Q = \mem[961] [31:24]).
Adding EN signal on $memory\mem[960]$8487 ($dff) from module axi_ram (D = $0$memwr$\mem$rtl/axi_ram.v:97$854_DATA[31:0]$867 [7:0], Q = \mem[960] [7:0]).
Adding EN signal on $memory\mem[960]$8487 ($dff) from module axi_ram (D = $0$memwr$\mem$rtl/axi_ram.v:100$855_DATA[31:0]$870 [15:8], Q = \mem[960] [15:8]).
Adding EN signal on $memory\mem[960]$8487 ($dff) from module axi_ram (D = $0$memwr$\mem$rtl/axi_ram.v:102$856_DATA[31:0]$873 [23:16], Q = \mem[960] [23:16]).
Adding EN signal on $memory\mem[960]$8487 ($dff) from module axi_ram (D = $0$memwr$\mem$rtl/axi_ram.v:104$857_DATA[31:0]$876 [31:24], Q = \mem[960] [31:24]).
Adding EN signal on $memory\mem[95]$6757 ($dff) from module axi_ram (D = $0$memwr$\mem$rtl/axi_ram.v:97$854_DATA[31:0]$867 [7:0], Q = \mem[95] [7:0]).
Adding EN signal on $memory\mem[95]$6757 ($dff) from module axi_ram (D = $0$memwr$\mem$rtl/axi_ram.v:100$855_DATA[31:0]$870 [15:8], Q = \mem[95] [15:8]).
Adding EN signal on $memory\mem[95]$6757 ($dff) from module axi_ram (D = $0$memwr$\mem$rtl/axi_ram.v:102$856_DATA[31:0]$873 [23:16], Q = \mem[95] [23:16]).
Adding EN signal on $memory\mem[95]$6757 ($dff) from module axi_ram (D = $0$memwr$\mem$rtl/axi_ram.v:104$857_DATA[31:0]$876 [31:24], Q = \mem[95] [31:24]).
Adding EN signal on $memory\mem[959]$8485 ($dff) from module axi_ram (D = $0$memwr$\mem$rtl/axi_ram.v:97$854_DATA[31:0]$867 [7:0], Q = \mem[959] [7:0]).
Adding EN signal on $memory\mem[959]$8485 ($dff) from module axi_ram (D = $0$memwr$\mem$rtl/axi_ram.v:100$855_DATA[31:0]$870 [15:8], Q = \mem[959] [15:8]).
Adding EN signal on $memory\mem[959]$8485 ($dff) from module axi_ram (D = $0$memwr$\mem$rtl/axi_ram.v:102$856_DATA[31:0]$873 [23:16], Q = \mem[959] [23:16]).
Adding EN signal on $memory\mem[959]$8485 ($dff) from module axi_ram (D = $0$memwr$\mem$rtl/axi_ram.v:104$857_DATA[31:0]$876 [31:24], Q = \mem[959] [31:24]).
Adding EN signal on $memory\mem[958]$8483 ($dff) from module axi_ram (D = $0$memwr$\mem$rtl/axi_ram.v:97$854_DATA[31:0]$867 [7:0], Q = \mem[958] [7:0]).
Adding EN signal on $memory\mem[958]$8483 ($dff) from module axi_ram (D = $0$memwr$\mem$rtl/axi_ram.v:100$855_DATA[31:0]$870 [15:8], Q = \mem[958] [15:8]).
Adding EN signal on $memory\mem[958]$8483 ($dff) from module axi_ram (D = $0$memwr$\mem$rtl/axi_ram.v:102$856_DATA[31:0]$873 [23:16], Q = \mem[958] [23:16]).
Adding EN signal on $memory\mem[958]$8483 ($dff) from module axi_ram (D = $0$memwr$\mem$rtl/axi_ram.v:104$857_DATA[31:0]$876 [31:24], Q = \mem[958] [31:24]).
Adding EN signal on $memory\mem[957]$8481 ($dff) from module axi_ram (D = $0$memwr$\mem$rtl/axi_ram.v:97$854_DATA[31:0]$867 [7:0], Q = \mem[957] [7:0]).
Adding EN signal on $memory\mem[957]$8481 ($dff) from module axi_ram (D = $0$memwr$\mem$rtl/axi_ram.v:100$855_DATA[31:0]$870 [15:8], Q = \mem[957] [15:8]).
Adding EN signal on $memory\mem[957]$8481 ($dff) from module axi_ram (D = $0$memwr$\mem$rtl/axi_ram.v:102$856_DATA[31:0]$873 [23:16], Q = \mem[957] [23:16]).
Adding EN signal on $memory\mem[957]$8481 ($dff) from module axi_ram (D = $0$memwr$\mem$rtl/axi_ram.v:104$857_DATA[31:0]$876 [31:24], Q = \mem[957] [31:24]).
Adding EN signal on $memory\mem[956]$8479 ($dff) from module axi_ram (D = $0$memwr$\mem$rtl/axi_ram.v:97$854_DATA[31:0]$867 [7:0], Q = \mem[956] [7:0]).
Adding EN signal on $memory\mem[956]$8479 ($dff) from module axi_ram (D = $0$memwr$\mem$rtl/axi_ram.v:100$855_DATA[31:0]$870 [15:8], Q = \mem[956] [15:8]).
Adding EN signal on $memory\mem[956]$8479 ($dff) from module axi_ram (D = $0$memwr$\mem$rtl/axi_ram.v:102$856_DATA[31:0]$873 [23:16], Q = \mem[956] [23:16]).
Adding EN signal on $memory\mem[956]$8479 ($dff) from module axi_ram (D = $0$memwr$\mem$rtl/axi_ram.v:104$857_DATA[31:0]$876 [31:24], Q = \mem[956] [31:24]).
Adding EN signal on $memory\mem[955]$8477 ($dff) from module axi_ram (D = $0$memwr$\mem$rtl/axi_ram.v:97$854_DATA[31:0]$867 [7:0], Q = \mem[955] [7:0]).
Adding EN signal on $memory\mem[955]$8477 ($dff) from module axi_ram (D = $0$memwr$\mem$rtl/axi_ram.v:100$855_DATA[31:0]$870 [15:8], Q = \mem[955] [15:8]).
Adding EN signal on $memory\mem[955]$8477 ($dff) from module axi_ram (D = $0$memwr$\mem$rtl/axi_ram.v:102$856_DATA[31:0]$873 [23:16], Q = \mem[955] [23:16]).
Adding EN signal on $memory\mem[955]$8477 ($dff) from module axi_ram (D = $0$memwr$\mem$rtl/axi_ram.v:104$857_DATA[31:0]$876 [31:24], Q = \mem[955] [31:24]).
Adding EN signal on $memory\mem[954]$8475 ($dff) from module axi_ram (D = $0$memwr$\mem$rtl/axi_ram.v:97$854_DATA[31:0]$867 [7:0], Q = \mem[954] [7:0]).
Adding EN signal on $memory\mem[954]$8475 ($dff) from module axi_ram (D = $0$memwr$\mem$rtl/axi_ram.v:100$855_DATA[31:0]$870 [15:8], Q = \mem[954] [15:8]).
Adding EN signal on $memory\mem[954]$8475 ($dff) from module axi_ram (D = $0$memwr$\mem$rtl/axi_ram.v:102$856_DATA[31:0]$873 [23:16], Q = \mem[954] [23:16]).
Adding EN signal on $memory\mem[954]$8475 ($dff) from module axi_ram (D = $0$memwr$\mem$rtl/axi_ram.v:104$857_DATA[31:0]$876 [31:24], Q = \mem[954] [31:24]).
Adding EN signal on $memory\mem[953]$8473 ($dff) from module axi_ram (D = $0$memwr$\mem$rtl/axi_ram.v:97$854_DATA[31:0]$867 [7:0], Q = \mem[953] [7:0]).
Adding EN signal on $memory\mem[953]$8473 ($dff) from module axi_ram (D = $0$memwr$\mem$rtl/axi_ram.v:100$855_DATA[31:0]$870 [15:8], Q = \mem[953] [15:8]).
Adding EN signal on $memory\mem[953]$8473 ($dff) from module axi_ram (D = $0$memwr$\mem$rtl/axi_ram.v:102$856_DATA[31:0]$873 [23:16], Q = \mem[953] [23:16]).
Adding EN signal on $memory\mem[953]$8473 ($dff) from module axi_ram (D = $0$memwr$\mem$rtl/axi_ram.v:104$857_DATA[31:0]$876 [31:24], Q = \mem[953] [31:24]).
Adding EN signal on $memory\mem[952]$8471 ($dff) from module axi_ram (D = $0$memwr$\mem$rtl/axi_ram.v:97$854_DATA[31:0]$867 [7:0], Q = \mem[952] [7:0]).
Adding EN signal on $memory\mem[952]$8471 ($dff) from module axi_ram (D = $0$memwr$\mem$rtl/axi_ram.v:100$855_DATA[31:0]$870 [15:8], Q = \mem[952] [15:8]).
Adding EN signal on $memory\mem[952]$8471 ($dff) from module axi_ram (D = $0$memwr$\mem$rtl/axi_ram.v:102$856_DATA[31:0]$873 [23:16], Q = \mem[952] [23:16]).
Adding EN signal on $memory\mem[952]$8471 ($dff) from module axi_ram (D = $0$memwr$\mem$rtl/axi_ram.v:104$857_DATA[31:0]$876 [31:24], Q = \mem[952] [31:24]).
Adding EN signal on $memory\mem[951]$8469 ($dff) from module axi_ram (D = $0$memwr$\mem$rtl/axi_ram.v:97$854_DATA[31:0]$867 [7:0], Q = \mem[951] [7:0]).
Adding EN signal on $memory\mem[951]$8469 ($dff) from module axi_ram (D = $0$memwr$\mem$rtl/axi_ram.v:100$855_DATA[31:0]$870 [15:8], Q = \mem[951] [15:8]).
Adding EN signal on $memory\mem[951]$8469 ($dff) from module axi_ram (D = $0$memwr$\mem$rtl/axi_ram.v:102$856_DATA[31:0]$873 [23:16], Q = \mem[951] [23:16]).
Adding EN signal on $memory\mem[951]$8469 ($dff) from module axi_ram (D = $0$memwr$\mem$rtl/axi_ram.v:104$857_DATA[31:0]$876 [31:24], Q = \mem[951] [31:24]).
Adding EN signal on $memory\mem[950]$8467 ($dff) from module axi_ram (D = $0$memwr$\mem$rtl/axi_ram.v:97$854_DATA[31:0]$867 [7:0], Q = \mem[950] [7:0]).
Adding EN signal on $memory\mem[950]$8467 ($dff) from module axi_ram (D = $0$memwr$\mem$rtl/axi_ram.v:100$855_DATA[31:0]$870 [15:8], Q = \mem[950] [15:8]).
Adding EN signal on $memory\mem[950]$8467 ($dff) from module axi_ram (D = $0$memwr$\mem$rtl/axi_ram.v:102$856_DATA[31:0]$873 [23:16], Q = \mem[950] [23:16]).
Adding EN signal on $memory\mem[950]$8467 ($dff) from module axi_ram (D = $0$memwr$\mem$rtl/axi_ram.v:104$857_DATA[31:0]$876 [31:24], Q = \mem[950] [31:24]).
Adding EN signal on $memory\mem[94]$6755 ($dff) from module axi_ram (D = $0$memwr$\mem$rtl/axi_ram.v:97$854_DATA[31:0]$867 [7:0], Q = \mem[94] [7:0]).
Adding EN signal on $memory\mem[94]$6755 ($dff) from module axi_ram (D = $0$memwr$\mem$rtl/axi_ram.v:100$855_DATA[31:0]$870 [15:8], Q = \mem[94] [15:8]).
Adding EN signal on $memory\mem[94]$6755 ($dff) from module axi_ram (D = $0$memwr$\mem$rtl/axi_ram.v:102$856_DATA[31:0]$873 [23:16], Q = \mem[94] [23:16]).
Adding EN signal on $memory\mem[94]$6755 ($dff) from module axi_ram (D = $0$memwr$\mem$rtl/axi_ram.v:104$857_DATA[31:0]$876 [31:24], Q = \mem[94] [31:24]).
Adding EN signal on $memory\mem[949]$8465 ($dff) from module axi_ram (D = $0$memwr$\mem$rtl/axi_ram.v:97$854_DATA[31:0]$867 [7:0], Q = \mem[949] [7:0]).
Adding EN signal on $memory\mem[949]$8465 ($dff) from module axi_ram (D = $0$memwr$\mem$rtl/axi_ram.v:100$855_DATA[31:0]$870 [15:8], Q = \mem[949] [15:8]).
Adding EN signal on $memory\mem[949]$8465 ($dff) from module axi_ram (D = $0$memwr$\mem$rtl/axi_ram.v:102$856_DATA[31:0]$873 [23:16], Q = \mem[949] [23:16]).
Adding EN signal on $memory\mem[949]$8465 ($dff) from module axi_ram (D = $0$memwr$\mem$rtl/axi_ram.v:104$857_DATA[31:0]$876 [31:24], Q = \mem[949] [31:24]).
Adding EN signal on $memory\mem[948]$8463 ($dff) from module axi_ram (D = $0$memwr$\mem$rtl/axi_ram.v:97$854_DATA[31:0]$867 [7:0], Q = \mem[948] [7:0]).
Adding EN signal on $memory\mem[948]$8463 ($dff) from module axi_ram (D = $0$memwr$\mem$rtl/axi_ram.v:100$855_DATA[31:0]$870 [15:8], Q = \mem[948] [15:8]).
Adding EN signal on $memory\mem[948]$8463 ($dff) from module axi_ram (D = $0$memwr$\mem$rtl/axi_ram.v:102$856_DATA[31:0]$873 [23:16], Q = \mem[948] [23:16]).
Adding EN signal on $memory\mem[948]$8463 ($dff) from module axi_ram (D = $0$memwr$\mem$rtl/axi_ram.v:104$857_DATA[31:0]$876 [31:24], Q = \mem[948] [31:24]).
Adding EN signal on $memory\mem[947]$8461 ($dff) from module axi_ram (D = $0$memwr$\mem$rtl/axi_ram.v:97$854_DATA[31:0]$867 [7:0], Q = \mem[947] [7:0]).
Adding EN signal on $memory\mem[947]$8461 ($dff) from module axi_ram (D = $0$memwr$\mem$rtl/axi_ram.v:100$855_DATA[31:0]$870 [15:8], Q = \mem[947] [15:8]).
Adding EN signal on $memory\mem[947]$8461 ($dff) from module axi_ram (D = $0$memwr$\mem$rtl/axi_ram.v:102$856_DATA[31:0]$873 [23:16], Q = \mem[947] [23:16]).
Adding EN signal on $memory\mem[947]$8461 ($dff) from module axi_ram (D = $0$memwr$\mem$rtl/axi_ram.v:104$857_DATA[31:0]$876 [31:24], Q = \mem[947] [31:24]).
Adding EN signal on $memory\mem[946]$8459 ($dff) from module axi_ram (D = $0$memwr$\mem$rtl/axi_ram.v:97$854_DATA[31:0]$867 [7:0], Q = \mem[946] [7:0]).
Adding EN signal on $memory\mem[946]$8459 ($dff) from module axi_ram (D = $0$memwr$\mem$rtl/axi_ram.v:100$855_DATA[31:0]$870 [15:8], Q = \mem[946] [15:8]).
Adding EN signal on $memory\mem[946]$8459 ($dff) from module axi_ram (D = $0$memwr$\mem$rtl/axi_ram.v:102$856_DATA[31:0]$873 [23:16], Q = \mem[946] [23:16]).
Adding EN signal on $memory\mem[946]$8459 ($dff) from module axi_ram (D = $0$memwr$\mem$rtl/axi_ram.v:104$857_DATA[31:0]$876 [31:24], Q = \mem[946] [31:24]).
Adding EN signal on $memory\mem[945]$8457 ($dff) from module axi_ram (D = $0$memwr$\mem$rtl/axi_ram.v:97$854_DATA[31:0]$867 [7:0], Q = \mem[945] [7:0]).
Adding EN signal on $memory\mem[945]$8457 ($dff) from module axi_ram (D = $0$memwr$\mem$rtl/axi_ram.v:100$855_DATA[31:0]$870 [15:8], Q = \mem[945] [15:8]).
Adding EN signal on $memory\mem[945]$8457 ($dff) from module axi_ram (D = $0$memwr$\mem$rtl/axi_ram.v:102$856_DATA[31:0]$873 [23:16], Q = \mem[945] [23:16]).
Adding EN signal on $memory\mem[945]$8457 ($dff) from module axi_ram (D = $0$memwr$\mem$rtl/axi_ram.v:104$857_DATA[31:0]$876 [31:24], Q = \mem[945] [31:24]).
Adding EN signal on $memory\mem[944]$8455 ($dff) from module axi_ram (D = $0$memwr$\mem$rtl/axi_ram.v:97$854_DATA[31:0]$867 [7:0], Q = \mem[944] [7:0]).
Adding EN signal on $memory\mem[944]$8455 ($dff) from module axi_ram (D = $0$memwr$\mem$rtl/axi_ram.v:100$855_DATA[31:0]$870 [15:8], Q = \mem[944] [15:8]).
Adding EN signal on $memory\mem[944]$8455 ($dff) from module axi_ram (D = $0$memwr$\mem$rtl/axi_ram.v:102$856_DATA[31:0]$873 [23:16], Q = \mem[944] [23:16]).
Adding EN signal on $memory\mem[944]$8455 ($dff) from module axi_ram (D = $0$memwr$\mem$rtl/axi_ram.v:104$857_DATA[31:0]$876 [31:24], Q = \mem[944] [31:24]).
Adding EN signal on $memory\mem[943]$8453 ($dff) from module axi_ram (D = $0$memwr$\mem$rtl/axi_ram.v:97$854_DATA[31:0]$867 [7:0], Q = \mem[943] [7:0]).
Adding EN signal on $memory\mem[943]$8453 ($dff) from module axi_ram (D = $0$memwr$\mem$rtl/axi_ram.v:100$855_DATA[31:0]$870 [15:8], Q = \mem[943] [15:8]).
Adding EN signal on $memory\mem[943]$8453 ($dff) from module axi_ram (D = $0$memwr$\mem$rtl/axi_ram.v:102$856_DATA[31:0]$873 [23:16], Q = \mem[943] [23:16]).
Adding EN signal on $memory\mem[943]$8453 ($dff) from module axi_ram (D = $0$memwr$\mem$rtl/axi_ram.v:104$857_DATA[31:0]$876 [31:24], Q = \mem[943] [31:24]).
Adding EN signal on $memory\mem[942]$8451 ($dff) from module axi_ram (D = $0$memwr$\mem$rtl/axi_ram.v:97$854_DATA[31:0]$867 [7:0], Q = \mem[942] [7:0]).
Adding EN signal on $memory\mem[942]$8451 ($dff) from module axi_ram (D = $0$memwr$\mem$rtl/axi_ram.v:100$855_DATA[31:0]$870 [15:8], Q = \mem[942] [15:8]).
Adding EN signal on $memory\mem[942]$8451 ($dff) from module axi_ram (D = $0$memwr$\mem$rtl/axi_ram.v:102$856_DATA[31:0]$873 [23:16], Q = \mem[942] [23:16]).
Adding EN signal on $memory\mem[942]$8451 ($dff) from module axi_ram (D = $0$memwr$\mem$rtl/axi_ram.v:104$857_DATA[31:0]$876 [31:24], Q = \mem[942] [31:24]).
Adding EN signal on $memory\mem[941]$8449 ($dff) from module axi_ram (D = $0$memwr$\mem$rtl/axi_ram.v:97$854_DATA[31:0]$867 [7:0], Q = \mem[941] [7:0]).
Adding EN signal on $memory\mem[941]$8449 ($dff) from module axi_ram (D = $0$memwr$\mem$rtl/axi_ram.v:100$855_DATA[31:0]$870 [15:8], Q = \mem[941] [15:8]).
Adding EN signal on $memory\mem[941]$8449 ($dff) from module axi_ram (D = $0$memwr$\mem$rtl/axi_ram.v:102$856_DATA[31:0]$873 [23:16], Q = \mem[941] [23:16]).
Adding EN signal on $memory\mem[941]$8449 ($dff) from module axi_ram (D = $0$memwr$\mem$rtl/axi_ram.v:104$857_DATA[31:0]$876 [31:24], Q = \mem[941] [31:24]).
Adding EN signal on $memory\mem[940]$8447 ($dff) from module axi_ram (D = $0$memwr$\mem$rtl/axi_ram.v:97$854_DATA[31:0]$867 [7:0], Q = \mem[940] [7:0]).
Adding EN signal on $memory\mem[940]$8447 ($dff) from module axi_ram (D = $0$memwr$\mem$rtl/axi_ram.v:100$855_DATA[31:0]$870 [15:8], Q = \mem[940] [15:8]).
Adding EN signal on $memory\mem[940]$8447 ($dff) from module axi_ram (D = $0$memwr$\mem$rtl/axi_ram.v:102$856_DATA[31:0]$873 [23:16], Q = \mem[940] [23:16]).
Adding EN signal on $memory\mem[940]$8447 ($dff) from module axi_ram (D = $0$memwr$\mem$rtl/axi_ram.v:104$857_DATA[31:0]$876 [31:24], Q = \mem[940] [31:24]).
Adding EN signal on $memory\mem[93]$6753 ($dff) from module axi_ram (D = $0$memwr$\mem$rtl/axi_ram.v:97$854_DATA[31:0]$867 [7:0], Q = \mem[93] [7:0]).
Adding EN signal on $memory\mem[93]$6753 ($dff) from module axi_ram (D = $0$memwr$\mem$rtl/axi_ram.v:100$855_DATA[31:0]$870 [15:8], Q = \mem[93] [15:8]).
Adding EN signal on $memory\mem[93]$6753 ($dff) from module axi_ram (D = $0$memwr$\mem$rtl/axi_ram.v:102$856_DATA[31:0]$873 [23:16], Q = \mem[93] [23:16]).
Adding EN signal on $memory\mem[93]$6753 ($dff) from module axi_ram (D = $0$memwr$\mem$rtl/axi_ram.v:104$857_DATA[31:0]$876 [31:24], Q = \mem[93] [31:24]).
Adding EN signal on $memory\mem[939]$8445 ($dff) from module axi_ram (D = $0$memwr$\mem$rtl/axi_ram.v:97$854_DATA[31:0]$867 [7:0], Q = \mem[939] [7:0]).
Adding EN signal on $memory\mem[939]$8445 ($dff) from module axi_ram (D = $0$memwr$\mem$rtl/axi_ram.v:100$855_DATA[31:0]$870 [15:8], Q = \mem[939] [15:8]).
Adding EN signal on $memory\mem[939]$8445 ($dff) from module axi_ram (D = $0$memwr$\mem$rtl/axi_ram.v:102$856_DATA[31:0]$873 [23:16], Q = \mem[939] [23:16]).
Adding EN signal on $memory\mem[939]$8445 ($dff) from module axi_ram (D = $0$memwr$\mem$rtl/axi_ram.v:104$857_DATA[31:0]$876 [31:24], Q = \mem[939] [31:24]).
Adding EN signal on $memory\mem[938]$8443 ($dff) from module axi_ram (D = $0$memwr$\mem$rtl/axi_ram.v:97$854_DATA[31:0]$867 [7:0], Q = \mem[938] [7:0]).
Adding EN signal on $memory\mem[938]$8443 ($dff) from module axi_ram (D = $0$memwr$\mem$rtl/axi_ram.v:100$855_DATA[31:0]$870 [15:8], Q = \mem[938] [15:8]).
Adding EN signal on $memory\mem[938]$8443 ($dff) from module axi_ram (D = $0$memwr$\mem$rtl/axi_ram.v:102$856_DATA[31:0]$873 [23:16], Q = \mem[938] [23:16]).
Adding EN signal on $memory\mem[938]$8443 ($dff) from module axi_ram (D = $0$memwr$\mem$rtl/axi_ram.v:104$857_DATA[31:0]$876 [31:24], Q = \mem[938] [31:24]).
Adding EN signal on $memory\mem[937]$8441 ($dff) from module axi_ram (D = $0$memwr$\mem$rtl/axi_ram.v:97$854_DATA[31:0]$867 [7:0], Q = \mem[937] [7:0]).
Adding EN signal on $memory\mem[937]$8441 ($dff) from module axi_ram (D = $0$memwr$\mem$rtl/axi_ram.v:100$855_DATA[31:0]$870 [15:8], Q = \mem[937] [15:8]).
Adding EN signal on $memory\mem[937]$8441 ($dff) from module axi_ram (D = $0$memwr$\mem$rtl/axi_ram.v:102$856_DATA[31:0]$873 [23:16], Q = \mem[937] [23:16]).
Adding EN signal on $memory\mem[937]$8441 ($dff) from module axi_ram (D = $0$memwr$\mem$rtl/axi_ram.v:104$857_DATA[31:0]$876 [31:24], Q = \mem[937] [31:24]).
Adding EN signal on $memory\mem[936]$8439 ($dff) from module axi_ram (D = $0$memwr$\mem$rtl/axi_ram.v:97$854_DATA[31:0]$867 [7:0], Q = \mem[936] [7:0]).
Adding EN signal on $memory\mem[936]$8439 ($dff) from module axi_ram (D = $0$memwr$\mem$rtl/axi_ram.v:100$855_DATA[31:0]$870 [15:8], Q = \mem[936] [15:8]).
Adding EN signal on $memory\mem[936]$8439 ($dff) from module axi_ram (D = $0$memwr$\mem$rtl/axi_ram.v:102$856_DATA[31:0]$873 [23:16], Q = \mem[936] [23:16]).
Adding EN signal on $memory\mem[936]$8439 ($dff) from module axi_ram (D = $0$memwr$\mem$rtl/axi_ram.v:104$857_DATA[31:0]$876 [31:24], Q = \mem[936] [31:24]).
Adding EN signal on $memory\mem[935]$8437 ($dff) from module axi_ram (D = $0$memwr$\mem$rtl/axi_ram.v:97$854_DATA[31:0]$867 [7:0], Q = \mem[935] [7:0]).
Adding EN signal on $memory\mem[935]$8437 ($dff) from module axi_ram (D = $0$memwr$\mem$rtl/axi_ram.v:100$855_DATA[31:0]$870 [15:8], Q = \mem[935] [15:8]).
Adding EN signal on $memory\mem[935]$8437 ($dff) from module axi_ram (D = $0$memwr$\mem$rtl/axi_ram.v:102$856_DATA[31:0]$873 [23:16], Q = \mem[935] [23:16]).
Adding EN signal on $memory\mem[935]$8437 ($dff) from module axi_ram (D = $0$memwr$\mem$rtl/axi_ram.v:104$857_DATA[31:0]$876 [31:24], Q = \mem[935] [31:24]).
Adding EN signal on $memory\mem[934]$8435 ($dff) from module axi_ram (D = $0$memwr$\mem$rtl/axi_ram.v:97$854_DATA[31:0]$867 [7:0], Q = \mem[934] [7:0]).
Adding EN signal on $memory\mem[934]$8435 ($dff) from module axi_ram (D = $0$memwr$\mem$rtl/axi_ram.v:100$855_DATA[31:0]$870 [15:8], Q = \mem[934] [15:8]).
Adding EN signal on $memory\mem[934]$8435 ($dff) from module axi_ram (D = $0$memwr$\mem$rtl/axi_ram.v:102$856_DATA[31:0]$873 [23:16], Q = \mem[934] [23:16]).
Adding EN signal on $memory\mem[934]$8435 ($dff) from module axi_ram (D = $0$memwr$\mem$rtl/axi_ram.v:104$857_DATA[31:0]$876 [31:24], Q = \mem[934] [31:24]).
Adding EN signal on $memory\mem[933]$8433 ($dff) from module axi_ram (D = $0$memwr$\mem$rtl/axi_ram.v:97$854_DATA[31:0]$867 [7:0], Q = \mem[933] [7:0]).
Adding EN signal on $memory\mem[933]$8433 ($dff) from module axi_ram (D = $0$memwr$\mem$rtl/axi_ram.v:100$855_DATA[31:0]$870 [15:8], Q = \mem[933] [15:8]).
Adding EN signal on $memory\mem[933]$8433 ($dff) from module axi_ram (D = $0$memwr$\mem$rtl/axi_ram.v:102$856_DATA[31:0]$873 [23:16], Q = \mem[933] [23:16]).
Adding EN signal on $memory\mem[933]$8433 ($dff) from module axi_ram (D = $0$memwr$\mem$rtl/axi_ram.v:104$857_DATA[31:0]$876 [31:24], Q = \mem[933] [31:24]).
Adding EN signal on $memory\mem[932]$8431 ($dff) from module axi_ram (D = $0$memwr$\mem$rtl/axi_ram.v:97$854_DATA[31:0]$867 [7:0], Q = \mem[932] [7:0]).
Adding EN signal on $memory\mem[932]$8431 ($dff) from module axi_ram (D = $0$memwr$\mem$rtl/axi_ram.v:100$855_DATA[31:0]$870 [15:8], Q = \mem[932] [15:8]).
Adding EN signal on $memory\mem[932]$8431 ($dff) from module axi_ram (D = $0$memwr$\mem$rtl/axi_ram.v:102$856_DATA[31:0]$873 [23:16], Q = \mem[932] [23:16]).
Adding EN signal on $memory\mem[932]$8431 ($dff) from module axi_ram (D = $0$memwr$\mem$rtl/axi_ram.v:104$857_DATA[31:0]$876 [31:24], Q = \mem[932] [31:24]).
Adding EN signal on $memory\mem[931]$8429 ($dff) from module axi_ram (D = $0$memwr$\mem$rtl/axi_ram.v:97$854_DATA[31:0]$867 [7:0], Q = \mem[931] [7:0]).
Adding EN signal on $memory\mem[931]$8429 ($dff) from module axi_ram (D = $0$memwr$\mem$rtl/axi_ram.v:100$855_DATA[31:0]$870 [15:8], Q = \mem[931] [15:8]).
Adding EN signal on $memory\mem[931]$8429 ($dff) from module axi_ram (D = $0$memwr$\mem$rtl/axi_ram.v:102$856_DATA[31:0]$873 [23:16], Q = \mem[931] [23:16]).
Adding EN signal on $memory\mem[931]$8429 ($dff) from module axi_ram (D = $0$memwr$\mem$rtl/axi_ram.v:104$857_DATA[31:0]$876 [31:24], Q = \mem[931] [31:24]).
Adding EN signal on $memory\mem[930]$8427 ($dff) from module axi_ram (D = $0$memwr$\mem$rtl/axi_ram.v:97$854_DATA[31:0]$867 [7:0], Q = \mem[930] [7:0]).
Adding EN signal on $memory\mem[930]$8427 ($dff) from module axi_ram (D = $0$memwr$\mem$rtl/axi_ram.v:100$855_DATA[31:0]$870 [15:8], Q = \mem[930] [15:8]).
Adding EN signal on $memory\mem[930]$8427 ($dff) from module axi_ram (D = $0$memwr$\mem$rtl/axi_ram.v:102$856_DATA[31:0]$873 [23:16], Q = \mem[930] [23:16]).
Adding EN signal on $memory\mem[930]$8427 ($dff) from module axi_ram (D = $0$memwr$\mem$rtl/axi_ram.v:104$857_DATA[31:0]$876 [31:24], Q = \mem[930] [31:24]).
Adding EN signal on $memory\mem[92]$6751 ($dff) from module axi_ram (D = $0$memwr$\mem$rtl/axi_ram.v:97$854_DATA[31:0]$867 [7:0], Q = \mem[92] [7:0]).
Adding EN signal on $memory\mem[92]$6751 ($dff) from module axi_ram (D = $0$memwr$\mem$rtl/axi_ram.v:100$855_DATA[31:0]$870 [15:8], Q = \mem[92] [15:8]).
Adding EN signal on $memory\mem[92]$6751 ($dff) from module axi_ram (D = $0$memwr$\mem$rtl/axi_ram.v:102$856_DATA[31:0]$873 [23:16], Q = \mem[92] [23:16]).
Adding EN signal on $memory\mem[92]$6751 ($dff) from module axi_ram (D = $0$memwr$\mem$rtl/axi_ram.v:104$857_DATA[31:0]$876 [31:24], Q = \mem[92] [31:24]).
Adding EN signal on $memory\mem[929]$8425 ($dff) from module axi_ram (D = $0$memwr$\mem$rtl/axi_ram.v:97$854_DATA[31:0]$867 [7:0], Q = \mem[929] [7:0]).
Adding EN signal on $memory\mem[929]$8425 ($dff) from module axi_ram (D = $0$memwr$\mem$rtl/axi_ram.v:100$855_DATA[31:0]$870 [15:8], Q = \mem[929] [15:8]).
Adding EN signal on $memory\mem[929]$8425 ($dff) from module axi_ram (D = $0$memwr$\mem$rtl/axi_ram.v:102$856_DATA[31:0]$873 [23:16], Q = \mem[929] [23:16]).
Adding EN signal on $memory\mem[929]$8425 ($dff) from module axi_ram (D = $0$memwr$\mem$rtl/axi_ram.v:104$857_DATA[31:0]$876 [31:24], Q = \mem[929] [31:24]).
Adding EN signal on $memory\mem[928]$8423 ($dff) from module axi_ram (D = $0$memwr$\mem$rtl/axi_ram.v:97$854_DATA[31:0]$867 [7:0], Q = \mem[928] [7:0]).
Adding EN signal on $memory\mem[928]$8423 ($dff) from module axi_ram (D = $0$memwr$\mem$rtl/axi_ram.v:100$855_DATA[31:0]$870 [15:8], Q = \mem[928] [15:8]).
Adding EN signal on $memory\mem[928]$8423 ($dff) from module axi_ram (D = $0$memwr$\mem$rtl/axi_ram.v:102$856_DATA[31:0]$873 [23:16], Q = \mem[928] [23:16]).
Adding EN signal on $memory\mem[928]$8423 ($dff) from module axi_ram (D = $0$memwr$\mem$rtl/axi_ram.v:104$857_DATA[31:0]$876 [31:24], Q = \mem[928] [31:24]).
Adding EN signal on $memory\mem[927]$8421 ($dff) from module axi_ram (D = $0$memwr$\mem$rtl/axi_ram.v:97$854_DATA[31:0]$867 [7:0], Q = \mem[927] [7:0]).
Adding EN signal on $memory\mem[927]$8421 ($dff) from module axi_ram (D = $0$memwr$\mem$rtl/axi_ram.v:100$855_DATA[31:0]$870 [15:8], Q = \mem[927] [15:8]).
Adding EN signal on $memory\mem[927]$8421 ($dff) from module axi_ram (D = $0$memwr$\mem$rtl/axi_ram.v:102$856_DATA[31:0]$873 [23:16], Q = \mem[927] [23:16]).
Adding EN signal on $memory\mem[927]$8421 ($dff) from module axi_ram (D = $0$memwr$\mem$rtl/axi_ram.v:104$857_DATA[31:0]$876 [31:24], Q = \mem[927] [31:24]).
Adding EN signal on $memory\mem[926]$8419 ($dff) from module axi_ram (D = $0$memwr$\mem$rtl/axi_ram.v:97$854_DATA[31:0]$867 [7:0], Q = \mem[926] [7:0]).
Adding EN signal on $memory\mem[926]$8419 ($dff) from module axi_ram (D = $0$memwr$\mem$rtl/axi_ram.v:100$855_DATA[31:0]$870 [15:8], Q = \mem[926] [15:8]).
Adding EN signal on $memory\mem[926]$8419 ($dff) from module axi_ram (D = $0$memwr$\mem$rtl/axi_ram.v:102$856_DATA[31:0]$873 [23:16], Q = \mem[926] [23:16]).
Adding EN signal on $memory\mem[926]$8419 ($dff) from module axi_ram (D = $0$memwr$\mem$rtl/axi_ram.v:104$857_DATA[31:0]$876 [31:24], Q = \mem[926] [31:24]).
Adding EN signal on $memory\mem[925]$8417 ($dff) from module axi_ram (D = $0$memwr$\mem$rtl/axi_ram.v:97$854_DATA[31:0]$867 [7:0], Q = \mem[925] [7:0]).
Adding EN signal on $memory\mem[925]$8417 ($dff) from module axi_ram (D = $0$memwr$\mem$rtl/axi_ram.v:100$855_DATA[31:0]$870 [15:8], Q = \mem[925] [15:8]).
Adding EN signal on $memory\mem[925]$8417 ($dff) from module axi_ram (D = $0$memwr$\mem$rtl/axi_ram.v:102$856_DATA[31:0]$873 [23:16], Q = \mem[925] [23:16]).
Adding EN signal on $memory\mem[925]$8417 ($dff) from module axi_ram (D = $0$memwr$\mem$rtl/axi_ram.v:104$857_DATA[31:0]$876 [31:24], Q = \mem[925] [31:24]).
Adding EN signal on $memory\mem[924]$8415 ($dff) from module axi_ram (D = $0$memwr$\mem$rtl/axi_ram.v:97$854_DATA[31:0]$867 [7:0], Q = \mem[924] [7:0]).
Adding EN signal on $memory\mem[924]$8415 ($dff) from module axi_ram (D = $0$memwr$\mem$rtl/axi_ram.v:100$855_DATA[31:0]$870 [15:8], Q = \mem[924] [15:8]).
Adding EN signal on $memory\mem[924]$8415 ($dff) from module axi_ram (D = $0$memwr$\mem$rtl/axi_ram.v:102$856_DATA[31:0]$873 [23:16], Q = \mem[924] [23:16]).
Adding EN signal on $memory\mem[924]$8415 ($dff) from module axi_ram (D = $0$memwr$\mem$rtl/axi_ram.v:104$857_DATA[31:0]$876 [31:24], Q = \mem[924] [31:24]).
Adding EN signal on $memory\mem[923]$8413 ($dff) from module axi_ram (D = $0$memwr$\mem$rtl/axi_ram.v:97$854_DATA[31:0]$867 [7:0], Q = \mem[923] [7:0]).
Adding EN signal on $memory\mem[923]$8413 ($dff) from module axi_ram (D = $0$memwr$\mem$rtl/axi_ram.v:100$855_DATA[31:0]$870 [15:8], Q = \mem[923] [15:8]).
Adding EN signal on $memory\mem[923]$8413 ($dff) from module axi_ram (D = $0$memwr$\mem$rtl/axi_ram.v:102$856_DATA[31:0]$873 [23:16], Q = \mem[923] [23:16]).
Adding EN signal on $memory\mem[923]$8413 ($dff) from module axi_ram (D = $0$memwr$\mem$rtl/axi_ram.v:104$857_DATA[31:0]$876 [31:24], Q = \mem[923] [31:24]).
Adding EN signal on $memory\mem[922]$8411 ($dff) from module axi_ram (D = $0$memwr$\mem$rtl/axi_ram.v:97$854_DATA[31:0]$867 [7:0], Q = \mem[922] [7:0]).
Adding EN signal on $memory\mem[922]$8411 ($dff) from module axi_ram (D = $0$memwr$\mem$rtl/axi_ram.v:100$855_DATA[31:0]$870 [15:8], Q = \mem[922] [15:8]).
Adding EN signal on $memory\mem[922]$8411 ($dff) from module axi_ram (D = $0$memwr$\mem$rtl/axi_ram.v:102$856_DATA[31:0]$873 [23:16], Q = \mem[922] [23:16]).
Adding EN signal on $memory\mem[922]$8411 ($dff) from module axi_ram (D = $0$memwr$\mem$rtl/axi_ram.v:104$857_DATA[31:0]$876 [31:24], Q = \mem[922] [31:24]).
Adding EN signal on $memory\mem[921]$8409 ($dff) from module axi_ram (D = $0$memwr$\mem$rtl/axi_ram.v:97$854_DATA[31:0]$867 [7:0], Q = \mem[921] [7:0]).
Adding EN signal on $memory\mem[921]$8409 ($dff) from module axi_ram (D = $0$memwr$\mem$rtl/axi_ram.v:100$855_DATA[31:0]$870 [15:8], Q = \mem[921] [15:8]).
Adding EN signal on $memory\mem[921]$8409 ($dff) from module axi_ram (D = $0$memwr$\mem$rtl/axi_ram.v:102$856_DATA[31:0]$873 [23:16], Q = \mem[921] [23:16]).
Adding EN signal on $memory\mem[921]$8409 ($dff) from module axi_ram (D = $0$memwr$\mem$rtl/axi_ram.v:104$857_DATA[31:0]$876 [31:24], Q = \mem[921] [31:24]).
Adding EN signal on $memory\mem[920]$8407 ($dff) from module axi_ram (D = $0$memwr$\mem$rtl/axi_ram.v:97$854_DATA[31:0]$867 [7:0], Q = \mem[920] [7:0]).
Adding EN signal on $memory\mem[920]$8407 ($dff) from module axi_ram (D = $0$memwr$\mem$rtl/axi_ram.v:100$855_DATA[31:0]$870 [15:8], Q = \mem[920] [15:8]).
Adding EN signal on $memory\mem[920]$8407 ($dff) from module axi_ram (D = $0$memwr$\mem$rtl/axi_ram.v:102$856_DATA[31:0]$873 [23:16], Q = \mem[920] [23:16]).
Adding EN signal on $memory\mem[920]$8407 ($dff) from module axi_ram (D = $0$memwr$\mem$rtl/axi_ram.v:104$857_DATA[31:0]$876 [31:24], Q = \mem[920] [31:24]).
Adding EN signal on $memory\mem[91]$6749 ($dff) from module axi_ram (D = $0$memwr$\mem$rtl/axi_ram.v:97$854_DATA[31:0]$867 [7:0], Q = \mem[91] [7:0]).
Adding EN signal on $memory\mem[91]$6749 ($dff) from module axi_ram (D = $0$memwr$\mem$rtl/axi_ram.v:100$855_DATA[31:0]$870 [15:8], Q = \mem[91] [15:8]).
Adding EN signal on $memory\mem[91]$6749 ($dff) from module axi_ram (D = $0$memwr$\mem$rtl/axi_ram.v:102$856_DATA[31:0]$873 [23:16], Q = \mem[91] [23:16]).
Adding EN signal on $memory\mem[91]$6749 ($dff) from module axi_ram (D = $0$memwr$\mem$rtl/axi_ram.v:104$857_DATA[31:0]$876 [31:24], Q = \mem[91] [31:24]).
Adding EN signal on $memory\mem[919]$8405 ($dff) from module axi_ram (D = $0$memwr$\mem$rtl/axi_ram.v:97$854_DATA[31:0]$867 [7:0], Q = \mem[919] [7:0]).
Adding EN signal on $memory\mem[919]$8405 ($dff) from module axi_ram (D = $0$memwr$\mem$rtl/axi_ram.v:100$855_DATA[31:0]$870 [15:8], Q = \mem[919] [15:8]).
Adding EN signal on $memory\mem[919]$8405 ($dff) from module axi_ram (D = $0$memwr$\mem$rtl/axi_ram.v:102$856_DATA[31:0]$873 [23:16], Q = \mem[919] [23:16]).
Adding EN signal on $memory\mem[919]$8405 ($dff) from module axi_ram (D = $0$memwr$\mem$rtl/axi_ram.v:104$857_DATA[31:0]$876 [31:24], Q = \mem[919] [31:24]).
Adding EN signal on $memory\mem[918]$8403 ($dff) from module axi_ram (D = $0$memwr$\mem$rtl/axi_ram.v:97$854_DATA[31:0]$867 [7:0], Q = \mem[918] [7:0]).
Adding EN signal on $memory\mem[918]$8403 ($dff) from module axi_ram (D = $0$memwr$\mem$rtl/axi_ram.v:100$855_DATA[31:0]$870 [15:8], Q = \mem[918] [15:8]).
Adding EN signal on $memory\mem[918]$8403 ($dff) from module axi_ram (D = $0$memwr$\mem$rtl/axi_ram.v:102$856_DATA[31:0]$873 [23:16], Q = \mem[918] [23:16]).
Adding EN signal on $memory\mem[918]$8403 ($dff) from module axi_ram (D = $0$memwr$\mem$rtl/axi_ram.v:104$857_DATA[31:0]$876 [31:24], Q = \mem[918] [31:24]).
Adding EN signal on $memory\mem[917]$8401 ($dff) from module axi_ram (D = $0$memwr$\mem$rtl/axi_ram.v:97$854_DATA[31:0]$867 [7:0], Q = \mem[917] [7:0]).
Adding EN signal on $memory\mem[917]$8401 ($dff) from module axi_ram (D = $0$memwr$\mem$rtl/axi_ram.v:100$855_DATA[31:0]$870 [15:8], Q = \mem[917] [15:8]).
Adding EN signal on $memory\mem[917]$8401 ($dff) from module axi_ram (D = $0$memwr$\mem$rtl/axi_ram.v:102$856_DATA[31:0]$873 [23:16], Q = \mem[917] [23:16]).
Adding EN signal on $memory\mem[917]$8401 ($dff) from module axi_ram (D = $0$memwr$\mem$rtl/axi_ram.v:104$857_DATA[31:0]$876 [31:24], Q = \mem[917] [31:24]).
Adding EN signal on $memory\mem[916]$8399 ($dff) from module axi_ram (D = $0$memwr$\mem$rtl/axi_ram.v:97$854_DATA[31:0]$867 [7:0], Q = \mem[916] [7:0]).
Adding EN signal on $memory\mem[916]$8399 ($dff) from module axi_ram (D = $0$memwr$\mem$rtl/axi_ram.v:100$855_DATA[31:0]$870 [15:8], Q = \mem[916] [15:8]).
Adding EN signal on $memory\mem[916]$8399 ($dff) from module axi_ram (D = $0$memwr$\mem$rtl/axi_ram.v:102$856_DATA[31:0]$873 [23:16], Q = \mem[916] [23:16]).
Adding EN signal on $memory\mem[916]$8399 ($dff) from module axi_ram (D = $0$memwr$\mem$rtl/axi_ram.v:104$857_DATA[31:0]$876 [31:24], Q = \mem[916] [31:24]).
Adding EN signal on $memory\mem[915]$8397 ($dff) from module axi_ram (D = $0$memwr$\mem$rtl/axi_ram.v:97$854_DATA[31:0]$867 [7:0], Q = \mem[915] [7:0]).
Adding EN signal on $memory\mem[915]$8397 ($dff) from module axi_ram (D = $0$memwr$\mem$rtl/axi_ram.v:100$855_DATA[31:0]$870 [15:8], Q = \mem[915] [15:8]).
Adding EN signal on $memory\mem[915]$8397 ($dff) from module axi_ram (D = $0$memwr$\mem$rtl/axi_ram.v:102$856_DATA[31:0]$873 [23:16], Q = \mem[915] [23:16]).
Adding EN signal on $memory\mem[915]$8397 ($dff) from module axi_ram (D = $0$memwr$\mem$rtl/axi_ram.v:104$857_DATA[31:0]$876 [31:24], Q = \mem[915] [31:24]).
Adding EN signal on $memory\mem[914]$8395 ($dff) from module axi_ram (D = $0$memwr$\mem$rtl/axi_ram.v:97$854_DATA[31:0]$867 [7:0], Q = \mem[914] [7:0]).
Adding EN signal on $memory\mem[914]$8395 ($dff) from module axi_ram (D = $0$memwr$\mem$rtl/axi_ram.v:100$855_DATA[31:0]$870 [15:8], Q = \mem[914] [15:8]).
Adding EN signal on $memory\mem[914]$8395 ($dff) from module axi_ram (D = $0$memwr$\mem$rtl/axi_ram.v:102$856_DATA[31:0]$873 [23:16], Q = \mem[914] [23:16]).
Adding EN signal on $memory\mem[914]$8395 ($dff) from module axi_ram (D = $0$memwr$\mem$rtl/axi_ram.v:104$857_DATA[31:0]$876 [31:24], Q = \mem[914] [31:24]).
Adding EN signal on $memory\mem[913]$8393 ($dff) from module axi_ram (D = $0$memwr$\mem$rtl/axi_ram.v:97$854_DATA[31:0]$867 [7:0], Q = \mem[913] [7:0]).
Adding EN signal on $memory\mem[913]$8393 ($dff) from module axi_ram (D = $0$memwr$\mem$rtl/axi_ram.v:100$855_DATA[31:0]$870 [15:8], Q = \mem[913] [15:8]).
Adding EN signal on $memory\mem[913]$8393 ($dff) from module axi_ram (D = $0$memwr$\mem$rtl/axi_ram.v:102$856_DATA[31:0]$873 [23:16], Q = \mem[913] [23:16]).
Adding EN signal on $memory\mem[913]$8393 ($dff) from module axi_ram (D = $0$memwr$\mem$rtl/axi_ram.v:104$857_DATA[31:0]$876 [31:24], Q = \mem[913] [31:24]).
Adding EN signal on $memory\mem[912]$8391 ($dff) from module axi_ram (D = $0$memwr$\mem$rtl/axi_ram.v:97$854_DATA[31:0]$867 [7:0], Q = \mem[912] [7:0]).
Adding EN signal on $memory\mem[912]$8391 ($dff) from module axi_ram (D = $0$memwr$\mem$rtl/axi_ram.v:100$855_DATA[31:0]$870 [15:8], Q = \mem[912] [15:8]).
Adding EN signal on $memory\mem[912]$8391 ($dff) from module axi_ram (D = $0$memwr$\mem$rtl/axi_ram.v:102$856_DATA[31:0]$873 [23:16], Q = \mem[912] [23:16]).
Adding EN signal on $memory\mem[912]$8391 ($dff) from module axi_ram (D = $0$memwr$\mem$rtl/axi_ram.v:104$857_DATA[31:0]$876 [31:24], Q = \mem[912] [31:24]).
Adding EN signal on $memory\mem[911]$8389 ($dff) from module axi_ram (D = $0$memwr$\mem$rtl/axi_ram.v:97$854_DATA[31:0]$867 [7:0], Q = \mem[911] [7:0]).
Adding EN signal on $memory\mem[911]$8389 ($dff) from module axi_ram (D = $0$memwr$\mem$rtl/axi_ram.v:100$855_DATA[31:0]$870 [15:8], Q = \mem[911] [15:8]).
Adding EN signal on $memory\mem[911]$8389 ($dff) from module axi_ram (D = $0$memwr$\mem$rtl/axi_ram.v:102$856_DATA[31:0]$873 [23:16], Q = \mem[911] [23:16]).
Adding EN signal on $memory\mem[911]$8389 ($dff) from module axi_ram (D = $0$memwr$\mem$rtl/axi_ram.v:104$857_DATA[31:0]$876 [31:24], Q = \mem[911] [31:24]).
Adding EN signal on $memory\mem[910]$8387 ($dff) from module axi_ram (D = $0$memwr$\mem$rtl/axi_ram.v:97$854_DATA[31:0]$867 [7:0], Q = \mem[910] [7:0]).
Adding EN signal on $memory\mem[910]$8387 ($dff) from module axi_ram (D = $0$memwr$\mem$rtl/axi_ram.v:100$855_DATA[31:0]$870 [15:8], Q = \mem[910] [15:8]).
Adding EN signal on $memory\mem[910]$8387 ($dff) from module axi_ram (D = $0$memwr$\mem$rtl/axi_ram.v:102$856_DATA[31:0]$873 [23:16], Q = \mem[910] [23:16]).
Adding EN signal on $memory\mem[910]$8387 ($dff) from module axi_ram (D = $0$memwr$\mem$rtl/axi_ram.v:104$857_DATA[31:0]$876 [31:24], Q = \mem[910] [31:24]).
Adding EN signal on $memory\mem[90]$6747 ($dff) from module axi_ram (D = $0$memwr$\mem$rtl/axi_ram.v:97$854_DATA[31:0]$867 [7:0], Q = \mem[90] [7:0]).
Adding EN signal on $memory\mem[90]$6747 ($dff) from module axi_ram (D = $0$memwr$\mem$rtl/axi_ram.v:100$855_DATA[31:0]$870 [15:8], Q = \mem[90] [15:8]).
Adding EN signal on $memory\mem[90]$6747 ($dff) from module axi_ram (D = $0$memwr$\mem$rtl/axi_ram.v:102$856_DATA[31:0]$873 [23:16], Q = \mem[90] [23:16]).
Adding EN signal on $memory\mem[90]$6747 ($dff) from module axi_ram (D = $0$memwr$\mem$rtl/axi_ram.v:104$857_DATA[31:0]$876 [31:24], Q = \mem[90] [31:24]).
Adding EN signal on $memory\mem[909]$8385 ($dff) from module axi_ram (D = $0$memwr$\mem$rtl/axi_ram.v:97$854_DATA[31:0]$867 [7:0], Q = \mem[909] [7:0]).
Adding EN signal on $memory\mem[909]$8385 ($dff) from module axi_ram (D = $0$memwr$\mem$rtl/axi_ram.v:100$855_DATA[31:0]$870 [15:8], Q = \mem[909] [15:8]).
Adding EN signal on $memory\mem[909]$8385 ($dff) from module axi_ram (D = $0$memwr$\mem$rtl/axi_ram.v:102$856_DATA[31:0]$873 [23:16], Q = \mem[909] [23:16]).
Adding EN signal on $memory\mem[909]$8385 ($dff) from module axi_ram (D = $0$memwr$\mem$rtl/axi_ram.v:104$857_DATA[31:0]$876 [31:24], Q = \mem[909] [31:24]).
Adding EN signal on $memory\mem[908]$8383 ($dff) from module axi_ram (D = $0$memwr$\mem$rtl/axi_ram.v:97$854_DATA[31:0]$867 [7:0], Q = \mem[908] [7:0]).
Adding EN signal on $memory\mem[908]$8383 ($dff) from module axi_ram (D = $0$memwr$\mem$rtl/axi_ram.v:100$855_DATA[31:0]$870 [15:8], Q = \mem[908] [15:8]).
Adding EN signal on $memory\mem[908]$8383 ($dff) from module axi_ram (D = $0$memwr$\mem$rtl/axi_ram.v:102$856_DATA[31:0]$873 [23:16], Q = \mem[908] [23:16]).
Adding EN signal on $memory\mem[908]$8383 ($dff) from module axi_ram (D = $0$memwr$\mem$rtl/axi_ram.v:104$857_DATA[31:0]$876 [31:24], Q = \mem[908] [31:24]).
Adding EN signal on $memory\mem[907]$8381 ($dff) from module axi_ram (D = $0$memwr$\mem$rtl/axi_ram.v:97$854_DATA[31:0]$867 [7:0], Q = \mem[907] [7:0]).
Adding EN signal on $memory\mem[907]$8381 ($dff) from module axi_ram (D = $0$memwr$\mem$rtl/axi_ram.v:100$855_DATA[31:0]$870 [15:8], Q = \mem[907] [15:8]).
Adding EN signal on $memory\mem[907]$8381 ($dff) from module axi_ram (D = $0$memwr$\mem$rtl/axi_ram.v:102$856_DATA[31:0]$873 [23:16], Q = \mem[907] [23:16]).
Adding EN signal on $memory\mem[907]$8381 ($dff) from module axi_ram (D = $0$memwr$\mem$rtl/axi_ram.v:104$857_DATA[31:0]$876 [31:24], Q = \mem[907] [31:24]).
Adding EN signal on $memory\mem[906]$8379 ($dff) from module axi_ram (D = $0$memwr$\mem$rtl/axi_ram.v:97$854_DATA[31:0]$867 [7:0], Q = \mem[906] [7:0]).
Adding EN signal on $memory\mem[906]$8379 ($dff) from module axi_ram (D = $0$memwr$\mem$rtl/axi_ram.v:100$855_DATA[31:0]$870 [15:8], Q = \mem[906] [15:8]).
Adding EN signal on $memory\mem[906]$8379 ($dff) from module axi_ram (D = $0$memwr$\mem$rtl/axi_ram.v:102$856_DATA[31:0]$873 [23:16], Q = \mem[906] [23:16]).
Adding EN signal on $memory\mem[906]$8379 ($dff) from module axi_ram (D = $0$memwr$\mem$rtl/axi_ram.v:104$857_DATA[31:0]$876 [31:24], Q = \mem[906] [31:24]).
Adding EN signal on $memory\mem[905]$8377 ($dff) from module axi_ram (D = $0$memwr$\mem$rtl/axi_ram.v:97$854_DATA[31:0]$867 [7:0], Q = \mem[905] [7:0]).
Adding EN signal on $memory\mem[905]$8377 ($dff) from module axi_ram (D = $0$memwr$\mem$rtl/axi_ram.v:100$855_DATA[31:0]$870 [15:8], Q = \mem[905] [15:8]).
Adding EN signal on $memory\mem[905]$8377 ($dff) from module axi_ram (D = $0$memwr$\mem$rtl/axi_ram.v:102$856_DATA[31:0]$873 [23:16], Q = \mem[905] [23:16]).
Adding EN signal on $memory\mem[905]$8377 ($dff) from module axi_ram (D = $0$memwr$\mem$rtl/axi_ram.v:104$857_DATA[31:0]$876 [31:24], Q = \mem[905] [31:24]).
Adding EN signal on $memory\mem[904]$8375 ($dff) from module axi_ram (D = $0$memwr$\mem$rtl/axi_ram.v:97$854_DATA[31:0]$867 [7:0], Q = \mem[904] [7:0]).
Adding EN signal on $memory\mem[904]$8375 ($dff) from module axi_ram (D = $0$memwr$\mem$rtl/axi_ram.v:100$855_DATA[31:0]$870 [15:8], Q = \mem[904] [15:8]).
Adding EN signal on $memory\mem[904]$8375 ($dff) from module axi_ram (D = $0$memwr$\mem$rtl/axi_ram.v:102$856_DATA[31:0]$873 [23:16], Q = \mem[904] [23:16]).
Adding EN signal on $memory\mem[904]$8375 ($dff) from module axi_ram (D = $0$memwr$\mem$rtl/axi_ram.v:104$857_DATA[31:0]$876 [31:24], Q = \mem[904] [31:24]).
Adding EN signal on $memory\mem[903]$8373 ($dff) from module axi_ram (D = $0$memwr$\mem$rtl/axi_ram.v:97$854_DATA[31:0]$867 [7:0], Q = \mem[903] [7:0]).
Adding EN signal on $memory\mem[903]$8373 ($dff) from module axi_ram (D = $0$memwr$\mem$rtl/axi_ram.v:100$855_DATA[31:0]$870 [15:8], Q = \mem[903] [15:8]).
Adding EN signal on $memory\mem[903]$8373 ($dff) from module axi_ram (D = $0$memwr$\mem$rtl/axi_ram.v:102$856_DATA[31:0]$873 [23:16], Q = \mem[903] [23:16]).
Adding EN signal on $memory\mem[903]$8373 ($dff) from module axi_ram (D = $0$memwr$\mem$rtl/axi_ram.v:104$857_DATA[31:0]$876 [31:24], Q = \mem[903] [31:24]).
Adding EN signal on $memory\mem[902]$8371 ($dff) from module axi_ram (D = $0$memwr$\mem$rtl/axi_ram.v:97$854_DATA[31:0]$867 [7:0], Q = \mem[902] [7:0]).
Adding EN signal on $memory\mem[902]$8371 ($dff) from module axi_ram (D = $0$memwr$\mem$rtl/axi_ram.v:100$855_DATA[31:0]$870 [15:8], Q = \mem[902] [15:8]).
Adding EN signal on $memory\mem[902]$8371 ($dff) from module axi_ram (D = $0$memwr$\mem$rtl/axi_ram.v:102$856_DATA[31:0]$873 [23:16], Q = \mem[902] [23:16]).
Adding EN signal on $memory\mem[902]$8371 ($dff) from module axi_ram (D = $0$memwr$\mem$rtl/axi_ram.v:104$857_DATA[31:0]$876 [31:24], Q = \mem[902] [31:24]).
Adding EN signal on $memory\mem[901]$8369 ($dff) from module axi_ram (D = $0$memwr$\mem$rtl/axi_ram.v:97$854_DATA[31:0]$867 [7:0], Q = \mem[901] [7:0]).
Adding EN signal on $memory\mem[901]$8369 ($dff) from module axi_ram (D = $0$memwr$\mem$rtl/axi_ram.v:100$855_DATA[31:0]$870 [15:8], Q = \mem[901] [15:8]).
Adding EN signal on $memory\mem[901]$8369 ($dff) from module axi_ram (D = $0$memwr$\mem$rtl/axi_ram.v:102$856_DATA[31:0]$873 [23:16], Q = \mem[901] [23:16]).
Adding EN signal on $memory\mem[901]$8369 ($dff) from module axi_ram (D = $0$memwr$\mem$rtl/axi_ram.v:104$857_DATA[31:0]$876 [31:24], Q = \mem[901] [31:24]).
Adding EN signal on $memory\mem[900]$8367 ($dff) from module axi_ram (D = $0$memwr$\mem$rtl/axi_ram.v:97$854_DATA[31:0]$867 [7:0], Q = \mem[900] [7:0]).
Adding EN signal on $memory\mem[900]$8367 ($dff) from module axi_ram (D = $0$memwr$\mem$rtl/axi_ram.v:100$855_DATA[31:0]$870 [15:8], Q = \mem[900] [15:8]).
Adding EN signal on $memory\mem[900]$8367 ($dff) from module axi_ram (D = $0$memwr$\mem$rtl/axi_ram.v:102$856_DATA[31:0]$873 [23:16], Q = \mem[900] [23:16]).
Adding EN signal on $memory\mem[900]$8367 ($dff) from module axi_ram (D = $0$memwr$\mem$rtl/axi_ram.v:104$857_DATA[31:0]$876 [31:24], Q = \mem[900] [31:24]).
Adding EN signal on $memory\mem[8]$6583 ($dff) from module axi_ram (D = $0$memwr$\mem$rtl/axi_ram.v:97$854_DATA[31:0]$867 [7:0], Q = \mem[8] [7:0]).
Adding EN signal on $memory\mem[8]$6583 ($dff) from module axi_ram (D = $0$memwr$\mem$rtl/axi_ram.v:100$855_DATA[31:0]$870 [15:8], Q = \mem[8] [15:8]).
Adding EN signal on $memory\mem[8]$6583 ($dff) from module axi_ram (D = $0$memwr$\mem$rtl/axi_ram.v:102$856_DATA[31:0]$873 [23:16], Q = \mem[8] [23:16]).
Adding EN signal on $memory\mem[8]$6583 ($dff) from module axi_ram (D = $0$memwr$\mem$rtl/axi_ram.v:104$857_DATA[31:0]$876 [31:24], Q = \mem[8] [31:24]).
Adding EN signal on $memory\mem[89]$6745 ($dff) from module axi_ram (D = $0$memwr$\mem$rtl/axi_ram.v:97$854_DATA[31:0]$867 [7:0], Q = \mem[89] [7:0]).
Adding EN signal on $memory\mem[89]$6745 ($dff) from module axi_ram (D = $0$memwr$\mem$rtl/axi_ram.v:100$855_DATA[31:0]$870 [15:8], Q = \mem[89] [15:8]).
Adding EN signal on $memory\mem[89]$6745 ($dff) from module axi_ram (D = $0$memwr$\mem$rtl/axi_ram.v:102$856_DATA[31:0]$873 [23:16], Q = \mem[89] [23:16]).
Adding EN signal on $memory\mem[89]$6745 ($dff) from module axi_ram (D = $0$memwr$\mem$rtl/axi_ram.v:104$857_DATA[31:0]$876 [31:24], Q = \mem[89] [31:24]).
Adding EN signal on $memory\mem[899]$8365 ($dff) from module axi_ram (D = $0$memwr$\mem$rtl/axi_ram.v:97$854_DATA[31:0]$867 [7:0], Q = \mem[899] [7:0]).
Adding EN signal on $memory\mem[899]$8365 ($dff) from module axi_ram (D = $0$memwr$\mem$rtl/axi_ram.v:100$855_DATA[31:0]$870 [15:8], Q = \mem[899] [15:8]).
Adding EN signal on $memory\mem[899]$8365 ($dff) from module axi_ram (D = $0$memwr$\mem$rtl/axi_ram.v:102$856_DATA[31:0]$873 [23:16], Q = \mem[899] [23:16]).
Adding EN signal on $memory\mem[899]$8365 ($dff) from module axi_ram (D = $0$memwr$\mem$rtl/axi_ram.v:104$857_DATA[31:0]$876 [31:24], Q = \mem[899] [31:24]).
Adding EN signal on $memory\mem[898]$8363 ($dff) from module axi_ram (D = $0$memwr$\mem$rtl/axi_ram.v:97$854_DATA[31:0]$867 [7:0], Q = \mem[898] [7:0]).
Adding EN signal on $memory\mem[898]$8363 ($dff) from module axi_ram (D = $0$memwr$\mem$rtl/axi_ram.v:100$855_DATA[31:0]$870 [15:8], Q = \mem[898] [15:8]).
Adding EN signal on $memory\mem[898]$8363 ($dff) from module axi_ram (D = $0$memwr$\mem$rtl/axi_ram.v:102$856_DATA[31:0]$873 [23:16], Q = \mem[898] [23:16]).
Adding EN signal on $memory\mem[898]$8363 ($dff) from module axi_ram (D = $0$memwr$\mem$rtl/axi_ram.v:104$857_DATA[31:0]$876 [31:24], Q = \mem[898] [31:24]).
Adding EN signal on $memory\mem[897]$8361 ($dff) from module axi_ram (D = $0$memwr$\mem$rtl/axi_ram.v:97$854_DATA[31:0]$867 [7:0], Q = \mem[897] [7:0]).
Adding EN signal on $memory\mem[897]$8361 ($dff) from module axi_ram (D = $0$memwr$\mem$rtl/axi_ram.v:100$855_DATA[31:0]$870 [15:8], Q = \mem[897] [15:8]).
Adding EN signal on $memory\mem[897]$8361 ($dff) from module axi_ram (D = $0$memwr$\mem$rtl/axi_ram.v:102$856_DATA[31:0]$873 [23:16], Q = \mem[897] [23:16]).
Adding EN signal on $memory\mem[897]$8361 ($dff) from module axi_ram (D = $0$memwr$\mem$rtl/axi_ram.v:104$857_DATA[31:0]$876 [31:24], Q = \mem[897] [31:24]).
Adding EN signal on $memory\mem[896]$8359 ($dff) from module axi_ram (D = $0$memwr$\mem$rtl/axi_ram.v:97$854_DATA[31:0]$867 [7:0], Q = \mem[896] [7:0]).
Adding EN signal on $memory\mem[896]$8359 ($dff) from module axi_ram (D = $0$memwr$\mem$rtl/axi_ram.v:100$855_DATA[31:0]$870 [15:8], Q = \mem[896] [15:8]).
Adding EN signal on $memory\mem[896]$8359 ($dff) from module axi_ram (D = $0$memwr$\mem$rtl/axi_ram.v:102$856_DATA[31:0]$873 [23:16], Q = \mem[896] [23:16]).
Adding EN signal on $memory\mem[896]$8359 ($dff) from module axi_ram (D = $0$memwr$\mem$rtl/axi_ram.v:104$857_DATA[31:0]$876 [31:24], Q = \mem[896] [31:24]).
Adding EN signal on $memory\mem[895]$8357 ($dff) from module axi_ram (D = $0$memwr$\mem$rtl/axi_ram.v:97$854_DATA[31:0]$867 [7:0], Q = \mem[895] [7:0]).
Adding EN signal on $memory\mem[895]$8357 ($dff) from module axi_ram (D = $0$memwr$\mem$rtl/axi_ram.v:100$855_DATA[31:0]$870 [15:8], Q = \mem[895] [15:8]).
Adding EN signal on $memory\mem[895]$8357 ($dff) from module axi_ram (D = $0$memwr$\mem$rtl/axi_ram.v:102$856_DATA[31:0]$873 [23:16], Q = \mem[895] [23:16]).
Adding EN signal on $memory\mem[895]$8357 ($dff) from module axi_ram (D = $0$memwr$\mem$rtl/axi_ram.v:104$857_DATA[31:0]$876 [31:24], Q = \mem[895] [31:24]).
Adding EN signal on $memory\mem[894]$8355 ($dff) from module axi_ram (D = $0$memwr$\mem$rtl/axi_ram.v:97$854_DATA[31:0]$867 [7:0], Q = \mem[894] [7:0]).
Adding EN signal on $memory\mem[894]$8355 ($dff) from module axi_ram (D = $0$memwr$\mem$rtl/axi_ram.v:100$855_DATA[31:0]$870 [15:8], Q = \mem[894] [15:8]).
Adding EN signal on $memory\mem[894]$8355 ($dff) from module axi_ram (D = $0$memwr$\mem$rtl/axi_ram.v:102$856_DATA[31:0]$873 [23:16], Q = \mem[894] [23:16]).
Adding EN signal on $memory\mem[894]$8355 ($dff) from module axi_ram (D = $0$memwr$\mem$rtl/axi_ram.v:104$857_DATA[31:0]$876 [31:24], Q = \mem[894] [31:24]).
Adding EN signal on $memory\mem[893]$8353 ($dff) from module axi_ram (D = $0$memwr$\mem$rtl/axi_ram.v:97$854_DATA[31:0]$867 [7:0], Q = \mem[893] [7:0]).
Adding EN signal on $memory\mem[893]$8353 ($dff) from module axi_ram (D = $0$memwr$\mem$rtl/axi_ram.v:100$855_DATA[31:0]$870 [15:8], Q = \mem[893] [15:8]).
Adding EN signal on $memory\mem[893]$8353 ($dff) from module axi_ram (D = $0$memwr$\mem$rtl/axi_ram.v:102$856_DATA[31:0]$873 [23:16], Q = \mem[893] [23:16]).
Adding EN signal on $memory\mem[893]$8353 ($dff) from module axi_ram (D = $0$memwr$\mem$rtl/axi_ram.v:104$857_DATA[31:0]$876 [31:24], Q = \mem[893] [31:24]).
Adding EN signal on $memory\mem[892]$8351 ($dff) from module axi_ram (D = $0$memwr$\mem$rtl/axi_ram.v:97$854_DATA[31:0]$867 [7:0], Q = \mem[892] [7:0]).
Adding EN signal on $memory\mem[892]$8351 ($dff) from module axi_ram (D = $0$memwr$\mem$rtl/axi_ram.v:100$855_DATA[31:0]$870 [15:8], Q = \mem[892] [15:8]).
Adding EN signal on $memory\mem[892]$8351 ($dff) from module axi_ram (D = $0$memwr$\mem$rtl/axi_ram.v:102$856_DATA[31:0]$873 [23:16], Q = \mem[892] [23:16]).
Adding EN signal on $memory\mem[892]$8351 ($dff) from module axi_ram (D = $0$memwr$\mem$rtl/axi_ram.v:104$857_DATA[31:0]$876 [31:24], Q = \mem[892] [31:24]).
Adding EN signal on $memory\mem[891]$8349 ($dff) from module axi_ram (D = $0$memwr$\mem$rtl/axi_ram.v:97$854_DATA[31:0]$867 [7:0], Q = \mem[891] [7:0]).
Adding EN signal on $memory\mem[891]$8349 ($dff) from module axi_ram (D = $0$memwr$\mem$rtl/axi_ram.v:100$855_DATA[31:0]$870 [15:8], Q = \mem[891] [15:8]).
Adding EN signal on $memory\mem[891]$8349 ($dff) from module axi_ram (D = $0$memwr$\mem$rtl/axi_ram.v:102$856_DATA[31:0]$873 [23:16], Q = \mem[891] [23:16]).
Adding EN signal on $memory\mem[891]$8349 ($dff) from module axi_ram (D = $0$memwr$\mem$rtl/axi_ram.v:104$857_DATA[31:0]$876 [31:24], Q = \mem[891] [31:24]).
Adding EN signal on $memory\mem[890]$8347 ($dff) from module axi_ram (D = $0$memwr$\mem$rtl/axi_ram.v:97$854_DATA[31:0]$867 [7:0], Q = \mem[890] [7:0]).
Adding EN signal on $memory\mem[890]$8347 ($dff) from module axi_ram (D = $0$memwr$\mem$rtl/axi_ram.v:100$855_DATA[31:0]$870 [15:8], Q = \mem[890] [15:8]).
Adding EN signal on $memory\mem[890]$8347 ($dff) from module axi_ram (D = $0$memwr$\mem$rtl/axi_ram.v:102$856_DATA[31:0]$873 [23:16], Q = \mem[890] [23:16]).
Adding EN signal on $memory\mem[890]$8347 ($dff) from module axi_ram (D = $0$memwr$\mem$rtl/axi_ram.v:104$857_DATA[31:0]$876 [31:24], Q = \mem[890] [31:24]).
Adding EN signal on $memory\mem[88]$6743 ($dff) from module axi_ram (D = $0$memwr$\mem$rtl/axi_ram.v:97$854_DATA[31:0]$867 [7:0], Q = \mem[88] [7:0]).
Adding EN signal on $memory\mem[88]$6743 ($dff) from module axi_ram (D = $0$memwr$\mem$rtl/axi_ram.v:100$855_DATA[31:0]$870 [15:8], Q = \mem[88] [15:8]).
Adding EN signal on $memory\mem[88]$6743 ($dff) from module axi_ram (D = $0$memwr$\mem$rtl/axi_ram.v:102$856_DATA[31:0]$873 [23:16], Q = \mem[88] [23:16]).
Adding EN signal on $memory\mem[88]$6743 ($dff) from module axi_ram (D = $0$memwr$\mem$rtl/axi_ram.v:104$857_DATA[31:0]$876 [31:24], Q = \mem[88] [31:24]).
Adding EN signal on $memory\mem[889]$8345 ($dff) from module axi_ram (D = $0$memwr$\mem$rtl/axi_ram.v:97$854_DATA[31:0]$867 [7:0], Q = \mem[889] [7:0]).
Adding EN signal on $memory\mem[889]$8345 ($dff) from module axi_ram (D = $0$memwr$\mem$rtl/axi_ram.v:100$855_DATA[31:0]$870 [15:8], Q = \mem[889] [15:8]).
Adding EN signal on $memory\mem[889]$8345 ($dff) from module axi_ram (D = $0$memwr$\mem$rtl/axi_ram.v:102$856_DATA[31:0]$873 [23:16], Q = \mem[889] [23:16]).
Adding EN signal on $memory\mem[889]$8345 ($dff) from module axi_ram (D = $0$memwr$\mem$rtl/axi_ram.v:104$857_DATA[31:0]$876 [31:24], Q = \mem[889] [31:24]).
Adding EN signal on $memory\mem[888]$8343 ($dff) from module axi_ram (D = $0$memwr$\mem$rtl/axi_ram.v:97$854_DATA[31:0]$867 [7:0], Q = \mem[888] [7:0]).
Adding EN signal on $memory\mem[888]$8343 ($dff) from module axi_ram (D = $0$memwr$\mem$rtl/axi_ram.v:100$855_DATA[31:0]$870 [15:8], Q = \mem[888] [15:8]).
Adding EN signal on $memory\mem[888]$8343 ($dff) from module axi_ram (D = $0$memwr$\mem$rtl/axi_ram.v:102$856_DATA[31:0]$873 [23:16], Q = \mem[888] [23:16]).
Adding EN signal on $memory\mem[888]$8343 ($dff) from module axi_ram (D = $0$memwr$\mem$rtl/axi_ram.v:104$857_DATA[31:0]$876 [31:24], Q = \mem[888] [31:24]).
Adding EN signal on $memory\mem[887]$8341 ($dff) from module axi_ram (D = $0$memwr$\mem$rtl/axi_ram.v:97$854_DATA[31:0]$867 [7:0], Q = \mem[887] [7:0]).
Adding EN signal on $memory\mem[887]$8341 ($dff) from module axi_ram (D = $0$memwr$\mem$rtl/axi_ram.v:100$855_DATA[31:0]$870 [15:8], Q = \mem[887] [15:8]).
Adding EN signal on $memory\mem[887]$8341 ($dff) from module axi_ram (D = $0$memwr$\mem$rtl/axi_ram.v:102$856_DATA[31:0]$873 [23:16], Q = \mem[887] [23:16]).
Adding EN signal on $memory\mem[887]$8341 ($dff) from module axi_ram (D = $0$memwr$\mem$rtl/axi_ram.v:104$857_DATA[31:0]$876 [31:24], Q = \mem[887] [31:24]).
Adding EN signal on $memory\mem[886]$8339 ($dff) from module axi_ram (D = $0$memwr$\mem$rtl/axi_ram.v:97$854_DATA[31:0]$867 [7:0], Q = \mem[886] [7:0]).
Adding EN signal on $memory\mem[886]$8339 ($dff) from module axi_ram (D = $0$memwr$\mem$rtl/axi_ram.v:100$855_DATA[31:0]$870 [15:8], Q = \mem[886] [15:8]).
Adding EN signal on $memory\mem[886]$8339 ($dff) from module axi_ram (D = $0$memwr$\mem$rtl/axi_ram.v:102$856_DATA[31:0]$873 [23:16], Q = \mem[886] [23:16]).
Adding EN signal on $memory\mem[886]$8339 ($dff) from module axi_ram (D = $0$memwr$\mem$rtl/axi_ram.v:104$857_DATA[31:0]$876 [31:24], Q = \mem[886] [31:24]).
Adding EN signal on $memory\mem[885]$8337 ($dff) from module axi_ram (D = $0$memwr$\mem$rtl/axi_ram.v:97$854_DATA[31:0]$867 [7:0], Q = \mem[885] [7:0]).
Adding EN signal on $memory\mem[885]$8337 ($dff) from module axi_ram (D = $0$memwr$\mem$rtl/axi_ram.v:100$855_DATA[31:0]$870 [15:8], Q = \mem[885] [15:8]).
Adding EN signal on $memory\mem[885]$8337 ($dff) from module axi_ram (D = $0$memwr$\mem$rtl/axi_ram.v:102$856_DATA[31:0]$873 [23:16], Q = \mem[885] [23:16]).
Adding EN signal on $memory\mem[885]$8337 ($dff) from module axi_ram (D = $0$memwr$\mem$rtl/axi_ram.v:104$857_DATA[31:0]$876 [31:24], Q = \mem[885] [31:24]).
Adding EN signal on $memory\mem[884]$8335 ($dff) from module axi_ram (D = $0$memwr$\mem$rtl/axi_ram.v:97$854_DATA[31:0]$867 [7:0], Q = \mem[884] [7:0]).
Adding EN signal on $memory\mem[884]$8335 ($dff) from module axi_ram (D = $0$memwr$\mem$rtl/axi_ram.v:100$855_DATA[31:0]$870 [15:8], Q = \mem[884] [15:8]).
Adding EN signal on $memory\mem[884]$8335 ($dff) from module axi_ram (D = $0$memwr$\mem$rtl/axi_ram.v:102$856_DATA[31:0]$873 [23:16], Q = \mem[884] [23:16]).
Adding EN signal on $memory\mem[884]$8335 ($dff) from module axi_ram (D = $0$memwr$\mem$rtl/axi_ram.v:104$857_DATA[31:0]$876 [31:24], Q = \mem[884] [31:24]).
Adding EN signal on $memory\mem[883]$8333 ($dff) from module axi_ram (D = $0$memwr$\mem$rtl/axi_ram.v:97$854_DATA[31:0]$867 [7:0], Q = \mem[883] [7:0]).
Adding EN signal on $memory\mem[883]$8333 ($dff) from module axi_ram (D = $0$memwr$\mem$rtl/axi_ram.v:100$855_DATA[31:0]$870 [15:8], Q = \mem[883] [15:8]).
Adding EN signal on $memory\mem[883]$8333 ($dff) from module axi_ram (D = $0$memwr$\mem$rtl/axi_ram.v:102$856_DATA[31:0]$873 [23:16], Q = \mem[883] [23:16]).
Adding EN signal on $memory\mem[883]$8333 ($dff) from module axi_ram (D = $0$memwr$\mem$rtl/axi_ram.v:104$857_DATA[31:0]$876 [31:24], Q = \mem[883] [31:24]).
Adding EN signal on $memory\mem[882]$8331 ($dff) from module axi_ram (D = $0$memwr$\mem$rtl/axi_ram.v:97$854_DATA[31:0]$867 [7:0], Q = \mem[882] [7:0]).
Adding EN signal on $memory\mem[882]$8331 ($dff) from module axi_ram (D = $0$memwr$\mem$rtl/axi_ram.v:100$855_DATA[31:0]$870 [15:8], Q = \mem[882] [15:8]).
Adding EN signal on $memory\mem[882]$8331 ($dff) from module axi_ram (D = $0$memwr$\mem$rtl/axi_ram.v:102$856_DATA[31:0]$873 [23:16], Q = \mem[882] [23:16]).
Adding EN signal on $memory\mem[882]$8331 ($dff) from module axi_ram (D = $0$memwr$\mem$rtl/axi_ram.v:104$857_DATA[31:0]$876 [31:24], Q = \mem[882] [31:24]).
Adding EN signal on $memory\mem[881]$8329 ($dff) from module axi_ram (D = $0$memwr$\mem$rtl/axi_ram.v:97$854_DATA[31:0]$867 [7:0], Q = \mem[881] [7:0]).
Adding EN signal on $memory\mem[881]$8329 ($dff) from module axi_ram (D = $0$memwr$\mem$rtl/axi_ram.v:100$855_DATA[31:0]$870 [15:8], Q = \mem[881] [15:8]).
Adding EN signal on $memory\mem[881]$8329 ($dff) from module axi_ram (D = $0$memwr$\mem$rtl/axi_ram.v:102$856_DATA[31:0]$873 [23:16], Q = \mem[881] [23:16]).
Adding EN signal on $memory\mem[881]$8329 ($dff) from module axi_ram (D = $0$memwr$\mem$rtl/axi_ram.v:104$857_DATA[31:0]$876 [31:24], Q = \mem[881] [31:24]).
Adding EN signal on $memory\mem[880]$8327 ($dff) from module axi_ram (D = $0$memwr$\mem$rtl/axi_ram.v:97$854_DATA[31:0]$867 [7:0], Q = \mem[880] [7:0]).
Adding EN signal on $memory\mem[880]$8327 ($dff) from module axi_ram (D = $0$memwr$\mem$rtl/axi_ram.v:100$855_DATA[31:0]$870 [15:8], Q = \mem[880] [15:8]).
Adding EN signal on $memory\mem[880]$8327 ($dff) from module axi_ram (D = $0$memwr$\mem$rtl/axi_ram.v:102$856_DATA[31:0]$873 [23:16], Q = \mem[880] [23:16]).
Adding EN signal on $memory\mem[880]$8327 ($dff) from module axi_ram (D = $0$memwr$\mem$rtl/axi_ram.v:104$857_DATA[31:0]$876 [31:24], Q = \mem[880] [31:24]).
Adding EN signal on $memory\mem[87]$6741 ($dff) from module axi_ram (D = $0$memwr$\mem$rtl/axi_ram.v:97$854_DATA[31:0]$867 [7:0], Q = \mem[87] [7:0]).
Adding EN signal on $memory\mem[87]$6741 ($dff) from module axi_ram (D = $0$memwr$\mem$rtl/axi_ram.v:100$855_DATA[31:0]$870 [15:8], Q = \mem[87] [15:8]).
Adding EN signal on $memory\mem[87]$6741 ($dff) from module axi_ram (D = $0$memwr$\mem$rtl/axi_ram.v:102$856_DATA[31:0]$873 [23:16], Q = \mem[87] [23:16]).
Adding EN signal on $memory\mem[87]$6741 ($dff) from module axi_ram (D = $0$memwr$\mem$rtl/axi_ram.v:104$857_DATA[31:0]$876 [31:24], Q = \mem[87] [31:24]).
Adding EN signal on $memory\mem[879]$8325 ($dff) from module axi_ram (D = $0$memwr$\mem$rtl/axi_ram.v:97$854_DATA[31:0]$867 [7:0], Q = \mem[879] [7:0]).
Adding EN signal on $memory\mem[879]$8325 ($dff) from module axi_ram (D = $0$memwr$\mem$rtl/axi_ram.v:100$855_DATA[31:0]$870 [15:8], Q = \mem[879] [15:8]).
Adding EN signal on $memory\mem[879]$8325 ($dff) from module axi_ram (D = $0$memwr$\mem$rtl/axi_ram.v:102$856_DATA[31:0]$873 [23:16], Q = \mem[879] [23:16]).
Adding EN signal on $memory\mem[879]$8325 ($dff) from module axi_ram (D = $0$memwr$\mem$rtl/axi_ram.v:104$857_DATA[31:0]$876 [31:24], Q = \mem[879] [31:24]).
Adding EN signal on $memory\mem[878]$8323 ($dff) from module axi_ram (D = $0$memwr$\mem$rtl/axi_ram.v:97$854_DATA[31:0]$867 [7:0], Q = \mem[878] [7:0]).
Adding EN signal on $memory\mem[878]$8323 ($dff) from module axi_ram (D = $0$memwr$\mem$rtl/axi_ram.v:100$855_DATA[31:0]$870 [15:8], Q = \mem[878] [15:8]).
Adding EN signal on $memory\mem[878]$8323 ($dff) from module axi_ram (D = $0$memwr$\mem$rtl/axi_ram.v:102$856_DATA[31:0]$873 [23:16], Q = \mem[878] [23:16]).
Adding EN signal on $memory\mem[878]$8323 ($dff) from module axi_ram (D = $0$memwr$\mem$rtl/axi_ram.v:104$857_DATA[31:0]$876 [31:24], Q = \mem[878] [31:24]).
Adding EN signal on $memory\mem[877]$8321 ($dff) from module axi_ram (D = $0$memwr$\mem$rtl/axi_ram.v:97$854_DATA[31:0]$867 [7:0], Q = \mem[877] [7:0]).
Adding EN signal on $memory\mem[877]$8321 ($dff) from module axi_ram (D = $0$memwr$\mem$rtl/axi_ram.v:100$855_DATA[31:0]$870 [15:8], Q = \mem[877] [15:8]).
Adding EN signal on $memory\mem[877]$8321 ($dff) from module axi_ram (D = $0$memwr$\mem$rtl/axi_ram.v:102$856_DATA[31:0]$873 [23:16], Q = \mem[877] [23:16]).
Adding EN signal on $memory\mem[877]$8321 ($dff) from module axi_ram (D = $0$memwr$\mem$rtl/axi_ram.v:104$857_DATA[31:0]$876 [31:24], Q = \mem[877] [31:24]).
Adding EN signal on $memory\mem[876]$8319 ($dff) from module axi_ram (D = $0$memwr$\mem$rtl/axi_ram.v:97$854_DATA[31:0]$867 [7:0], Q = \mem[876] [7:0]).
Adding EN signal on $memory\mem[876]$8319 ($dff) from module axi_ram (D = $0$memwr$\mem$rtl/axi_ram.v:100$855_DATA[31:0]$870 [15:8], Q = \mem[876] [15:8]).
Adding EN signal on $memory\mem[876]$8319 ($dff) from module axi_ram (D = $0$memwr$\mem$rtl/axi_ram.v:102$856_DATA[31:0]$873 [23:16], Q = \mem[876] [23:16]).
Adding EN signal on $memory\mem[876]$8319 ($dff) from module axi_ram (D = $0$memwr$\mem$rtl/axi_ram.v:104$857_DATA[31:0]$876 [31:24], Q = \mem[876] [31:24]).
Adding EN signal on $memory\mem[875]$8317 ($dff) from module axi_ram (D = $0$memwr$\mem$rtl/axi_ram.v:97$854_DATA[31:0]$867 [7:0], Q = \mem[875] [7:0]).
Adding EN signal on $memory\mem[875]$8317 ($dff) from module axi_ram (D = $0$memwr$\mem$rtl/axi_ram.v:100$855_DATA[31:0]$870 [15:8], Q = \mem[875] [15:8]).
Adding EN signal on $memory\mem[875]$8317 ($dff) from module axi_ram (D = $0$memwr$\mem$rtl/axi_ram.v:102$856_DATA[31:0]$873 [23:16], Q = \mem[875] [23:16]).
Adding EN signal on $memory\mem[875]$8317 ($dff) from module axi_ram (D = $0$memwr$\mem$rtl/axi_ram.v:104$857_DATA[31:0]$876 [31:24], Q = \mem[875] [31:24]).
Adding EN signal on $memory\mem[874]$8315 ($dff) from module axi_ram (D = $0$memwr$\mem$rtl/axi_ram.v:97$854_DATA[31:0]$867 [7:0], Q = \mem[874] [7:0]).
Adding EN signal on $memory\mem[874]$8315 ($dff) from module axi_ram (D = $0$memwr$\mem$rtl/axi_ram.v:100$855_DATA[31:0]$870 [15:8], Q = \mem[874] [15:8]).
Adding EN signal on $memory\mem[874]$8315 ($dff) from module axi_ram (D = $0$memwr$\mem$rtl/axi_ram.v:102$856_DATA[31:0]$873 [23:16], Q = \mem[874] [23:16]).
Adding EN signal on $memory\mem[874]$8315 ($dff) from module axi_ram (D = $0$memwr$\mem$rtl/axi_ram.v:104$857_DATA[31:0]$876 [31:24], Q = \mem[874] [31:24]).
Adding EN signal on $memory\mem[873]$8313 ($dff) from module axi_ram (D = $0$memwr$\mem$rtl/axi_ram.v:97$854_DATA[31:0]$867 [7:0], Q = \mem[873] [7:0]).
Adding EN signal on $memory\mem[873]$8313 ($dff) from module axi_ram (D = $0$memwr$\mem$rtl/axi_ram.v:100$855_DATA[31:0]$870 [15:8], Q = \mem[873] [15:8]).
Adding EN signal on $memory\mem[873]$8313 ($dff) from module axi_ram (D = $0$memwr$\mem$rtl/axi_ram.v:102$856_DATA[31:0]$873 [23:16], Q = \mem[873] [23:16]).
Adding EN signal on $memory\mem[873]$8313 ($dff) from module axi_ram (D = $0$memwr$\mem$rtl/axi_ram.v:104$857_DATA[31:0]$876 [31:24], Q = \mem[873] [31:24]).
Adding EN signal on $memory\mem[872]$8311 ($dff) from module axi_ram (D = $0$memwr$\mem$rtl/axi_ram.v:97$854_DATA[31:0]$867 [7:0], Q = \mem[872] [7:0]).
Adding EN signal on $memory\mem[872]$8311 ($dff) from module axi_ram (D = $0$memwr$\mem$rtl/axi_ram.v:100$855_DATA[31:0]$870 [15:8], Q = \mem[872] [15:8]).
Adding EN signal on $memory\mem[872]$8311 ($dff) from module axi_ram (D = $0$memwr$\mem$rtl/axi_ram.v:102$856_DATA[31:0]$873 [23:16], Q = \mem[872] [23:16]).
Adding EN signal on $memory\mem[872]$8311 ($dff) from module axi_ram (D = $0$memwr$\mem$rtl/axi_ram.v:104$857_DATA[31:0]$876 [31:24], Q = \mem[872] [31:24]).
Adding EN signal on $memory\mem[871]$8309 ($dff) from module axi_ram (D = $0$memwr$\mem$rtl/axi_ram.v:97$854_DATA[31:0]$867 [7:0], Q = \mem[871] [7:0]).
Adding EN signal on $memory\mem[871]$8309 ($dff) from module axi_ram (D = $0$memwr$\mem$rtl/axi_ram.v:100$855_DATA[31:0]$870 [15:8], Q = \mem[871] [15:8]).
Adding EN signal on $memory\mem[871]$8309 ($dff) from module axi_ram (D = $0$memwr$\mem$rtl/axi_ram.v:102$856_DATA[31:0]$873 [23:16], Q = \mem[871] [23:16]).
Adding EN signal on $memory\mem[871]$8309 ($dff) from module axi_ram (D = $0$memwr$\mem$rtl/axi_ram.v:104$857_DATA[31:0]$876 [31:24], Q = \mem[871] [31:24]).
Adding EN signal on $memory\mem[870]$8307 ($dff) from module axi_ram (D = $0$memwr$\mem$rtl/axi_ram.v:97$854_DATA[31:0]$867 [7:0], Q = \mem[870] [7:0]).
Adding EN signal on $memory\mem[870]$8307 ($dff) from module axi_ram (D = $0$memwr$\mem$rtl/axi_ram.v:100$855_DATA[31:0]$870 [15:8], Q = \mem[870] [15:8]).
Adding EN signal on $memory\mem[870]$8307 ($dff) from module axi_ram (D = $0$memwr$\mem$rtl/axi_ram.v:102$856_DATA[31:0]$873 [23:16], Q = \mem[870] [23:16]).
Adding EN signal on $memory\mem[870]$8307 ($dff) from module axi_ram (D = $0$memwr$\mem$rtl/axi_ram.v:104$857_DATA[31:0]$876 [31:24], Q = \mem[870] [31:24]).
Adding EN signal on $memory\mem[86]$6739 ($dff) from module axi_ram (D = $0$memwr$\mem$rtl/axi_ram.v:97$854_DATA[31:0]$867 [7:0], Q = \mem[86] [7:0]).
Adding EN signal on $memory\mem[86]$6739 ($dff) from module axi_ram (D = $0$memwr$\mem$rtl/axi_ram.v:100$855_DATA[31:0]$870 [15:8], Q = \mem[86] [15:8]).
Adding EN signal on $memory\mem[86]$6739 ($dff) from module axi_ram (D = $0$memwr$\mem$rtl/axi_ram.v:102$856_DATA[31:0]$873 [23:16], Q = \mem[86] [23:16]).
Adding EN signal on $memory\mem[86]$6739 ($dff) from module axi_ram (D = $0$memwr$\mem$rtl/axi_ram.v:104$857_DATA[31:0]$876 [31:24], Q = \mem[86] [31:24]).
Adding EN signal on $memory\mem[869]$8305 ($dff) from module axi_ram (D = $0$memwr$\mem$rtl/axi_ram.v:97$854_DATA[31:0]$867 [7:0], Q = \mem[869] [7:0]).
Adding EN signal on $memory\mem[869]$8305 ($dff) from module axi_ram (D = $0$memwr$\mem$rtl/axi_ram.v:100$855_DATA[31:0]$870 [15:8], Q = \mem[869] [15:8]).
Adding EN signal on $memory\mem[869]$8305 ($dff) from module axi_ram (D = $0$memwr$\mem$rtl/axi_ram.v:102$856_DATA[31:0]$873 [23:16], Q = \mem[869] [23:16]).
Adding EN signal on $memory\mem[869]$8305 ($dff) from module axi_ram (D = $0$memwr$\mem$rtl/axi_ram.v:104$857_DATA[31:0]$876 [31:24], Q = \mem[869] [31:24]).
Adding EN signal on $memory\mem[868]$8303 ($dff) from module axi_ram (D = $0$memwr$\mem$rtl/axi_ram.v:97$854_DATA[31:0]$867 [7:0], Q = \mem[868] [7:0]).
Adding EN signal on $memory\mem[868]$8303 ($dff) from module axi_ram (D = $0$memwr$\mem$rtl/axi_ram.v:100$855_DATA[31:0]$870 [15:8], Q = \mem[868] [15:8]).
Adding EN signal on $memory\mem[868]$8303 ($dff) from module axi_ram (D = $0$memwr$\mem$rtl/axi_ram.v:102$856_DATA[31:0]$873 [23:16], Q = \mem[868] [23:16]).
Adding EN signal on $memory\mem[868]$8303 ($dff) from module axi_ram (D = $0$memwr$\mem$rtl/axi_ram.v:104$857_DATA[31:0]$876 [31:24], Q = \mem[868] [31:24]).
Adding EN signal on $memory\mem[867]$8301 ($dff) from module axi_ram (D = $0$memwr$\mem$rtl/axi_ram.v:97$854_DATA[31:0]$867 [7:0], Q = \mem[867] [7:0]).
Adding EN signal on $memory\mem[867]$8301 ($dff) from module axi_ram (D = $0$memwr$\mem$rtl/axi_ram.v:100$855_DATA[31:0]$870 [15:8], Q = \mem[867] [15:8]).
Adding EN signal on $memory\mem[867]$8301 ($dff) from module axi_ram (D = $0$memwr$\mem$rtl/axi_ram.v:102$856_DATA[31:0]$873 [23:16], Q = \mem[867] [23:16]).
Adding EN signal on $memory\mem[867]$8301 ($dff) from module axi_ram (D = $0$memwr$\mem$rtl/axi_ram.v:104$857_DATA[31:0]$876 [31:24], Q = \mem[867] [31:24]).
Adding EN signal on $memory\mem[866]$8299 ($dff) from module axi_ram (D = $0$memwr$\mem$rtl/axi_ram.v:97$854_DATA[31:0]$867 [7:0], Q = \mem[866] [7:0]).
Adding EN signal on $memory\mem[866]$8299 ($dff) from module axi_ram (D = $0$memwr$\mem$rtl/axi_ram.v:100$855_DATA[31:0]$870 [15:8], Q = \mem[866] [15:8]).
Adding EN signal on $memory\mem[866]$8299 ($dff) from module axi_ram (D = $0$memwr$\mem$rtl/axi_ram.v:102$856_DATA[31:0]$873 [23:16], Q = \mem[866] [23:16]).
Adding EN signal on $memory\mem[866]$8299 ($dff) from module axi_ram (D = $0$memwr$\mem$rtl/axi_ram.v:104$857_DATA[31:0]$876 [31:24], Q = \mem[866] [31:24]).
Adding EN signal on $memory\mem[865]$8297 ($dff) from module axi_ram (D = $0$memwr$\mem$rtl/axi_ram.v:97$854_DATA[31:0]$867 [7:0], Q = \mem[865] [7:0]).
Adding EN signal on $memory\mem[865]$8297 ($dff) from module axi_ram (D = $0$memwr$\mem$rtl/axi_ram.v:100$855_DATA[31:0]$870 [15:8], Q = \mem[865] [15:8]).
Adding EN signal on $memory\mem[865]$8297 ($dff) from module axi_ram (D = $0$memwr$\mem$rtl/axi_ram.v:102$856_DATA[31:0]$873 [23:16], Q = \mem[865] [23:16]).
Adding EN signal on $memory\mem[865]$8297 ($dff) from module axi_ram (D = $0$memwr$\mem$rtl/axi_ram.v:104$857_DATA[31:0]$876 [31:24], Q = \mem[865] [31:24]).
Adding EN signal on $memory\mem[864]$8295 ($dff) from module axi_ram (D = $0$memwr$\mem$rtl/axi_ram.v:97$854_DATA[31:0]$867 [7:0], Q = \mem[864] [7:0]).
Adding EN signal on $memory\mem[864]$8295 ($dff) from module axi_ram (D = $0$memwr$\mem$rtl/axi_ram.v:100$855_DATA[31:0]$870 [15:8], Q = \mem[864] [15:8]).
Adding EN signal on $memory\mem[864]$8295 ($dff) from module axi_ram (D = $0$memwr$\mem$rtl/axi_ram.v:102$856_DATA[31:0]$873 [23:16], Q = \mem[864] [23:16]).
Adding EN signal on $memory\mem[864]$8295 ($dff) from module axi_ram (D = $0$memwr$\mem$rtl/axi_ram.v:104$857_DATA[31:0]$876 [31:24], Q = \mem[864] [31:24]).
Adding EN signal on $memory\mem[863]$8293 ($dff) from module axi_ram (D = $0$memwr$\mem$rtl/axi_ram.v:97$854_DATA[31:0]$867 [7:0], Q = \mem[863] [7:0]).
Adding EN signal on $memory\mem[863]$8293 ($dff) from module axi_ram (D = $0$memwr$\mem$rtl/axi_ram.v:100$855_DATA[31:0]$870 [15:8], Q = \mem[863] [15:8]).
Adding EN signal on $memory\mem[863]$8293 ($dff) from module axi_ram (D = $0$memwr$\mem$rtl/axi_ram.v:102$856_DATA[31:0]$873 [23:16], Q = \mem[863] [23:16]).
Adding EN signal on $memory\mem[863]$8293 ($dff) from module axi_ram (D = $0$memwr$\mem$rtl/axi_ram.v:104$857_DATA[31:0]$876 [31:24], Q = \mem[863] [31:24]).
Adding EN signal on $memory\mem[862]$8291 ($dff) from module axi_ram (D = $0$memwr$\mem$rtl/axi_ram.v:97$854_DATA[31:0]$867 [7:0], Q = \mem[862] [7:0]).
Adding EN signal on $memory\mem[862]$8291 ($dff) from module axi_ram (D = $0$memwr$\mem$rtl/axi_ram.v:100$855_DATA[31:0]$870 [15:8], Q = \mem[862] [15:8]).
Adding EN signal on $memory\mem[862]$8291 ($dff) from module axi_ram (D = $0$memwr$\mem$rtl/axi_ram.v:102$856_DATA[31:0]$873 [23:16], Q = \mem[862] [23:16]).
Adding EN signal on $memory\mem[862]$8291 ($dff) from module axi_ram (D = $0$memwr$\mem$rtl/axi_ram.v:104$857_DATA[31:0]$876 [31:24], Q = \mem[862] [31:24]).
Adding EN signal on $memory\mem[861]$8289 ($dff) from module axi_ram (D = $0$memwr$\mem$rtl/axi_ram.v:97$854_DATA[31:0]$867 [7:0], Q = \mem[861] [7:0]).
Adding EN signal on $memory\mem[861]$8289 ($dff) from module axi_ram (D = $0$memwr$\mem$rtl/axi_ram.v:100$855_DATA[31:0]$870 [15:8], Q = \mem[861] [15:8]).
Adding EN signal on $memory\mem[861]$8289 ($dff) from module axi_ram (D = $0$memwr$\mem$rtl/axi_ram.v:102$856_DATA[31:0]$873 [23:16], Q = \mem[861] [23:16]).
Adding EN signal on $memory\mem[861]$8289 ($dff) from module axi_ram (D = $0$memwr$\mem$rtl/axi_ram.v:104$857_DATA[31:0]$876 [31:24], Q = \mem[861] [31:24]).
Adding EN signal on $memory\mem[860]$8287 ($dff) from module axi_ram (D = $0$memwr$\mem$rtl/axi_ram.v:97$854_DATA[31:0]$867 [7:0], Q = \mem[860] [7:0]).
Adding EN signal on $memory\mem[860]$8287 ($dff) from module axi_ram (D = $0$memwr$\mem$rtl/axi_ram.v:100$855_DATA[31:0]$870 [15:8], Q = \mem[860] [15:8]).
Adding EN signal on $memory\mem[860]$8287 ($dff) from module axi_ram (D = $0$memwr$\mem$rtl/axi_ram.v:102$856_DATA[31:0]$873 [23:16], Q = \mem[860] [23:16]).
Adding EN signal on $memory\mem[860]$8287 ($dff) from module axi_ram (D = $0$memwr$\mem$rtl/axi_ram.v:104$857_DATA[31:0]$876 [31:24], Q = \mem[860] [31:24]).
Adding EN signal on $memory\mem[85]$6737 ($dff) from module axi_ram (D = $0$memwr$\mem$rtl/axi_ram.v:97$854_DATA[31:0]$867 [7:0], Q = \mem[85] [7:0]).
Adding EN signal on $memory\mem[85]$6737 ($dff) from module axi_ram (D = $0$memwr$\mem$rtl/axi_ram.v:100$855_DATA[31:0]$870 [15:8], Q = \mem[85] [15:8]).
Adding EN signal on $memory\mem[85]$6737 ($dff) from module axi_ram (D = $0$memwr$\mem$rtl/axi_ram.v:102$856_DATA[31:0]$873 [23:16], Q = \mem[85] [23:16]).
Adding EN signal on $memory\mem[85]$6737 ($dff) from module axi_ram (D = $0$memwr$\mem$rtl/axi_ram.v:104$857_DATA[31:0]$876 [31:24], Q = \mem[85] [31:24]).
Adding EN signal on $memory\mem[859]$8285 ($dff) from module axi_ram (D = $0$memwr$\mem$rtl/axi_ram.v:97$854_DATA[31:0]$867 [7:0], Q = \mem[859] [7:0]).
Adding EN signal on $memory\mem[859]$8285 ($dff) from module axi_ram (D = $0$memwr$\mem$rtl/axi_ram.v:100$855_DATA[31:0]$870 [15:8], Q = \mem[859] [15:8]).
Adding EN signal on $memory\mem[859]$8285 ($dff) from module axi_ram (D = $0$memwr$\mem$rtl/axi_ram.v:102$856_DATA[31:0]$873 [23:16], Q = \mem[859] [23:16]).
Adding EN signal on $memory\mem[859]$8285 ($dff) from module axi_ram (D = $0$memwr$\mem$rtl/axi_ram.v:104$857_DATA[31:0]$876 [31:24], Q = \mem[859] [31:24]).
Adding EN signal on $memory\mem[858]$8283 ($dff) from module axi_ram (D = $0$memwr$\mem$rtl/axi_ram.v:97$854_DATA[31:0]$867 [7:0], Q = \mem[858] [7:0]).
Adding EN signal on $memory\mem[858]$8283 ($dff) from module axi_ram (D = $0$memwr$\mem$rtl/axi_ram.v:100$855_DATA[31:0]$870 [15:8], Q = \mem[858] [15:8]).
Adding EN signal on $memory\mem[858]$8283 ($dff) from module axi_ram (D = $0$memwr$\mem$rtl/axi_ram.v:102$856_DATA[31:0]$873 [23:16], Q = \mem[858] [23:16]).
Adding EN signal on $memory\mem[858]$8283 ($dff) from module axi_ram (D = $0$memwr$\mem$rtl/axi_ram.v:104$857_DATA[31:0]$876 [31:24], Q = \mem[858] [31:24]).
Adding EN signal on $memory\mem[857]$8281 ($dff) from module axi_ram (D = $0$memwr$\mem$rtl/axi_ram.v:97$854_DATA[31:0]$867 [7:0], Q = \mem[857] [7:0]).
Adding EN signal on $memory\mem[857]$8281 ($dff) from module axi_ram (D = $0$memwr$\mem$rtl/axi_ram.v:100$855_DATA[31:0]$870 [15:8], Q = \mem[857] [15:8]).
Adding EN signal on $memory\mem[857]$8281 ($dff) from module axi_ram (D = $0$memwr$\mem$rtl/axi_ram.v:102$856_DATA[31:0]$873 [23:16], Q = \mem[857] [23:16]).
Adding EN signal on $memory\mem[857]$8281 ($dff) from module axi_ram (D = $0$memwr$\mem$rtl/axi_ram.v:104$857_DATA[31:0]$876 [31:24], Q = \mem[857] [31:24]).
Adding EN signal on $memory\mem[856]$8279 ($dff) from module axi_ram (D = $0$memwr$\mem$rtl/axi_ram.v:97$854_DATA[31:0]$867 [7:0], Q = \mem[856] [7:0]).
Adding EN signal on $memory\mem[856]$8279 ($dff) from module axi_ram (D = $0$memwr$\mem$rtl/axi_ram.v:100$855_DATA[31:0]$870 [15:8], Q = \mem[856] [15:8]).
Adding EN signal on $memory\mem[856]$8279 ($dff) from module axi_ram (D = $0$memwr$\mem$rtl/axi_ram.v:102$856_DATA[31:0]$873 [23:16], Q = \mem[856] [23:16]).
Adding EN signal on $memory\mem[856]$8279 ($dff) from module axi_ram (D = $0$memwr$\mem$rtl/axi_ram.v:104$857_DATA[31:0]$876 [31:24], Q = \mem[856] [31:24]).
Adding EN signal on $memory\mem[855]$8277 ($dff) from module axi_ram (D = $0$memwr$\mem$rtl/axi_ram.v:97$854_DATA[31:0]$867 [7:0], Q = \mem[855] [7:0]).
Adding EN signal on $memory\mem[855]$8277 ($dff) from module axi_ram (D = $0$memwr$\mem$rtl/axi_ram.v:100$855_DATA[31:0]$870 [15:8], Q = \mem[855] [15:8]).
Adding EN signal on $memory\mem[855]$8277 ($dff) from module axi_ram (D = $0$memwr$\mem$rtl/axi_ram.v:102$856_DATA[31:0]$873 [23:16], Q = \mem[855] [23:16]).
Adding EN signal on $memory\mem[855]$8277 ($dff) from module axi_ram (D = $0$memwr$\mem$rtl/axi_ram.v:104$857_DATA[31:0]$876 [31:24], Q = \mem[855] [31:24]).
Adding EN signal on $memory\mem[854]$8275 ($dff) from module axi_ram (D = $0$memwr$\mem$rtl/axi_ram.v:97$854_DATA[31:0]$867 [7:0], Q = \mem[854] [7:0]).
Adding EN signal on $memory\mem[854]$8275 ($dff) from module axi_ram (D = $0$memwr$\mem$rtl/axi_ram.v:100$855_DATA[31:0]$870 [15:8], Q = \mem[854] [15:8]).
Adding EN signal on $memory\mem[854]$8275 ($dff) from module axi_ram (D = $0$memwr$\mem$rtl/axi_ram.v:102$856_DATA[31:0]$873 [23:16], Q = \mem[854] [23:16]).
Adding EN signal on $memory\mem[854]$8275 ($dff) from module axi_ram (D = $0$memwr$\mem$rtl/axi_ram.v:104$857_DATA[31:0]$876 [31:24], Q = \mem[854] [31:24]).
Adding EN signal on $memory\mem[853]$8273 ($dff) from module axi_ram (D = $0$memwr$\mem$rtl/axi_ram.v:97$854_DATA[31:0]$867 [7:0], Q = \mem[853] [7:0]).
Adding EN signal on $memory\mem[853]$8273 ($dff) from module axi_ram (D = $0$memwr$\mem$rtl/axi_ram.v:100$855_DATA[31:0]$870 [15:8], Q = \mem[853] [15:8]).
Adding EN signal on $memory\mem[853]$8273 ($dff) from module axi_ram (D = $0$memwr$\mem$rtl/axi_ram.v:102$856_DATA[31:0]$873 [23:16], Q = \mem[853] [23:16]).
Adding EN signal on $memory\mem[853]$8273 ($dff) from module axi_ram (D = $0$memwr$\mem$rtl/axi_ram.v:104$857_DATA[31:0]$876 [31:24], Q = \mem[853] [31:24]).
Adding EN signal on $memory\mem[852]$8271 ($dff) from module axi_ram (D = $0$memwr$\mem$rtl/axi_ram.v:97$854_DATA[31:0]$867 [7:0], Q = \mem[852] [7:0]).
Adding EN signal on $memory\mem[852]$8271 ($dff) from module axi_ram (D = $0$memwr$\mem$rtl/axi_ram.v:100$855_DATA[31:0]$870 [15:8], Q = \mem[852] [15:8]).
Adding EN signal on $memory\mem[852]$8271 ($dff) from module axi_ram (D = $0$memwr$\mem$rtl/axi_ram.v:102$856_DATA[31:0]$873 [23:16], Q = \mem[852] [23:16]).
Adding EN signal on $memory\mem[852]$8271 ($dff) from module axi_ram (D = $0$memwr$\mem$rtl/axi_ram.v:104$857_DATA[31:0]$876 [31:24], Q = \mem[852] [31:24]).
Adding EN signal on $memory\mem[851]$8269 ($dff) from module axi_ram (D = $0$memwr$\mem$rtl/axi_ram.v:97$854_DATA[31:0]$867 [7:0], Q = \mem[851] [7:0]).
Adding EN signal on $memory\mem[851]$8269 ($dff) from module axi_ram (D = $0$memwr$\mem$rtl/axi_ram.v:100$855_DATA[31:0]$870 [15:8], Q = \mem[851] [15:8]).
Adding EN signal on $memory\mem[851]$8269 ($dff) from module axi_ram (D = $0$memwr$\mem$rtl/axi_ram.v:102$856_DATA[31:0]$873 [23:16], Q = \mem[851] [23:16]).
Adding EN signal on $memory\mem[851]$8269 ($dff) from module axi_ram (D = $0$memwr$\mem$rtl/axi_ram.v:104$857_DATA[31:0]$876 [31:24], Q = \mem[851] [31:24]).
Adding EN signal on $memory\mem[850]$8267 ($dff) from module axi_ram (D = $0$memwr$\mem$rtl/axi_ram.v:97$854_DATA[31:0]$867 [7:0], Q = \mem[850] [7:0]).
Adding EN signal on $memory\mem[850]$8267 ($dff) from module axi_ram (D = $0$memwr$\mem$rtl/axi_ram.v:100$855_DATA[31:0]$870 [15:8], Q = \mem[850] [15:8]).
Adding EN signal on $memory\mem[850]$8267 ($dff) from module axi_ram (D = $0$memwr$\mem$rtl/axi_ram.v:102$856_DATA[31:0]$873 [23:16], Q = \mem[850] [23:16]).
Adding EN signal on $memory\mem[850]$8267 ($dff) from module axi_ram (D = $0$memwr$\mem$rtl/axi_ram.v:104$857_DATA[31:0]$876 [31:24], Q = \mem[850] [31:24]).
Adding EN signal on $memory\mem[84]$6735 ($dff) from module axi_ram (D = $0$memwr$\mem$rtl/axi_ram.v:97$854_DATA[31:0]$867 [7:0], Q = \mem[84] [7:0]).
Adding EN signal on $memory\mem[84]$6735 ($dff) from module axi_ram (D = $0$memwr$\mem$rtl/axi_ram.v:100$855_DATA[31:0]$870 [15:8], Q = \mem[84] [15:8]).
Adding EN signal on $memory\mem[84]$6735 ($dff) from module axi_ram (D = $0$memwr$\mem$rtl/axi_ram.v:102$856_DATA[31:0]$873 [23:16], Q = \mem[84] [23:16]).
Adding EN signal on $memory\mem[84]$6735 ($dff) from module axi_ram (D = $0$memwr$\mem$rtl/axi_ram.v:104$857_DATA[31:0]$876 [31:24], Q = \mem[84] [31:24]).
Adding EN signal on $memory\mem[849]$8265 ($dff) from module axi_ram (D = $0$memwr$\mem$rtl/axi_ram.v:97$854_DATA[31:0]$867 [7:0], Q = \mem[849] [7:0]).
Adding EN signal on $memory\mem[849]$8265 ($dff) from module axi_ram (D = $0$memwr$\mem$rtl/axi_ram.v:100$855_DATA[31:0]$870 [15:8], Q = \mem[849] [15:8]).
Adding EN signal on $memory\mem[849]$8265 ($dff) from module axi_ram (D = $0$memwr$\mem$rtl/axi_ram.v:102$856_DATA[31:0]$873 [23:16], Q = \mem[849] [23:16]).
Adding EN signal on $memory\mem[849]$8265 ($dff) from module axi_ram (D = $0$memwr$\mem$rtl/axi_ram.v:104$857_DATA[31:0]$876 [31:24], Q = \mem[849] [31:24]).
Adding EN signal on $memory\mem[848]$8263 ($dff) from module axi_ram (D = $0$memwr$\mem$rtl/axi_ram.v:97$854_DATA[31:0]$867 [7:0], Q = \mem[848] [7:0]).
Adding EN signal on $memory\mem[848]$8263 ($dff) from module axi_ram (D = $0$memwr$\mem$rtl/axi_ram.v:100$855_DATA[31:0]$870 [15:8], Q = \mem[848] [15:8]).
Adding EN signal on $memory\mem[848]$8263 ($dff) from module axi_ram (D = $0$memwr$\mem$rtl/axi_ram.v:102$856_DATA[31:0]$873 [23:16], Q = \mem[848] [23:16]).
Adding EN signal on $memory\mem[848]$8263 ($dff) from module axi_ram (D = $0$memwr$\mem$rtl/axi_ram.v:104$857_DATA[31:0]$876 [31:24], Q = \mem[848] [31:24]).
Adding EN signal on $memory\mem[847]$8261 ($dff) from module axi_ram (D = $0$memwr$\mem$rtl/axi_ram.v:97$854_DATA[31:0]$867 [7:0], Q = \mem[847] [7:0]).
Adding EN signal on $memory\mem[847]$8261 ($dff) from module axi_ram (D = $0$memwr$\mem$rtl/axi_ram.v:100$855_DATA[31:0]$870 [15:8], Q = \mem[847] [15:8]).
Adding EN signal on $memory\mem[847]$8261 ($dff) from module axi_ram (D = $0$memwr$\mem$rtl/axi_ram.v:102$856_DATA[31:0]$873 [23:16], Q = \mem[847] [23:16]).
Adding EN signal on $memory\mem[847]$8261 ($dff) from module axi_ram (D = $0$memwr$\mem$rtl/axi_ram.v:104$857_DATA[31:0]$876 [31:24], Q = \mem[847] [31:24]).
Adding EN signal on $memory\mem[846]$8259 ($dff) from module axi_ram (D = $0$memwr$\mem$rtl/axi_ram.v:97$854_DATA[31:0]$867 [7:0], Q = \mem[846] [7:0]).
Adding EN signal on $memory\mem[846]$8259 ($dff) from module axi_ram (D = $0$memwr$\mem$rtl/axi_ram.v:100$855_DATA[31:0]$870 [15:8], Q = \mem[846] [15:8]).
Adding EN signal on $memory\mem[846]$8259 ($dff) from module axi_ram (D = $0$memwr$\mem$rtl/axi_ram.v:102$856_DATA[31:0]$873 [23:16], Q = \mem[846] [23:16]).
Adding EN signal on $memory\mem[846]$8259 ($dff) from module axi_ram (D = $0$memwr$\mem$rtl/axi_ram.v:104$857_DATA[31:0]$876 [31:24], Q = \mem[846] [31:24]).
Adding EN signal on $memory\mem[845]$8257 ($dff) from module axi_ram (D = $0$memwr$\mem$rtl/axi_ram.v:97$854_DATA[31:0]$867 [7:0], Q = \mem[845] [7:0]).
Adding EN signal on $memory\mem[845]$8257 ($dff) from module axi_ram (D = $0$memwr$\mem$rtl/axi_ram.v:100$855_DATA[31:0]$870 [15:8], Q = \mem[845] [15:8]).
Adding EN signal on $memory\mem[845]$8257 ($dff) from module axi_ram (D = $0$memwr$\mem$rtl/axi_ram.v:102$856_DATA[31:0]$873 [23:16], Q = \mem[845] [23:16]).
Adding EN signal on $memory\mem[845]$8257 ($dff) from module axi_ram (D = $0$memwr$\mem$rtl/axi_ram.v:104$857_DATA[31:0]$876 [31:24], Q = \mem[845] [31:24]).
Adding EN signal on $memory\mem[844]$8255 ($dff) from module axi_ram (D = $0$memwr$\mem$rtl/axi_ram.v:97$854_DATA[31:0]$867 [7:0], Q = \mem[844] [7:0]).
Adding EN signal on $memory\mem[844]$8255 ($dff) from module axi_ram (D = $0$memwr$\mem$rtl/axi_ram.v:100$855_DATA[31:0]$870 [15:8], Q = \mem[844] [15:8]).
Adding EN signal on $memory\mem[844]$8255 ($dff) from module axi_ram (D = $0$memwr$\mem$rtl/axi_ram.v:102$856_DATA[31:0]$873 [23:16], Q = \mem[844] [23:16]).
Adding EN signal on $memory\mem[844]$8255 ($dff) from module axi_ram (D = $0$memwr$\mem$rtl/axi_ram.v:104$857_DATA[31:0]$876 [31:24], Q = \mem[844] [31:24]).
Adding EN signal on $memory\mem[843]$8253 ($dff) from module axi_ram (D = $0$memwr$\mem$rtl/axi_ram.v:97$854_DATA[31:0]$867 [7:0], Q = \mem[843] [7:0]).
Adding EN signal on $memory\mem[843]$8253 ($dff) from module axi_ram (D = $0$memwr$\mem$rtl/axi_ram.v:100$855_DATA[31:0]$870 [15:8], Q = \mem[843] [15:8]).
Adding EN signal on $memory\mem[843]$8253 ($dff) from module axi_ram (D = $0$memwr$\mem$rtl/axi_ram.v:102$856_DATA[31:0]$873 [23:16], Q = \mem[843] [23:16]).
Adding EN signal on $memory\mem[843]$8253 ($dff) from module axi_ram (D = $0$memwr$\mem$rtl/axi_ram.v:104$857_DATA[31:0]$876 [31:24], Q = \mem[843] [31:24]).
Adding EN signal on $memory\mem[842]$8251 ($dff) from module axi_ram (D = $0$memwr$\mem$rtl/axi_ram.v:97$854_DATA[31:0]$867 [7:0], Q = \mem[842] [7:0]).
Adding EN signal on $memory\mem[842]$8251 ($dff) from module axi_ram (D = $0$memwr$\mem$rtl/axi_ram.v:100$855_DATA[31:0]$870 [15:8], Q = \mem[842] [15:8]).
Adding EN signal on $memory\mem[842]$8251 ($dff) from module axi_ram (D = $0$memwr$\mem$rtl/axi_ram.v:102$856_DATA[31:0]$873 [23:16], Q = \mem[842] [23:16]).
Adding EN signal on $memory\mem[842]$8251 ($dff) from module axi_ram (D = $0$memwr$\mem$rtl/axi_ram.v:104$857_DATA[31:0]$876 [31:24], Q = \mem[842] [31:24]).
Adding EN signal on $memory\mem[841]$8249 ($dff) from module axi_ram (D = $0$memwr$\mem$rtl/axi_ram.v:97$854_DATA[31:0]$867 [7:0], Q = \mem[841] [7:0]).
Adding EN signal on $memory\mem[841]$8249 ($dff) from module axi_ram (D = $0$memwr$\mem$rtl/axi_ram.v:100$855_DATA[31:0]$870 [15:8], Q = \mem[841] [15:8]).
Adding EN signal on $memory\mem[841]$8249 ($dff) from module axi_ram (D = $0$memwr$\mem$rtl/axi_ram.v:102$856_DATA[31:0]$873 [23:16], Q = \mem[841] [23:16]).
Adding EN signal on $memory\mem[841]$8249 ($dff) from module axi_ram (D = $0$memwr$\mem$rtl/axi_ram.v:104$857_DATA[31:0]$876 [31:24], Q = \mem[841] [31:24]).
Adding EN signal on $memory\mem[840]$8247 ($dff) from module axi_ram (D = $0$memwr$\mem$rtl/axi_ram.v:97$854_DATA[31:0]$867 [7:0], Q = \mem[840] [7:0]).
Adding EN signal on $memory\mem[840]$8247 ($dff) from module axi_ram (D = $0$memwr$\mem$rtl/axi_ram.v:100$855_DATA[31:0]$870 [15:8], Q = \mem[840] [15:8]).
Adding EN signal on $memory\mem[840]$8247 ($dff) from module axi_ram (D = $0$memwr$\mem$rtl/axi_ram.v:102$856_DATA[31:0]$873 [23:16], Q = \mem[840] [23:16]).
Adding EN signal on $memory\mem[840]$8247 ($dff) from module axi_ram (D = $0$memwr$\mem$rtl/axi_ram.v:104$857_DATA[31:0]$876 [31:24], Q = \mem[840] [31:24]).
Adding EN signal on $memory\mem[83]$6733 ($dff) from module axi_ram (D = $0$memwr$\mem$rtl/axi_ram.v:97$854_DATA[31:0]$867 [7:0], Q = \mem[83] [7:0]).
Adding EN signal on $memory\mem[83]$6733 ($dff) from module axi_ram (D = $0$memwr$\mem$rtl/axi_ram.v:100$855_DATA[31:0]$870 [15:8], Q = \mem[83] [15:8]).
Adding EN signal on $memory\mem[83]$6733 ($dff) from module axi_ram (D = $0$memwr$\mem$rtl/axi_ram.v:102$856_DATA[31:0]$873 [23:16], Q = \mem[83] [23:16]).
Adding EN signal on $memory\mem[83]$6733 ($dff) from module axi_ram (D = $0$memwr$\mem$rtl/axi_ram.v:104$857_DATA[31:0]$876 [31:24], Q = \mem[83] [31:24]).
Adding EN signal on $memory\mem[839]$8245 ($dff) from module axi_ram (D = $0$memwr$\mem$rtl/axi_ram.v:97$854_DATA[31:0]$867 [7:0], Q = \mem[839] [7:0]).
Adding EN signal on $memory\mem[839]$8245 ($dff) from module axi_ram (D = $0$memwr$\mem$rtl/axi_ram.v:100$855_DATA[31:0]$870 [15:8], Q = \mem[839] [15:8]).
Adding EN signal on $memory\mem[839]$8245 ($dff) from module axi_ram (D = $0$memwr$\mem$rtl/axi_ram.v:102$856_DATA[31:0]$873 [23:16], Q = \mem[839] [23:16]).
Adding EN signal on $memory\mem[839]$8245 ($dff) from module axi_ram (D = $0$memwr$\mem$rtl/axi_ram.v:104$857_DATA[31:0]$876 [31:24], Q = \mem[839] [31:24]).
Adding EN signal on $memory\mem[838]$8243 ($dff) from module axi_ram (D = $0$memwr$\mem$rtl/axi_ram.v:97$854_DATA[31:0]$867 [7:0], Q = \mem[838] [7:0]).
Adding EN signal on $memory\mem[838]$8243 ($dff) from module axi_ram (D = $0$memwr$\mem$rtl/axi_ram.v:100$855_DATA[31:0]$870 [15:8], Q = \mem[838] [15:8]).
Adding EN signal on $memory\mem[838]$8243 ($dff) from module axi_ram (D = $0$memwr$\mem$rtl/axi_ram.v:102$856_DATA[31:0]$873 [23:16], Q = \mem[838] [23:16]).
Adding EN signal on $memory\mem[838]$8243 ($dff) from module axi_ram (D = $0$memwr$\mem$rtl/axi_ram.v:104$857_DATA[31:0]$876 [31:24], Q = \mem[838] [31:24]).
Adding EN signal on $memory\mem[837]$8241 ($dff) from module axi_ram (D = $0$memwr$\mem$rtl/axi_ram.v:97$854_DATA[31:0]$867 [7:0], Q = \mem[837] [7:0]).
Adding EN signal on $memory\mem[837]$8241 ($dff) from module axi_ram (D = $0$memwr$\mem$rtl/axi_ram.v:100$855_DATA[31:0]$870 [15:8], Q = \mem[837] [15:8]).
Adding EN signal on $memory\mem[837]$8241 ($dff) from module axi_ram (D = $0$memwr$\mem$rtl/axi_ram.v:102$856_DATA[31:0]$873 [23:16], Q = \mem[837] [23:16]).
Adding EN signal on $memory\mem[837]$8241 ($dff) from module axi_ram (D = $0$memwr$\mem$rtl/axi_ram.v:104$857_DATA[31:0]$876 [31:24], Q = \mem[837] [31:24]).
Adding EN signal on $memory\mem[836]$8239 ($dff) from module axi_ram (D = $0$memwr$\mem$rtl/axi_ram.v:97$854_DATA[31:0]$867 [7:0], Q = \mem[836] [7:0]).
Adding EN signal on $memory\mem[836]$8239 ($dff) from module axi_ram (D = $0$memwr$\mem$rtl/axi_ram.v:100$855_DATA[31:0]$870 [15:8], Q = \mem[836] [15:8]).
Adding EN signal on $memory\mem[836]$8239 ($dff) from module axi_ram (D = $0$memwr$\mem$rtl/axi_ram.v:102$856_DATA[31:0]$873 [23:16], Q = \mem[836] [23:16]).
Adding EN signal on $memory\mem[836]$8239 ($dff) from module axi_ram (D = $0$memwr$\mem$rtl/axi_ram.v:104$857_DATA[31:0]$876 [31:24], Q = \mem[836] [31:24]).
Adding EN signal on $memory\mem[835]$8237 ($dff) from module axi_ram (D = $0$memwr$\mem$rtl/axi_ram.v:97$854_DATA[31:0]$867 [7:0], Q = \mem[835] [7:0]).
Adding EN signal on $memory\mem[835]$8237 ($dff) from module axi_ram (D = $0$memwr$\mem$rtl/axi_ram.v:100$855_DATA[31:0]$870 [15:8], Q = \mem[835] [15:8]).
Adding EN signal on $memory\mem[835]$8237 ($dff) from module axi_ram (D = $0$memwr$\mem$rtl/axi_ram.v:102$856_DATA[31:0]$873 [23:16], Q = \mem[835] [23:16]).
Adding EN signal on $memory\mem[835]$8237 ($dff) from module axi_ram (D = $0$memwr$\mem$rtl/axi_ram.v:104$857_DATA[31:0]$876 [31:24], Q = \mem[835] [31:24]).
Adding EN signal on $memory\mem[834]$8235 ($dff) from module axi_ram (D = $0$memwr$\mem$rtl/axi_ram.v:97$854_DATA[31:0]$867 [7:0], Q = \mem[834] [7:0]).
Adding EN signal on $memory\mem[834]$8235 ($dff) from module axi_ram (D = $0$memwr$\mem$rtl/axi_ram.v:100$855_DATA[31:0]$870 [15:8], Q = \mem[834] [15:8]).
Adding EN signal on $memory\mem[834]$8235 ($dff) from module axi_ram (D = $0$memwr$\mem$rtl/axi_ram.v:102$856_DATA[31:0]$873 [23:16], Q = \mem[834] [23:16]).
Adding EN signal on $memory\mem[834]$8235 ($dff) from module axi_ram (D = $0$memwr$\mem$rtl/axi_ram.v:104$857_DATA[31:0]$876 [31:24], Q = \mem[834] [31:24]).
Adding EN signal on $memory\mem[833]$8233 ($dff) from module axi_ram (D = $0$memwr$\mem$rtl/axi_ram.v:97$854_DATA[31:0]$867 [7:0], Q = \mem[833] [7:0]).
Adding EN signal on $memory\mem[833]$8233 ($dff) from module axi_ram (D = $0$memwr$\mem$rtl/axi_ram.v:100$855_DATA[31:0]$870 [15:8], Q = \mem[833] [15:8]).
Adding EN signal on $memory\mem[833]$8233 ($dff) from module axi_ram (D = $0$memwr$\mem$rtl/axi_ram.v:102$856_DATA[31:0]$873 [23:16], Q = \mem[833] [23:16]).
Adding EN signal on $memory\mem[833]$8233 ($dff) from module axi_ram (D = $0$memwr$\mem$rtl/axi_ram.v:104$857_DATA[31:0]$876 [31:24], Q = \mem[833] [31:24]).
Adding EN signal on $memory\mem[832]$8231 ($dff) from module axi_ram (D = $0$memwr$\mem$rtl/axi_ram.v:97$854_DATA[31:0]$867 [7:0], Q = \mem[832] [7:0]).
Adding EN signal on $memory\mem[832]$8231 ($dff) from module axi_ram (D = $0$memwr$\mem$rtl/axi_ram.v:100$855_DATA[31:0]$870 [15:8], Q = \mem[832] [15:8]).
Adding EN signal on $memory\mem[832]$8231 ($dff) from module axi_ram (D = $0$memwr$\mem$rtl/axi_ram.v:102$856_DATA[31:0]$873 [23:16], Q = \mem[832] [23:16]).
Adding EN signal on $memory\mem[832]$8231 ($dff) from module axi_ram (D = $0$memwr$\mem$rtl/axi_ram.v:104$857_DATA[31:0]$876 [31:24], Q = \mem[832] [31:24]).
Adding EN signal on $memory\mem[831]$8229 ($dff) from module axi_ram (D = $0$memwr$\mem$rtl/axi_ram.v:97$854_DATA[31:0]$867 [7:0], Q = \mem[831] [7:0]).
Adding EN signal on $memory\mem[831]$8229 ($dff) from module axi_ram (D = $0$memwr$\mem$rtl/axi_ram.v:100$855_DATA[31:0]$870 [15:8], Q = \mem[831] [15:8]).
Adding EN signal on $memory\mem[831]$8229 ($dff) from module axi_ram (D = $0$memwr$\mem$rtl/axi_ram.v:102$856_DATA[31:0]$873 [23:16], Q = \mem[831] [23:16]).
Adding EN signal on $memory\mem[831]$8229 ($dff) from module axi_ram (D = $0$memwr$\mem$rtl/axi_ram.v:104$857_DATA[31:0]$876 [31:24], Q = \mem[831] [31:24]).
Adding EN signal on $memory\mem[830]$8227 ($dff) from module axi_ram (D = $0$memwr$\mem$rtl/axi_ram.v:97$854_DATA[31:0]$867 [7:0], Q = \mem[830] [7:0]).
Adding EN signal on $memory\mem[830]$8227 ($dff) from module axi_ram (D = $0$memwr$\mem$rtl/axi_ram.v:100$855_DATA[31:0]$870 [15:8], Q = \mem[830] [15:8]).
Adding EN signal on $memory\mem[830]$8227 ($dff) from module axi_ram (D = $0$memwr$\mem$rtl/axi_ram.v:102$856_DATA[31:0]$873 [23:16], Q = \mem[830] [23:16]).
Adding EN signal on $memory\mem[830]$8227 ($dff) from module axi_ram (D = $0$memwr$\mem$rtl/axi_ram.v:104$857_DATA[31:0]$876 [31:24], Q = \mem[830] [31:24]).
Adding EN signal on $memory\mem[82]$6731 ($dff) from module axi_ram (D = $0$memwr$\mem$rtl/axi_ram.v:97$854_DATA[31:0]$867 [7:0], Q = \mem[82] [7:0]).
Adding EN signal on $memory\mem[82]$6731 ($dff) from module axi_ram (D = $0$memwr$\mem$rtl/axi_ram.v:100$855_DATA[31:0]$870 [15:8], Q = \mem[82] [15:8]).
Adding EN signal on $memory\mem[82]$6731 ($dff) from module axi_ram (D = $0$memwr$\mem$rtl/axi_ram.v:102$856_DATA[31:0]$873 [23:16], Q = \mem[82] [23:16]).
Adding EN signal on $memory\mem[82]$6731 ($dff) from module axi_ram (D = $0$memwr$\mem$rtl/axi_ram.v:104$857_DATA[31:0]$876 [31:24], Q = \mem[82] [31:24]).
Adding EN signal on $memory\mem[829]$8225 ($dff) from module axi_ram (D = $0$memwr$\mem$rtl/axi_ram.v:97$854_DATA[31:0]$867 [7:0], Q = \mem[829] [7:0]).
Adding EN signal on $memory\mem[829]$8225 ($dff) from module axi_ram (D = $0$memwr$\mem$rtl/axi_ram.v:100$855_DATA[31:0]$870 [15:8], Q = \mem[829] [15:8]).
Adding EN signal on $memory\mem[829]$8225 ($dff) from module axi_ram (D = $0$memwr$\mem$rtl/axi_ram.v:102$856_DATA[31:0]$873 [23:16], Q = \mem[829] [23:16]).
Adding EN signal on $memory\mem[829]$8225 ($dff) from module axi_ram (D = $0$memwr$\mem$rtl/axi_ram.v:104$857_DATA[31:0]$876 [31:24], Q = \mem[829] [31:24]).
Adding EN signal on $memory\mem[828]$8223 ($dff) from module axi_ram (D = $0$memwr$\mem$rtl/axi_ram.v:97$854_DATA[31:0]$867 [7:0], Q = \mem[828] [7:0]).
Adding EN signal on $memory\mem[828]$8223 ($dff) from module axi_ram (D = $0$memwr$\mem$rtl/axi_ram.v:100$855_DATA[31:0]$870 [15:8], Q = \mem[828] [15:8]).
Adding EN signal on $memory\mem[828]$8223 ($dff) from module axi_ram (D = $0$memwr$\mem$rtl/axi_ram.v:102$856_DATA[31:0]$873 [23:16], Q = \mem[828] [23:16]).
Adding EN signal on $memory\mem[828]$8223 ($dff) from module axi_ram (D = $0$memwr$\mem$rtl/axi_ram.v:104$857_DATA[31:0]$876 [31:24], Q = \mem[828] [31:24]).
Adding EN signal on $memory\mem[827]$8221 ($dff) from module axi_ram (D = $0$memwr$\mem$rtl/axi_ram.v:97$854_DATA[31:0]$867 [7:0], Q = \mem[827] [7:0]).
Adding EN signal on $memory\mem[827]$8221 ($dff) from module axi_ram (D = $0$memwr$\mem$rtl/axi_ram.v:100$855_DATA[31:0]$870 [15:8], Q = \mem[827] [15:8]).
Adding EN signal on $memory\mem[827]$8221 ($dff) from module axi_ram (D = $0$memwr$\mem$rtl/axi_ram.v:102$856_DATA[31:0]$873 [23:16], Q = \mem[827] [23:16]).
Adding EN signal on $memory\mem[827]$8221 ($dff) from module axi_ram (D = $0$memwr$\mem$rtl/axi_ram.v:104$857_DATA[31:0]$876 [31:24], Q = \mem[827] [31:24]).
Adding EN signal on $memory\mem[826]$8219 ($dff) from module axi_ram (D = $0$memwr$\mem$rtl/axi_ram.v:97$854_DATA[31:0]$867 [7:0], Q = \mem[826] [7:0]).
Adding EN signal on $memory\mem[826]$8219 ($dff) from module axi_ram (D = $0$memwr$\mem$rtl/axi_ram.v:100$855_DATA[31:0]$870 [15:8], Q = \mem[826] [15:8]).
Adding EN signal on $memory\mem[826]$8219 ($dff) from module axi_ram (D = $0$memwr$\mem$rtl/axi_ram.v:102$856_DATA[31:0]$873 [23:16], Q = \mem[826] [23:16]).
Adding EN signal on $memory\mem[826]$8219 ($dff) from module axi_ram (D = $0$memwr$\mem$rtl/axi_ram.v:104$857_DATA[31:0]$876 [31:24], Q = \mem[826] [31:24]).
Adding EN signal on $memory\mem[825]$8217 ($dff) from module axi_ram (D = $0$memwr$\mem$rtl/axi_ram.v:97$854_DATA[31:0]$867 [7:0], Q = \mem[825] [7:0]).
Adding EN signal on $memory\mem[825]$8217 ($dff) from module axi_ram (D = $0$memwr$\mem$rtl/axi_ram.v:100$855_DATA[31:0]$870 [15:8], Q = \mem[825] [15:8]).
Adding EN signal on $memory\mem[825]$8217 ($dff) from module axi_ram (D = $0$memwr$\mem$rtl/axi_ram.v:102$856_DATA[31:0]$873 [23:16], Q = \mem[825] [23:16]).
Adding EN signal on $memory\mem[825]$8217 ($dff) from module axi_ram (D = $0$memwr$\mem$rtl/axi_ram.v:104$857_DATA[31:0]$876 [31:24], Q = \mem[825] [31:24]).
Adding EN signal on $memory\mem[824]$8215 ($dff) from module axi_ram (D = $0$memwr$\mem$rtl/axi_ram.v:97$854_DATA[31:0]$867 [7:0], Q = \mem[824] [7:0]).
Adding EN signal on $memory\mem[824]$8215 ($dff) from module axi_ram (D = $0$memwr$\mem$rtl/axi_ram.v:100$855_DATA[31:0]$870 [15:8], Q = \mem[824] [15:8]).
Adding EN signal on $memory\mem[824]$8215 ($dff) from module axi_ram (D = $0$memwr$\mem$rtl/axi_ram.v:102$856_DATA[31:0]$873 [23:16], Q = \mem[824] [23:16]).
Adding EN signal on $memory\mem[824]$8215 ($dff) from module axi_ram (D = $0$memwr$\mem$rtl/axi_ram.v:104$857_DATA[31:0]$876 [31:24], Q = \mem[824] [31:24]).
Adding EN signal on $memory\mem[823]$8213 ($dff) from module axi_ram (D = $0$memwr$\mem$rtl/axi_ram.v:97$854_DATA[31:0]$867 [7:0], Q = \mem[823] [7:0]).
Adding EN signal on $memory\mem[823]$8213 ($dff) from module axi_ram (D = $0$memwr$\mem$rtl/axi_ram.v:100$855_DATA[31:0]$870 [15:8], Q = \mem[823] [15:8]).
Adding EN signal on $memory\mem[823]$8213 ($dff) from module axi_ram (D = $0$memwr$\mem$rtl/axi_ram.v:102$856_DATA[31:0]$873 [23:16], Q = \mem[823] [23:16]).
Adding EN signal on $memory\mem[823]$8213 ($dff) from module axi_ram (D = $0$memwr$\mem$rtl/axi_ram.v:104$857_DATA[31:0]$876 [31:24], Q = \mem[823] [31:24]).
Adding EN signal on $memory\mem[822]$8211 ($dff) from module axi_ram (D = $0$memwr$\mem$rtl/axi_ram.v:97$854_DATA[31:0]$867 [7:0], Q = \mem[822] [7:0]).
Adding EN signal on $memory\mem[822]$8211 ($dff) from module axi_ram (D = $0$memwr$\mem$rtl/axi_ram.v:100$855_DATA[31:0]$870 [15:8], Q = \mem[822] [15:8]).
Adding EN signal on $memory\mem[822]$8211 ($dff) from module axi_ram (D = $0$memwr$\mem$rtl/axi_ram.v:102$856_DATA[31:0]$873 [23:16], Q = \mem[822] [23:16]).
Adding EN signal on $memory\mem[822]$8211 ($dff) from module axi_ram (D = $0$memwr$\mem$rtl/axi_ram.v:104$857_DATA[31:0]$876 [31:24], Q = \mem[822] [31:24]).
Adding EN signal on $memory\mem[821]$8209 ($dff) from module axi_ram (D = $0$memwr$\mem$rtl/axi_ram.v:97$854_DATA[31:0]$867 [7:0], Q = \mem[821] [7:0]).
Adding EN signal on $memory\mem[821]$8209 ($dff) from module axi_ram (D = $0$memwr$\mem$rtl/axi_ram.v:100$855_DATA[31:0]$870 [15:8], Q = \mem[821] [15:8]).
Adding EN signal on $memory\mem[821]$8209 ($dff) from module axi_ram (D = $0$memwr$\mem$rtl/axi_ram.v:102$856_DATA[31:0]$873 [23:16], Q = \mem[821] [23:16]).
Adding EN signal on $memory\mem[821]$8209 ($dff) from module axi_ram (D = $0$memwr$\mem$rtl/axi_ram.v:104$857_DATA[31:0]$876 [31:24], Q = \mem[821] [31:24]).
Adding EN signal on $memory\mem[820]$8207 ($dff) from module axi_ram (D = $0$memwr$\mem$rtl/axi_ram.v:97$854_DATA[31:0]$867 [7:0], Q = \mem[820] [7:0]).
Adding EN signal on $memory\mem[820]$8207 ($dff) from module axi_ram (D = $0$memwr$\mem$rtl/axi_ram.v:100$855_DATA[31:0]$870 [15:8], Q = \mem[820] [15:8]).
Adding EN signal on $memory\mem[820]$8207 ($dff) from module axi_ram (D = $0$memwr$\mem$rtl/axi_ram.v:102$856_DATA[31:0]$873 [23:16], Q = \mem[820] [23:16]).
Adding EN signal on $memory\mem[820]$8207 ($dff) from module axi_ram (D = $0$memwr$\mem$rtl/axi_ram.v:104$857_DATA[31:0]$876 [31:24], Q = \mem[820] [31:24]).
Adding EN signal on $memory\mem[81]$6729 ($dff) from module axi_ram (D = $0$memwr$\mem$rtl/axi_ram.v:97$854_DATA[31:0]$867 [7:0], Q = \mem[81] [7:0]).
Adding EN signal on $memory\mem[81]$6729 ($dff) from module axi_ram (D = $0$memwr$\mem$rtl/axi_ram.v:100$855_DATA[31:0]$870 [15:8], Q = \mem[81] [15:8]).
Adding EN signal on $memory\mem[81]$6729 ($dff) from module axi_ram (D = $0$memwr$\mem$rtl/axi_ram.v:102$856_DATA[31:0]$873 [23:16], Q = \mem[81] [23:16]).
Adding EN signal on $memory\mem[81]$6729 ($dff) from module axi_ram (D = $0$memwr$\mem$rtl/axi_ram.v:104$857_DATA[31:0]$876 [31:24], Q = \mem[81] [31:24]).
Adding EN signal on $memory\mem[819]$8205 ($dff) from module axi_ram (D = $0$memwr$\mem$rtl/axi_ram.v:97$854_DATA[31:0]$867 [7:0], Q = \mem[819] [7:0]).
Adding EN signal on $memory\mem[819]$8205 ($dff) from module axi_ram (D = $0$memwr$\mem$rtl/axi_ram.v:100$855_DATA[31:0]$870 [15:8], Q = \mem[819] [15:8]).
Adding EN signal on $memory\mem[819]$8205 ($dff) from module axi_ram (D = $0$memwr$\mem$rtl/axi_ram.v:102$856_DATA[31:0]$873 [23:16], Q = \mem[819] [23:16]).
Adding EN signal on $memory\mem[819]$8205 ($dff) from module axi_ram (D = $0$memwr$\mem$rtl/axi_ram.v:104$857_DATA[31:0]$876 [31:24], Q = \mem[819] [31:24]).
Adding EN signal on $memory\mem[818]$8203 ($dff) from module axi_ram (D = $0$memwr$\mem$rtl/axi_ram.v:97$854_DATA[31:0]$867 [7:0], Q = \mem[818] [7:0]).
Adding EN signal on $memory\mem[818]$8203 ($dff) from module axi_ram (D = $0$memwr$\mem$rtl/axi_ram.v:100$855_DATA[31:0]$870 [15:8], Q = \mem[818] [15:8]).
Adding EN signal on $memory\mem[818]$8203 ($dff) from module axi_ram (D = $0$memwr$\mem$rtl/axi_ram.v:102$856_DATA[31:0]$873 [23:16], Q = \mem[818] [23:16]).
Adding EN signal on $memory\mem[818]$8203 ($dff) from module axi_ram (D = $0$memwr$\mem$rtl/axi_ram.v:104$857_DATA[31:0]$876 [31:24], Q = \mem[818] [31:24]).
Adding EN signal on $memory\mem[817]$8201 ($dff) from module axi_ram (D = $0$memwr$\mem$rtl/axi_ram.v:97$854_DATA[31:0]$867 [7:0], Q = \mem[817] [7:0]).
Adding EN signal on $memory\mem[817]$8201 ($dff) from module axi_ram (D = $0$memwr$\mem$rtl/axi_ram.v:100$855_DATA[31:0]$870 [15:8], Q = \mem[817] [15:8]).
Adding EN signal on $memory\mem[817]$8201 ($dff) from module axi_ram (D = $0$memwr$\mem$rtl/axi_ram.v:102$856_DATA[31:0]$873 [23:16], Q = \mem[817] [23:16]).
Adding EN signal on $memory\mem[817]$8201 ($dff) from module axi_ram (D = $0$memwr$\mem$rtl/axi_ram.v:104$857_DATA[31:0]$876 [31:24], Q = \mem[817] [31:24]).
Adding EN signal on $memory\mem[816]$8199 ($dff) from module axi_ram (D = $0$memwr$\mem$rtl/axi_ram.v:97$854_DATA[31:0]$867 [7:0], Q = \mem[816] [7:0]).
Adding EN signal on $memory\mem[816]$8199 ($dff) from module axi_ram (D = $0$memwr$\mem$rtl/axi_ram.v:100$855_DATA[31:0]$870 [15:8], Q = \mem[816] [15:8]).
Adding EN signal on $memory\mem[816]$8199 ($dff) from module axi_ram (D = $0$memwr$\mem$rtl/axi_ram.v:102$856_DATA[31:0]$873 [23:16], Q = \mem[816] [23:16]).
Adding EN signal on $memory\mem[816]$8199 ($dff) from module axi_ram (D = $0$memwr$\mem$rtl/axi_ram.v:104$857_DATA[31:0]$876 [31:24], Q = \mem[816] [31:24]).
Adding EN signal on $memory\mem[815]$8197 ($dff) from module axi_ram (D = $0$memwr$\mem$rtl/axi_ram.v:97$854_DATA[31:0]$867 [7:0], Q = \mem[815] [7:0]).
Adding EN signal on $memory\mem[815]$8197 ($dff) from module axi_ram (D = $0$memwr$\mem$rtl/axi_ram.v:100$855_DATA[31:0]$870 [15:8], Q = \mem[815] [15:8]).
Adding EN signal on $memory\mem[815]$8197 ($dff) from module axi_ram (D = $0$memwr$\mem$rtl/axi_ram.v:102$856_DATA[31:0]$873 [23:16], Q = \mem[815] [23:16]).
Adding EN signal on $memory\mem[815]$8197 ($dff) from module axi_ram (D = $0$memwr$\mem$rtl/axi_ram.v:104$857_DATA[31:0]$876 [31:24], Q = \mem[815] [31:24]).
Adding EN signal on $memory\mem[814]$8195 ($dff) from module axi_ram (D = $0$memwr$\mem$rtl/axi_ram.v:97$854_DATA[31:0]$867 [7:0], Q = \mem[814] [7:0]).
Adding EN signal on $memory\mem[814]$8195 ($dff) from module axi_ram (D = $0$memwr$\mem$rtl/axi_ram.v:100$855_DATA[31:0]$870 [15:8], Q = \mem[814] [15:8]).
Adding EN signal on $memory\mem[814]$8195 ($dff) from module axi_ram (D = $0$memwr$\mem$rtl/axi_ram.v:102$856_DATA[31:0]$873 [23:16], Q = \mem[814] [23:16]).
Adding EN signal on $memory\mem[814]$8195 ($dff) from module axi_ram (D = $0$memwr$\mem$rtl/axi_ram.v:104$857_DATA[31:0]$876 [31:24], Q = \mem[814] [31:24]).
Adding EN signal on $memory\mem[813]$8193 ($dff) from module axi_ram (D = $0$memwr$\mem$rtl/axi_ram.v:97$854_DATA[31:0]$867 [7:0], Q = \mem[813] [7:0]).
Adding EN signal on $memory\mem[813]$8193 ($dff) from module axi_ram (D = $0$memwr$\mem$rtl/axi_ram.v:100$855_DATA[31:0]$870 [15:8], Q = \mem[813] [15:8]).
Adding EN signal on $memory\mem[813]$8193 ($dff) from module axi_ram (D = $0$memwr$\mem$rtl/axi_ram.v:102$856_DATA[31:0]$873 [23:16], Q = \mem[813] [23:16]).
Adding EN signal on $memory\mem[813]$8193 ($dff) from module axi_ram (D = $0$memwr$\mem$rtl/axi_ram.v:104$857_DATA[31:0]$876 [31:24], Q = \mem[813] [31:24]).
Adding EN signal on $memory\mem[812]$8191 ($dff) from module axi_ram (D = $0$memwr$\mem$rtl/axi_ram.v:97$854_DATA[31:0]$867 [7:0], Q = \mem[812] [7:0]).
Adding EN signal on $memory\mem[812]$8191 ($dff) from module axi_ram (D = $0$memwr$\mem$rtl/axi_ram.v:100$855_DATA[31:0]$870 [15:8], Q = \mem[812] [15:8]).
Adding EN signal on $memory\mem[812]$8191 ($dff) from module axi_ram (D = $0$memwr$\mem$rtl/axi_ram.v:102$856_DATA[31:0]$873 [23:16], Q = \mem[812] [23:16]).
Adding EN signal on $memory\mem[812]$8191 ($dff) from module axi_ram (D = $0$memwr$\mem$rtl/axi_ram.v:104$857_DATA[31:0]$876 [31:24], Q = \mem[812] [31:24]).
Adding EN signal on $memory\mem[811]$8189 ($dff) from module axi_ram (D = $0$memwr$\mem$rtl/axi_ram.v:97$854_DATA[31:0]$867 [7:0], Q = \mem[811] [7:0]).
Adding EN signal on $memory\mem[811]$8189 ($dff) from module axi_ram (D = $0$memwr$\mem$rtl/axi_ram.v:100$855_DATA[31:0]$870 [15:8], Q = \mem[811] [15:8]).
Adding EN signal on $memory\mem[811]$8189 ($dff) from module axi_ram (D = $0$memwr$\mem$rtl/axi_ram.v:102$856_DATA[31:0]$873 [23:16], Q = \mem[811] [23:16]).
Adding EN signal on $memory\mem[811]$8189 ($dff) from module axi_ram (D = $0$memwr$\mem$rtl/axi_ram.v:104$857_DATA[31:0]$876 [31:24], Q = \mem[811] [31:24]).
Adding EN signal on $memory\mem[810]$8187 ($dff) from module axi_ram (D = $0$memwr$\mem$rtl/axi_ram.v:97$854_DATA[31:0]$867 [7:0], Q = \mem[810] [7:0]).
Adding EN signal on $memory\mem[810]$8187 ($dff) from module axi_ram (D = $0$memwr$\mem$rtl/axi_ram.v:100$855_DATA[31:0]$870 [15:8], Q = \mem[810] [15:8]).
Adding EN signal on $memory\mem[810]$8187 ($dff) from module axi_ram (D = $0$memwr$\mem$rtl/axi_ram.v:102$856_DATA[31:0]$873 [23:16], Q = \mem[810] [23:16]).
Adding EN signal on $memory\mem[810]$8187 ($dff) from module axi_ram (D = $0$memwr$\mem$rtl/axi_ram.v:104$857_DATA[31:0]$876 [31:24], Q = \mem[810] [31:24]).
Adding EN signal on $memory\mem[80]$6727 ($dff) from module axi_ram (D = $0$memwr$\mem$rtl/axi_ram.v:97$854_DATA[31:0]$867 [7:0], Q = \mem[80] [7:0]).
Adding EN signal on $memory\mem[80]$6727 ($dff) from module axi_ram (D = $0$memwr$\mem$rtl/axi_ram.v:100$855_DATA[31:0]$870 [15:8], Q = \mem[80] [15:8]).
Adding EN signal on $memory\mem[80]$6727 ($dff) from module axi_ram (D = $0$memwr$\mem$rtl/axi_ram.v:102$856_DATA[31:0]$873 [23:16], Q = \mem[80] [23:16]).
Adding EN signal on $memory\mem[80]$6727 ($dff) from module axi_ram (D = $0$memwr$\mem$rtl/axi_ram.v:104$857_DATA[31:0]$876 [31:24], Q = \mem[80] [31:24]).
Adding EN signal on $memory\mem[809]$8185 ($dff) from module axi_ram (D = $0$memwr$\mem$rtl/axi_ram.v:97$854_DATA[31:0]$867 [7:0], Q = \mem[809] [7:0]).
Adding EN signal on $memory\mem[809]$8185 ($dff) from module axi_ram (D = $0$memwr$\mem$rtl/axi_ram.v:100$855_DATA[31:0]$870 [15:8], Q = \mem[809] [15:8]).
Adding EN signal on $memory\mem[809]$8185 ($dff) from module axi_ram (D = $0$memwr$\mem$rtl/axi_ram.v:102$856_DATA[31:0]$873 [23:16], Q = \mem[809] [23:16]).
Adding EN signal on $memory\mem[809]$8185 ($dff) from module axi_ram (D = $0$memwr$\mem$rtl/axi_ram.v:104$857_DATA[31:0]$876 [31:24], Q = \mem[809] [31:24]).
Adding EN signal on $memory\mem[808]$8183 ($dff) from module axi_ram (D = $0$memwr$\mem$rtl/axi_ram.v:97$854_DATA[31:0]$867 [7:0], Q = \mem[808] [7:0]).
Adding EN signal on $memory\mem[808]$8183 ($dff) from module axi_ram (D = $0$memwr$\mem$rtl/axi_ram.v:100$855_DATA[31:0]$870 [15:8], Q = \mem[808] [15:8]).
Adding EN signal on $memory\mem[808]$8183 ($dff) from module axi_ram (D = $0$memwr$\mem$rtl/axi_ram.v:102$856_DATA[31:0]$873 [23:16], Q = \mem[808] [23:16]).
Adding EN signal on $memory\mem[808]$8183 ($dff) from module axi_ram (D = $0$memwr$\mem$rtl/axi_ram.v:104$857_DATA[31:0]$876 [31:24], Q = \mem[808] [31:24]).
Adding EN signal on $memory\mem[807]$8181 ($dff) from module axi_ram (D = $0$memwr$\mem$rtl/axi_ram.v:97$854_DATA[31:0]$867 [7:0], Q = \mem[807] [7:0]).
Adding EN signal on $memory\mem[807]$8181 ($dff) from module axi_ram (D = $0$memwr$\mem$rtl/axi_ram.v:100$855_DATA[31:0]$870 [15:8], Q = \mem[807] [15:8]).
Adding EN signal on $memory\mem[807]$8181 ($dff) from module axi_ram (D = $0$memwr$\mem$rtl/axi_ram.v:102$856_DATA[31:0]$873 [23:16], Q = \mem[807] [23:16]).
Adding EN signal on $memory\mem[807]$8181 ($dff) from module axi_ram (D = $0$memwr$\mem$rtl/axi_ram.v:104$857_DATA[31:0]$876 [31:24], Q = \mem[807] [31:24]).
Adding EN signal on $memory\mem[806]$8179 ($dff) from module axi_ram (D = $0$memwr$\mem$rtl/axi_ram.v:97$854_DATA[31:0]$867 [7:0], Q = \mem[806] [7:0]).
Adding EN signal on $memory\mem[806]$8179 ($dff) from module axi_ram (D = $0$memwr$\mem$rtl/axi_ram.v:100$855_DATA[31:0]$870 [15:8], Q = \mem[806] [15:8]).
Adding EN signal on $memory\mem[806]$8179 ($dff) from module axi_ram (D = $0$memwr$\mem$rtl/axi_ram.v:102$856_DATA[31:0]$873 [23:16], Q = \mem[806] [23:16]).
Adding EN signal on $memory\mem[806]$8179 ($dff) from module axi_ram (D = $0$memwr$\mem$rtl/axi_ram.v:104$857_DATA[31:0]$876 [31:24], Q = \mem[806] [31:24]).
Adding EN signal on $memory\mem[805]$8177 ($dff) from module axi_ram (D = $0$memwr$\mem$rtl/axi_ram.v:97$854_DATA[31:0]$867 [7:0], Q = \mem[805] [7:0]).
Adding EN signal on $memory\mem[805]$8177 ($dff) from module axi_ram (D = $0$memwr$\mem$rtl/axi_ram.v:100$855_DATA[31:0]$870 [15:8], Q = \mem[805] [15:8]).
Adding EN signal on $memory\mem[805]$8177 ($dff) from module axi_ram (D = $0$memwr$\mem$rtl/axi_ram.v:102$856_DATA[31:0]$873 [23:16], Q = \mem[805] [23:16]).
Adding EN signal on $memory\mem[805]$8177 ($dff) from module axi_ram (D = $0$memwr$\mem$rtl/axi_ram.v:104$857_DATA[31:0]$876 [31:24], Q = \mem[805] [31:24]).
Adding EN signal on $memory\mem[804]$8175 ($dff) from module axi_ram (D = $0$memwr$\mem$rtl/axi_ram.v:97$854_DATA[31:0]$867 [7:0], Q = \mem[804] [7:0]).
Adding EN signal on $memory\mem[804]$8175 ($dff) from module axi_ram (D = $0$memwr$\mem$rtl/axi_ram.v:100$855_DATA[31:0]$870 [15:8], Q = \mem[804] [15:8]).
Adding EN signal on $memory\mem[804]$8175 ($dff) from module axi_ram (D = $0$memwr$\mem$rtl/axi_ram.v:102$856_DATA[31:0]$873 [23:16], Q = \mem[804] [23:16]).
Adding EN signal on $memory\mem[804]$8175 ($dff) from module axi_ram (D = $0$memwr$\mem$rtl/axi_ram.v:104$857_DATA[31:0]$876 [31:24], Q = \mem[804] [31:24]).
Adding EN signal on $memory\mem[803]$8173 ($dff) from module axi_ram (D = $0$memwr$\mem$rtl/axi_ram.v:97$854_DATA[31:0]$867 [7:0], Q = \mem[803] [7:0]).
Adding EN signal on $memory\mem[803]$8173 ($dff) from module axi_ram (D = $0$memwr$\mem$rtl/axi_ram.v:100$855_DATA[31:0]$870 [15:8], Q = \mem[803] [15:8]).
Adding EN signal on $memory\mem[803]$8173 ($dff) from module axi_ram (D = $0$memwr$\mem$rtl/axi_ram.v:102$856_DATA[31:0]$873 [23:16], Q = \mem[803] [23:16]).
Adding EN signal on $memory\mem[803]$8173 ($dff) from module axi_ram (D = $0$memwr$\mem$rtl/axi_ram.v:104$857_DATA[31:0]$876 [31:24], Q = \mem[803] [31:24]).
Adding EN signal on $memory\mem[802]$8171 ($dff) from module axi_ram (D = $0$memwr$\mem$rtl/axi_ram.v:97$854_DATA[31:0]$867 [7:0], Q = \mem[802] [7:0]).
Adding EN signal on $memory\mem[802]$8171 ($dff) from module axi_ram (D = $0$memwr$\mem$rtl/axi_ram.v:100$855_DATA[31:0]$870 [15:8], Q = \mem[802] [15:8]).
Adding EN signal on $memory\mem[802]$8171 ($dff) from module axi_ram (D = $0$memwr$\mem$rtl/axi_ram.v:102$856_DATA[31:0]$873 [23:16], Q = \mem[802] [23:16]).
Adding EN signal on $memory\mem[802]$8171 ($dff) from module axi_ram (D = $0$memwr$\mem$rtl/axi_ram.v:104$857_DATA[31:0]$876 [31:24], Q = \mem[802] [31:24]).
Adding EN signal on $memory\mem[801]$8169 ($dff) from module axi_ram (D = $0$memwr$\mem$rtl/axi_ram.v:97$854_DATA[31:0]$867 [7:0], Q = \mem[801] [7:0]).
Adding EN signal on $memory\mem[801]$8169 ($dff) from module axi_ram (D = $0$memwr$\mem$rtl/axi_ram.v:100$855_DATA[31:0]$870 [15:8], Q = \mem[801] [15:8]).
Adding EN signal on $memory\mem[801]$8169 ($dff) from module axi_ram (D = $0$memwr$\mem$rtl/axi_ram.v:102$856_DATA[31:0]$873 [23:16], Q = \mem[801] [23:16]).
Adding EN signal on $memory\mem[801]$8169 ($dff) from module axi_ram (D = $0$memwr$\mem$rtl/axi_ram.v:104$857_DATA[31:0]$876 [31:24], Q = \mem[801] [31:24]).
Adding EN signal on $memory\mem[800]$8167 ($dff) from module axi_ram (D = $0$memwr$\mem$rtl/axi_ram.v:97$854_DATA[31:0]$867 [7:0], Q = \mem[800] [7:0]).
Adding EN signal on $memory\mem[800]$8167 ($dff) from module axi_ram (D = $0$memwr$\mem$rtl/axi_ram.v:100$855_DATA[31:0]$870 [15:8], Q = \mem[800] [15:8]).
Adding EN signal on $memory\mem[800]$8167 ($dff) from module axi_ram (D = $0$memwr$\mem$rtl/axi_ram.v:102$856_DATA[31:0]$873 [23:16], Q = \mem[800] [23:16]).
Adding EN signal on $memory\mem[800]$8167 ($dff) from module axi_ram (D = $0$memwr$\mem$rtl/axi_ram.v:104$857_DATA[31:0]$876 [31:24], Q = \mem[800] [31:24]).
Adding EN signal on $memory\mem[7]$6581 ($dff) from module axi_ram (D = $0$memwr$\mem$rtl/axi_ram.v:97$854_DATA[31:0]$867 [7:0], Q = \mem[7] [7:0]).
Adding EN signal on $memory\mem[7]$6581 ($dff) from module axi_ram (D = $0$memwr$\mem$rtl/axi_ram.v:100$855_DATA[31:0]$870 [15:8], Q = \mem[7] [15:8]).
Adding EN signal on $memory\mem[7]$6581 ($dff) from module axi_ram (D = $0$memwr$\mem$rtl/axi_ram.v:102$856_DATA[31:0]$873 [23:16], Q = \mem[7] [23:16]).
Adding EN signal on $memory\mem[7]$6581 ($dff) from module axi_ram (D = $0$memwr$\mem$rtl/axi_ram.v:104$857_DATA[31:0]$876 [31:24], Q = \mem[7] [31:24]).
Adding EN signal on $memory\mem[79]$6725 ($dff) from module axi_ram (D = $0$memwr$\mem$rtl/axi_ram.v:97$854_DATA[31:0]$867 [7:0], Q = \mem[79] [7:0]).
Adding EN signal on $memory\mem[79]$6725 ($dff) from module axi_ram (D = $0$memwr$\mem$rtl/axi_ram.v:100$855_DATA[31:0]$870 [15:8], Q = \mem[79] [15:8]).
Adding EN signal on $memory\mem[79]$6725 ($dff) from module axi_ram (D = $0$memwr$\mem$rtl/axi_ram.v:102$856_DATA[31:0]$873 [23:16], Q = \mem[79] [23:16]).
Adding EN signal on $memory\mem[79]$6725 ($dff) from module axi_ram (D = $0$memwr$\mem$rtl/axi_ram.v:104$857_DATA[31:0]$876 [31:24], Q = \mem[79] [31:24]).
Adding EN signal on $memory\mem[799]$8165 ($dff) from module axi_ram (D = $0$memwr$\mem$rtl/axi_ram.v:97$854_DATA[31:0]$867 [7:0], Q = \mem[799] [7:0]).
Adding EN signal on $memory\mem[799]$8165 ($dff) from module axi_ram (D = $0$memwr$\mem$rtl/axi_ram.v:100$855_DATA[31:0]$870 [15:8], Q = \mem[799] [15:8]).
Adding EN signal on $memory\mem[799]$8165 ($dff) from module axi_ram (D = $0$memwr$\mem$rtl/axi_ram.v:102$856_DATA[31:0]$873 [23:16], Q = \mem[799] [23:16]).
Adding EN signal on $memory\mem[799]$8165 ($dff) from module axi_ram (D = $0$memwr$\mem$rtl/axi_ram.v:104$857_DATA[31:0]$876 [31:24], Q = \mem[799] [31:24]).
Adding EN signal on $memory\mem[798]$8163 ($dff) from module axi_ram (D = $0$memwr$\mem$rtl/axi_ram.v:97$854_DATA[31:0]$867 [7:0], Q = \mem[798] [7:0]).
Adding EN signal on $memory\mem[798]$8163 ($dff) from module axi_ram (D = $0$memwr$\mem$rtl/axi_ram.v:100$855_DATA[31:0]$870 [15:8], Q = \mem[798] [15:8]).
Adding EN signal on $memory\mem[798]$8163 ($dff) from module axi_ram (D = $0$memwr$\mem$rtl/axi_ram.v:102$856_DATA[31:0]$873 [23:16], Q = \mem[798] [23:16]).
Adding EN signal on $memory\mem[798]$8163 ($dff) from module axi_ram (D = $0$memwr$\mem$rtl/axi_ram.v:104$857_DATA[31:0]$876 [31:24], Q = \mem[798] [31:24]).
Adding EN signal on $memory\mem[797]$8161 ($dff) from module axi_ram (D = $0$memwr$\mem$rtl/axi_ram.v:97$854_DATA[31:0]$867 [7:0], Q = \mem[797] [7:0]).
Adding EN signal on $memory\mem[797]$8161 ($dff) from module axi_ram (D = $0$memwr$\mem$rtl/axi_ram.v:100$855_DATA[31:0]$870 [15:8], Q = \mem[797] [15:8]).
Adding EN signal on $memory\mem[797]$8161 ($dff) from module axi_ram (D = $0$memwr$\mem$rtl/axi_ram.v:102$856_DATA[31:0]$873 [23:16], Q = \mem[797] [23:16]).
Adding EN signal on $memory\mem[797]$8161 ($dff) from module axi_ram (D = $0$memwr$\mem$rtl/axi_ram.v:104$857_DATA[31:0]$876 [31:24], Q = \mem[797] [31:24]).
Adding EN signal on $memory\mem[796]$8159 ($dff) from module axi_ram (D = $0$memwr$\mem$rtl/axi_ram.v:97$854_DATA[31:0]$867 [7:0], Q = \mem[796] [7:0]).
Adding EN signal on $memory\mem[796]$8159 ($dff) from module axi_ram (D = $0$memwr$\mem$rtl/axi_ram.v:100$855_DATA[31:0]$870 [15:8], Q = \mem[796] [15:8]).
Adding EN signal on $memory\mem[796]$8159 ($dff) from module axi_ram (D = $0$memwr$\mem$rtl/axi_ram.v:102$856_DATA[31:0]$873 [23:16], Q = \mem[796] [23:16]).
Adding EN signal on $memory\mem[796]$8159 ($dff) from module axi_ram (D = $0$memwr$\mem$rtl/axi_ram.v:104$857_DATA[31:0]$876 [31:24], Q = \mem[796] [31:24]).
Adding EN signal on $memory\mem[795]$8157 ($dff) from module axi_ram (D = $0$memwr$\mem$rtl/axi_ram.v:97$854_DATA[31:0]$867 [7:0], Q = \mem[795] [7:0]).
Adding EN signal on $memory\mem[795]$8157 ($dff) from module axi_ram (D = $0$memwr$\mem$rtl/axi_ram.v:100$855_DATA[31:0]$870 [15:8], Q = \mem[795] [15:8]).
Adding EN signal on $memory\mem[795]$8157 ($dff) from module axi_ram (D = $0$memwr$\mem$rtl/axi_ram.v:102$856_DATA[31:0]$873 [23:16], Q = \mem[795] [23:16]).
Adding EN signal on $memory\mem[795]$8157 ($dff) from module axi_ram (D = $0$memwr$\mem$rtl/axi_ram.v:104$857_DATA[31:0]$876 [31:24], Q = \mem[795] [31:24]).
Adding EN signal on $memory\mem[794]$8155 ($dff) from module axi_ram (D = $0$memwr$\mem$rtl/axi_ram.v:97$854_DATA[31:0]$867 [7:0], Q = \mem[794] [7:0]).
Adding EN signal on $memory\mem[794]$8155 ($dff) from module axi_ram (D = $0$memwr$\mem$rtl/axi_ram.v:100$855_DATA[31:0]$870 [15:8], Q = \mem[794] [15:8]).
Adding EN signal on $memory\mem[794]$8155 ($dff) from module axi_ram (D = $0$memwr$\mem$rtl/axi_ram.v:102$856_DATA[31:0]$873 [23:16], Q = \mem[794] [23:16]).
Adding EN signal on $memory\mem[794]$8155 ($dff) from module axi_ram (D = $0$memwr$\mem$rtl/axi_ram.v:104$857_DATA[31:0]$876 [31:24], Q = \mem[794] [31:24]).
Adding EN signal on $memory\mem[793]$8153 ($dff) from module axi_ram (D = $0$memwr$\mem$rtl/axi_ram.v:97$854_DATA[31:0]$867 [7:0], Q = \mem[793] [7:0]).
Adding EN signal on $memory\mem[793]$8153 ($dff) from module axi_ram (D = $0$memwr$\mem$rtl/axi_ram.v:100$855_DATA[31:0]$870 [15:8], Q = \mem[793] [15:8]).
Adding EN signal on $memory\mem[793]$8153 ($dff) from module axi_ram (D = $0$memwr$\mem$rtl/axi_ram.v:102$856_DATA[31:0]$873 [23:16], Q = \mem[793] [23:16]).
Adding EN signal on $memory\mem[793]$8153 ($dff) from module axi_ram (D = $0$memwr$\mem$rtl/axi_ram.v:104$857_DATA[31:0]$876 [31:24], Q = \mem[793] [31:24]).
Adding EN signal on $memory\mem[792]$8151 ($dff) from module axi_ram (D = $0$memwr$\mem$rtl/axi_ram.v:97$854_DATA[31:0]$867 [7:0], Q = \mem[792] [7:0]).
Adding EN signal on $memory\mem[792]$8151 ($dff) from module axi_ram (D = $0$memwr$\mem$rtl/axi_ram.v:100$855_DATA[31:0]$870 [15:8], Q = \mem[792] [15:8]).
Adding EN signal on $memory\mem[792]$8151 ($dff) from module axi_ram (D = $0$memwr$\mem$rtl/axi_ram.v:102$856_DATA[31:0]$873 [23:16], Q = \mem[792] [23:16]).
Adding EN signal on $memory\mem[792]$8151 ($dff) from module axi_ram (D = $0$memwr$\mem$rtl/axi_ram.v:104$857_DATA[31:0]$876 [31:24], Q = \mem[792] [31:24]).
Adding EN signal on $memory\mem[791]$8149 ($dff) from module axi_ram (D = $0$memwr$\mem$rtl/axi_ram.v:97$854_DATA[31:0]$867 [7:0], Q = \mem[791] [7:0]).
Adding EN signal on $memory\mem[791]$8149 ($dff) from module axi_ram (D = $0$memwr$\mem$rtl/axi_ram.v:100$855_DATA[31:0]$870 [15:8], Q = \mem[791] [15:8]).
Adding EN signal on $memory\mem[791]$8149 ($dff) from module axi_ram (D = $0$memwr$\mem$rtl/axi_ram.v:102$856_DATA[31:0]$873 [23:16], Q = \mem[791] [23:16]).
Adding EN signal on $memory\mem[791]$8149 ($dff) from module axi_ram (D = $0$memwr$\mem$rtl/axi_ram.v:104$857_DATA[31:0]$876 [31:24], Q = \mem[791] [31:24]).
Adding EN signal on $memory\mem[790]$8147 ($dff) from module axi_ram (D = $0$memwr$\mem$rtl/axi_ram.v:97$854_DATA[31:0]$867 [7:0], Q = \mem[790] [7:0]).
Adding EN signal on $memory\mem[790]$8147 ($dff) from module axi_ram (D = $0$memwr$\mem$rtl/axi_ram.v:100$855_DATA[31:0]$870 [15:8], Q = \mem[790] [15:8]).
Adding EN signal on $memory\mem[790]$8147 ($dff) from module axi_ram (D = $0$memwr$\mem$rtl/axi_ram.v:102$856_DATA[31:0]$873 [23:16], Q = \mem[790] [23:16]).
Adding EN signal on $memory\mem[790]$8147 ($dff) from module axi_ram (D = $0$memwr$\mem$rtl/axi_ram.v:104$857_DATA[31:0]$876 [31:24], Q = \mem[790] [31:24]).
Adding EN signal on $memory\mem[78]$6723 ($dff) from module axi_ram (D = $0$memwr$\mem$rtl/axi_ram.v:97$854_DATA[31:0]$867 [7:0], Q = \mem[78] [7:0]).
Adding EN signal on $memory\mem[78]$6723 ($dff) from module axi_ram (D = $0$memwr$\mem$rtl/axi_ram.v:100$855_DATA[31:0]$870 [15:8], Q = \mem[78] [15:8]).
Adding EN signal on $memory\mem[78]$6723 ($dff) from module axi_ram (D = $0$memwr$\mem$rtl/axi_ram.v:102$856_DATA[31:0]$873 [23:16], Q = \mem[78] [23:16]).
Adding EN signal on $memory\mem[78]$6723 ($dff) from module axi_ram (D = $0$memwr$\mem$rtl/axi_ram.v:104$857_DATA[31:0]$876 [31:24], Q = \mem[78] [31:24]).
Adding EN signal on $memory\mem[789]$8145 ($dff) from module axi_ram (D = $0$memwr$\mem$rtl/axi_ram.v:97$854_DATA[31:0]$867 [7:0], Q = \mem[789] [7:0]).
Adding EN signal on $memory\mem[789]$8145 ($dff) from module axi_ram (D = $0$memwr$\mem$rtl/axi_ram.v:100$855_DATA[31:0]$870 [15:8], Q = \mem[789] [15:8]).
Adding EN signal on $memory\mem[789]$8145 ($dff) from module axi_ram (D = $0$memwr$\mem$rtl/axi_ram.v:102$856_DATA[31:0]$873 [23:16], Q = \mem[789] [23:16]).
Adding EN signal on $memory\mem[789]$8145 ($dff) from module axi_ram (D = $0$memwr$\mem$rtl/axi_ram.v:104$857_DATA[31:0]$876 [31:24], Q = \mem[789] [31:24]).
Adding EN signal on $memory\mem[788]$8143 ($dff) from module axi_ram (D = $0$memwr$\mem$rtl/axi_ram.v:97$854_DATA[31:0]$867 [7:0], Q = \mem[788] [7:0]).
Adding EN signal on $memory\mem[788]$8143 ($dff) from module axi_ram (D = $0$memwr$\mem$rtl/axi_ram.v:100$855_DATA[31:0]$870 [15:8], Q = \mem[788] [15:8]).
Adding EN signal on $memory\mem[788]$8143 ($dff) from module axi_ram (D = $0$memwr$\mem$rtl/axi_ram.v:102$856_DATA[31:0]$873 [23:16], Q = \mem[788] [23:16]).
Adding EN signal on $memory\mem[788]$8143 ($dff) from module axi_ram (D = $0$memwr$\mem$rtl/axi_ram.v:104$857_DATA[31:0]$876 [31:24], Q = \mem[788] [31:24]).
Adding EN signal on $memory\mem[787]$8141 ($dff) from module axi_ram (D = $0$memwr$\mem$rtl/axi_ram.v:97$854_DATA[31:0]$867 [7:0], Q = \mem[787] [7:0]).
Adding EN signal on $memory\mem[787]$8141 ($dff) from module axi_ram (D = $0$memwr$\mem$rtl/axi_ram.v:100$855_DATA[31:0]$870 [15:8], Q = \mem[787] [15:8]).
Adding EN signal on $memory\mem[787]$8141 ($dff) from module axi_ram (D = $0$memwr$\mem$rtl/axi_ram.v:102$856_DATA[31:0]$873 [23:16], Q = \mem[787] [23:16]).
Adding EN signal on $memory\mem[787]$8141 ($dff) from module axi_ram (D = $0$memwr$\mem$rtl/axi_ram.v:104$857_DATA[31:0]$876 [31:24], Q = \mem[787] [31:24]).
Adding EN signal on $memory\mem[786]$8139 ($dff) from module axi_ram (D = $0$memwr$\mem$rtl/axi_ram.v:97$854_DATA[31:0]$867 [7:0], Q = \mem[786] [7:0]).
Adding EN signal on $memory\mem[786]$8139 ($dff) from module axi_ram (D = $0$memwr$\mem$rtl/axi_ram.v:100$855_DATA[31:0]$870 [15:8], Q = \mem[786] [15:8]).
Adding EN signal on $memory\mem[786]$8139 ($dff) from module axi_ram (D = $0$memwr$\mem$rtl/axi_ram.v:102$856_DATA[31:0]$873 [23:16], Q = \mem[786] [23:16]).
Adding EN signal on $memory\mem[786]$8139 ($dff) from module axi_ram (D = $0$memwr$\mem$rtl/axi_ram.v:104$857_DATA[31:0]$876 [31:24], Q = \mem[786] [31:24]).
Adding EN signal on $memory\mem[785]$8137 ($dff) from module axi_ram (D = $0$memwr$\mem$rtl/axi_ram.v:97$854_DATA[31:0]$867 [7:0], Q = \mem[785] [7:0]).
Adding EN signal on $memory\mem[785]$8137 ($dff) from module axi_ram (D = $0$memwr$\mem$rtl/axi_ram.v:100$855_DATA[31:0]$870 [15:8], Q = \mem[785] [15:8]).
Adding EN signal on $memory\mem[785]$8137 ($dff) from module axi_ram (D = $0$memwr$\mem$rtl/axi_ram.v:102$856_DATA[31:0]$873 [23:16], Q = \mem[785] [23:16]).
Adding EN signal on $memory\mem[785]$8137 ($dff) from module axi_ram (D = $0$memwr$\mem$rtl/axi_ram.v:104$857_DATA[31:0]$876 [31:24], Q = \mem[785] [31:24]).
Adding EN signal on $memory\mem[784]$8135 ($dff) from module axi_ram (D = $0$memwr$\mem$rtl/axi_ram.v:97$854_DATA[31:0]$867 [7:0], Q = \mem[784] [7:0]).
Adding EN signal on $memory\mem[784]$8135 ($dff) from module axi_ram (D = $0$memwr$\mem$rtl/axi_ram.v:100$855_DATA[31:0]$870 [15:8], Q = \mem[784] [15:8]).
Adding EN signal on $memory\mem[784]$8135 ($dff) from module axi_ram (D = $0$memwr$\mem$rtl/axi_ram.v:102$856_DATA[31:0]$873 [23:16], Q = \mem[784] [23:16]).
Adding EN signal on $memory\mem[784]$8135 ($dff) from module axi_ram (D = $0$memwr$\mem$rtl/axi_ram.v:104$857_DATA[31:0]$876 [31:24], Q = \mem[784] [31:24]).
Adding EN signal on $memory\mem[783]$8133 ($dff) from module axi_ram (D = $0$memwr$\mem$rtl/axi_ram.v:97$854_DATA[31:0]$867 [7:0], Q = \mem[783] [7:0]).
Adding EN signal on $memory\mem[783]$8133 ($dff) from module axi_ram (D = $0$memwr$\mem$rtl/axi_ram.v:100$855_DATA[31:0]$870 [15:8], Q = \mem[783] [15:8]).
Adding EN signal on $memory\mem[783]$8133 ($dff) from module axi_ram (D = $0$memwr$\mem$rtl/axi_ram.v:102$856_DATA[31:0]$873 [23:16], Q = \mem[783] [23:16]).
Adding EN signal on $memory\mem[783]$8133 ($dff) from module axi_ram (D = $0$memwr$\mem$rtl/axi_ram.v:104$857_DATA[31:0]$876 [31:24], Q = \mem[783] [31:24]).
Adding EN signal on $memory\mem[782]$8131 ($dff) from module axi_ram (D = $0$memwr$\mem$rtl/axi_ram.v:97$854_DATA[31:0]$867 [7:0], Q = \mem[782] [7:0]).
Adding EN signal on $memory\mem[782]$8131 ($dff) from module axi_ram (D = $0$memwr$\mem$rtl/axi_ram.v:100$855_DATA[31:0]$870 [15:8], Q = \mem[782] [15:8]).
Adding EN signal on $memory\mem[782]$8131 ($dff) from module axi_ram (D = $0$memwr$\mem$rtl/axi_ram.v:102$856_DATA[31:0]$873 [23:16], Q = \mem[782] [23:16]).
Adding EN signal on $memory\mem[782]$8131 ($dff) from module axi_ram (D = $0$memwr$\mem$rtl/axi_ram.v:104$857_DATA[31:0]$876 [31:24], Q = \mem[782] [31:24]).
Adding EN signal on $memory\mem[781]$8129 ($dff) from module axi_ram (D = $0$memwr$\mem$rtl/axi_ram.v:97$854_DATA[31:0]$867 [7:0], Q = \mem[781] [7:0]).
Adding EN signal on $memory\mem[781]$8129 ($dff) from module axi_ram (D = $0$memwr$\mem$rtl/axi_ram.v:100$855_DATA[31:0]$870 [15:8], Q = \mem[781] [15:8]).
Adding EN signal on $memory\mem[781]$8129 ($dff) from module axi_ram (D = $0$memwr$\mem$rtl/axi_ram.v:102$856_DATA[31:0]$873 [23:16], Q = \mem[781] [23:16]).
Adding EN signal on $memory\mem[781]$8129 ($dff) from module axi_ram (D = $0$memwr$\mem$rtl/axi_ram.v:104$857_DATA[31:0]$876 [31:24], Q = \mem[781] [31:24]).
Adding EN signal on $memory\mem[780]$8127 ($dff) from module axi_ram (D = $0$memwr$\mem$rtl/axi_ram.v:97$854_DATA[31:0]$867 [7:0], Q = \mem[780] [7:0]).
Adding EN signal on $memory\mem[780]$8127 ($dff) from module axi_ram (D = $0$memwr$\mem$rtl/axi_ram.v:100$855_DATA[31:0]$870 [15:8], Q = \mem[780] [15:8]).
Adding EN signal on $memory\mem[780]$8127 ($dff) from module axi_ram (D = $0$memwr$\mem$rtl/axi_ram.v:102$856_DATA[31:0]$873 [23:16], Q = \mem[780] [23:16]).
Adding EN signal on $memory\mem[780]$8127 ($dff) from module axi_ram (D = $0$memwr$\mem$rtl/axi_ram.v:104$857_DATA[31:0]$876 [31:24], Q = \mem[780] [31:24]).
Adding EN signal on $memory\mem[77]$6721 ($dff) from module axi_ram (D = $0$memwr$\mem$rtl/axi_ram.v:97$854_DATA[31:0]$867 [7:0], Q = \mem[77] [7:0]).
Adding EN signal on $memory\mem[77]$6721 ($dff) from module axi_ram (D = $0$memwr$\mem$rtl/axi_ram.v:100$855_DATA[31:0]$870 [15:8], Q = \mem[77] [15:8]).
Adding EN signal on $memory\mem[77]$6721 ($dff) from module axi_ram (D = $0$memwr$\mem$rtl/axi_ram.v:102$856_DATA[31:0]$873 [23:16], Q = \mem[77] [23:16]).
Adding EN signal on $memory\mem[77]$6721 ($dff) from module axi_ram (D = $0$memwr$\mem$rtl/axi_ram.v:104$857_DATA[31:0]$876 [31:24], Q = \mem[77] [31:24]).
Adding EN signal on $memory\mem[779]$8125 ($dff) from module axi_ram (D = $0$memwr$\mem$rtl/axi_ram.v:97$854_DATA[31:0]$867 [7:0], Q = \mem[779] [7:0]).
Adding EN signal on $memory\mem[779]$8125 ($dff) from module axi_ram (D = $0$memwr$\mem$rtl/axi_ram.v:100$855_DATA[31:0]$870 [15:8], Q = \mem[779] [15:8]).
Adding EN signal on $memory\mem[779]$8125 ($dff) from module axi_ram (D = $0$memwr$\mem$rtl/axi_ram.v:102$856_DATA[31:0]$873 [23:16], Q = \mem[779] [23:16]).
Adding EN signal on $memory\mem[779]$8125 ($dff) from module axi_ram (D = $0$memwr$\mem$rtl/axi_ram.v:104$857_DATA[31:0]$876 [31:24], Q = \mem[779] [31:24]).
Adding EN signal on $memory\mem[778]$8123 ($dff) from module axi_ram (D = $0$memwr$\mem$rtl/axi_ram.v:97$854_DATA[31:0]$867 [7:0], Q = \mem[778] [7:0]).
Adding EN signal on $memory\mem[778]$8123 ($dff) from module axi_ram (D = $0$memwr$\mem$rtl/axi_ram.v:100$855_DATA[31:0]$870 [15:8], Q = \mem[778] [15:8]).
Adding EN signal on $memory\mem[778]$8123 ($dff) from module axi_ram (D = $0$memwr$\mem$rtl/axi_ram.v:102$856_DATA[31:0]$873 [23:16], Q = \mem[778] [23:16]).
Adding EN signal on $memory\mem[778]$8123 ($dff) from module axi_ram (D = $0$memwr$\mem$rtl/axi_ram.v:104$857_DATA[31:0]$876 [31:24], Q = \mem[778] [31:24]).
Adding EN signal on $memory\mem[777]$8121 ($dff) from module axi_ram (D = $0$memwr$\mem$rtl/axi_ram.v:97$854_DATA[31:0]$867 [7:0], Q = \mem[777] [7:0]).
Adding EN signal on $memory\mem[777]$8121 ($dff) from module axi_ram (D = $0$memwr$\mem$rtl/axi_ram.v:100$855_DATA[31:0]$870 [15:8], Q = \mem[777] [15:8]).
Adding EN signal on $memory\mem[777]$8121 ($dff) from module axi_ram (D = $0$memwr$\mem$rtl/axi_ram.v:102$856_DATA[31:0]$873 [23:16], Q = \mem[777] [23:16]).
Adding EN signal on $memory\mem[777]$8121 ($dff) from module axi_ram (D = $0$memwr$\mem$rtl/axi_ram.v:104$857_DATA[31:0]$876 [31:24], Q = \mem[777] [31:24]).
Adding EN signal on $memory\mem[776]$8119 ($dff) from module axi_ram (D = $0$memwr$\mem$rtl/axi_ram.v:97$854_DATA[31:0]$867 [7:0], Q = \mem[776] [7:0]).
Adding EN signal on $memory\mem[776]$8119 ($dff) from module axi_ram (D = $0$memwr$\mem$rtl/axi_ram.v:100$855_DATA[31:0]$870 [15:8], Q = \mem[776] [15:8]).
Adding EN signal on $memory\mem[776]$8119 ($dff) from module axi_ram (D = $0$memwr$\mem$rtl/axi_ram.v:102$856_DATA[31:0]$873 [23:16], Q = \mem[776] [23:16]).
Adding EN signal on $memory\mem[776]$8119 ($dff) from module axi_ram (D = $0$memwr$\mem$rtl/axi_ram.v:104$857_DATA[31:0]$876 [31:24], Q = \mem[776] [31:24]).
Adding EN signal on $memory\mem[775]$8117 ($dff) from module axi_ram (D = $0$memwr$\mem$rtl/axi_ram.v:97$854_DATA[31:0]$867 [7:0], Q = \mem[775] [7:0]).
Adding EN signal on $memory\mem[775]$8117 ($dff) from module axi_ram (D = $0$memwr$\mem$rtl/axi_ram.v:100$855_DATA[31:0]$870 [15:8], Q = \mem[775] [15:8]).
Adding EN signal on $memory\mem[775]$8117 ($dff) from module axi_ram (D = $0$memwr$\mem$rtl/axi_ram.v:102$856_DATA[31:0]$873 [23:16], Q = \mem[775] [23:16]).
Adding EN signal on $memory\mem[775]$8117 ($dff) from module axi_ram (D = $0$memwr$\mem$rtl/axi_ram.v:104$857_DATA[31:0]$876 [31:24], Q = \mem[775] [31:24]).
Adding EN signal on $memory\mem[774]$8115 ($dff) from module axi_ram (D = $0$memwr$\mem$rtl/axi_ram.v:97$854_DATA[31:0]$867 [7:0], Q = \mem[774] [7:0]).
Adding EN signal on $memory\mem[774]$8115 ($dff) from module axi_ram (D = $0$memwr$\mem$rtl/axi_ram.v:100$855_DATA[31:0]$870 [15:8], Q = \mem[774] [15:8]).
Adding EN signal on $memory\mem[774]$8115 ($dff) from module axi_ram (D = $0$memwr$\mem$rtl/axi_ram.v:102$856_DATA[31:0]$873 [23:16], Q = \mem[774] [23:16]).
Adding EN signal on $memory\mem[774]$8115 ($dff) from module axi_ram (D = $0$memwr$\mem$rtl/axi_ram.v:104$857_DATA[31:0]$876 [31:24], Q = \mem[774] [31:24]).
Adding EN signal on $memory\mem[773]$8113 ($dff) from module axi_ram (D = $0$memwr$\mem$rtl/axi_ram.v:97$854_DATA[31:0]$867 [7:0], Q = \mem[773] [7:0]).
Adding EN signal on $memory\mem[773]$8113 ($dff) from module axi_ram (D = $0$memwr$\mem$rtl/axi_ram.v:100$855_DATA[31:0]$870 [15:8], Q = \mem[773] [15:8]).
Adding EN signal on $memory\mem[773]$8113 ($dff) from module axi_ram (D = $0$memwr$\mem$rtl/axi_ram.v:102$856_DATA[31:0]$873 [23:16], Q = \mem[773] [23:16]).
Adding EN signal on $memory\mem[773]$8113 ($dff) from module axi_ram (D = $0$memwr$\mem$rtl/axi_ram.v:104$857_DATA[31:0]$876 [31:24], Q = \mem[773] [31:24]).
Adding EN signal on $memory\mem[772]$8111 ($dff) from module axi_ram (D = $0$memwr$\mem$rtl/axi_ram.v:97$854_DATA[31:0]$867 [7:0], Q = \mem[772] [7:0]).
Adding EN signal on $memory\mem[772]$8111 ($dff) from module axi_ram (D = $0$memwr$\mem$rtl/axi_ram.v:100$855_DATA[31:0]$870 [15:8], Q = \mem[772] [15:8]).
Adding EN signal on $memory\mem[772]$8111 ($dff) from module axi_ram (D = $0$memwr$\mem$rtl/axi_ram.v:102$856_DATA[31:0]$873 [23:16], Q = \mem[772] [23:16]).
Adding EN signal on $memory\mem[772]$8111 ($dff) from module axi_ram (D = $0$memwr$\mem$rtl/axi_ram.v:104$857_DATA[31:0]$876 [31:24], Q = \mem[772] [31:24]).
Adding EN signal on $memory\mem[771]$8109 ($dff) from module axi_ram (D = $0$memwr$\mem$rtl/axi_ram.v:97$854_DATA[31:0]$867 [7:0], Q = \mem[771] [7:0]).
Adding EN signal on $memory\mem[771]$8109 ($dff) from module axi_ram (D = $0$memwr$\mem$rtl/axi_ram.v:100$855_DATA[31:0]$870 [15:8], Q = \mem[771] [15:8]).
Adding EN signal on $memory\mem[771]$8109 ($dff) from module axi_ram (D = $0$memwr$\mem$rtl/axi_ram.v:102$856_DATA[31:0]$873 [23:16], Q = \mem[771] [23:16]).
Adding EN signal on $memory\mem[771]$8109 ($dff) from module axi_ram (D = $0$memwr$\mem$rtl/axi_ram.v:104$857_DATA[31:0]$876 [31:24], Q = \mem[771] [31:24]).
Adding EN signal on $memory\mem[770]$8107 ($dff) from module axi_ram (D = $0$memwr$\mem$rtl/axi_ram.v:97$854_DATA[31:0]$867 [7:0], Q = \mem[770] [7:0]).
Adding EN signal on $memory\mem[770]$8107 ($dff) from module axi_ram (D = $0$memwr$\mem$rtl/axi_ram.v:100$855_DATA[31:0]$870 [15:8], Q = \mem[770] [15:8]).
Adding EN signal on $memory\mem[770]$8107 ($dff) from module axi_ram (D = $0$memwr$\mem$rtl/axi_ram.v:102$856_DATA[31:0]$873 [23:16], Q = \mem[770] [23:16]).
Adding EN signal on $memory\mem[770]$8107 ($dff) from module axi_ram (D = $0$memwr$\mem$rtl/axi_ram.v:104$857_DATA[31:0]$876 [31:24], Q = \mem[770] [31:24]).
Adding EN signal on $memory\mem[76]$6719 ($dff) from module axi_ram (D = $0$memwr$\mem$rtl/axi_ram.v:97$854_DATA[31:0]$867 [7:0], Q = \mem[76] [7:0]).
Adding EN signal on $memory\mem[76]$6719 ($dff) from module axi_ram (D = $0$memwr$\mem$rtl/axi_ram.v:100$855_DATA[31:0]$870 [15:8], Q = \mem[76] [15:8]).
Adding EN signal on $memory\mem[76]$6719 ($dff) from module axi_ram (D = $0$memwr$\mem$rtl/axi_ram.v:102$856_DATA[31:0]$873 [23:16], Q = \mem[76] [23:16]).
Adding EN signal on $memory\mem[76]$6719 ($dff) from module axi_ram (D = $0$memwr$\mem$rtl/axi_ram.v:104$857_DATA[31:0]$876 [31:24], Q = \mem[76] [31:24]).
Adding EN signal on $memory\mem[769]$8105 ($dff) from module axi_ram (D = $0$memwr$\mem$rtl/axi_ram.v:97$854_DATA[31:0]$867 [7:0], Q = \mem[769] [7:0]).
Adding EN signal on $memory\mem[769]$8105 ($dff) from module axi_ram (D = $0$memwr$\mem$rtl/axi_ram.v:100$855_DATA[31:0]$870 [15:8], Q = \mem[769] [15:8]).
Adding EN signal on $memory\mem[769]$8105 ($dff) from module axi_ram (D = $0$memwr$\mem$rtl/axi_ram.v:102$856_DATA[31:0]$873 [23:16], Q = \mem[769] [23:16]).
Adding EN signal on $memory\mem[769]$8105 ($dff) from module axi_ram (D = $0$memwr$\mem$rtl/axi_ram.v:104$857_DATA[31:0]$876 [31:24], Q = \mem[769] [31:24]).
Adding EN signal on $memory\mem[768]$8103 ($dff) from module axi_ram (D = $0$memwr$\mem$rtl/axi_ram.v:97$854_DATA[31:0]$867 [7:0], Q = \mem[768] [7:0]).
Adding EN signal on $memory\mem[768]$8103 ($dff) from module axi_ram (D = $0$memwr$\mem$rtl/axi_ram.v:100$855_DATA[31:0]$870 [15:8], Q = \mem[768] [15:8]).
Adding EN signal on $memory\mem[768]$8103 ($dff) from module axi_ram (D = $0$memwr$\mem$rtl/axi_ram.v:102$856_DATA[31:0]$873 [23:16], Q = \mem[768] [23:16]).
Adding EN signal on $memory\mem[768]$8103 ($dff) from module axi_ram (D = $0$memwr$\mem$rtl/axi_ram.v:104$857_DATA[31:0]$876 [31:24], Q = \mem[768] [31:24]).
Adding EN signal on $memory\mem[767]$8101 ($dff) from module axi_ram (D = $0$memwr$\mem$rtl/axi_ram.v:97$854_DATA[31:0]$867 [7:0], Q = \mem[767] [7:0]).
Adding EN signal on $memory\mem[767]$8101 ($dff) from module axi_ram (D = $0$memwr$\mem$rtl/axi_ram.v:100$855_DATA[31:0]$870 [15:8], Q = \mem[767] [15:8]).
Adding EN signal on $memory\mem[767]$8101 ($dff) from module axi_ram (D = $0$memwr$\mem$rtl/axi_ram.v:102$856_DATA[31:0]$873 [23:16], Q = \mem[767] [23:16]).
Adding EN signal on $memory\mem[767]$8101 ($dff) from module axi_ram (D = $0$memwr$\mem$rtl/axi_ram.v:104$857_DATA[31:0]$876 [31:24], Q = \mem[767] [31:24]).
Adding EN signal on $memory\mem[766]$8099 ($dff) from module axi_ram (D = $0$memwr$\mem$rtl/axi_ram.v:97$854_DATA[31:0]$867 [7:0], Q = \mem[766] [7:0]).
Adding EN signal on $memory\mem[766]$8099 ($dff) from module axi_ram (D = $0$memwr$\mem$rtl/axi_ram.v:100$855_DATA[31:0]$870 [15:8], Q = \mem[766] [15:8]).
Adding EN signal on $memory\mem[766]$8099 ($dff) from module axi_ram (D = $0$memwr$\mem$rtl/axi_ram.v:102$856_DATA[31:0]$873 [23:16], Q = \mem[766] [23:16]).
Adding EN signal on $memory\mem[766]$8099 ($dff) from module axi_ram (D = $0$memwr$\mem$rtl/axi_ram.v:104$857_DATA[31:0]$876 [31:24], Q = \mem[766] [31:24]).
Adding EN signal on $memory\mem[765]$8097 ($dff) from module axi_ram (D = $0$memwr$\mem$rtl/axi_ram.v:97$854_DATA[31:0]$867 [7:0], Q = \mem[765] [7:0]).
Adding EN signal on $memory\mem[765]$8097 ($dff) from module axi_ram (D = $0$memwr$\mem$rtl/axi_ram.v:100$855_DATA[31:0]$870 [15:8], Q = \mem[765] [15:8]).
Adding EN signal on $memory\mem[765]$8097 ($dff) from module axi_ram (D = $0$memwr$\mem$rtl/axi_ram.v:102$856_DATA[31:0]$873 [23:16], Q = \mem[765] [23:16]).
Adding EN signal on $memory\mem[765]$8097 ($dff) from module axi_ram (D = $0$memwr$\mem$rtl/axi_ram.v:104$857_DATA[31:0]$876 [31:24], Q = \mem[765] [31:24]).
Adding EN signal on $memory\mem[764]$8095 ($dff) from module axi_ram (D = $0$memwr$\mem$rtl/axi_ram.v:97$854_DATA[31:0]$867 [7:0], Q = \mem[764] [7:0]).
Adding EN signal on $memory\mem[764]$8095 ($dff) from module axi_ram (D = $0$memwr$\mem$rtl/axi_ram.v:100$855_DATA[31:0]$870 [15:8], Q = \mem[764] [15:8]).
Adding EN signal on $memory\mem[764]$8095 ($dff) from module axi_ram (D = $0$memwr$\mem$rtl/axi_ram.v:102$856_DATA[31:0]$873 [23:16], Q = \mem[764] [23:16]).
Adding EN signal on $memory\mem[764]$8095 ($dff) from module axi_ram (D = $0$memwr$\mem$rtl/axi_ram.v:104$857_DATA[31:0]$876 [31:24], Q = \mem[764] [31:24]).
Adding EN signal on $memory\mem[763]$8093 ($dff) from module axi_ram (D = $0$memwr$\mem$rtl/axi_ram.v:97$854_DATA[31:0]$867 [7:0], Q = \mem[763] [7:0]).
Adding EN signal on $memory\mem[763]$8093 ($dff) from module axi_ram (D = $0$memwr$\mem$rtl/axi_ram.v:100$855_DATA[31:0]$870 [15:8], Q = \mem[763] [15:8]).
Adding EN signal on $memory\mem[763]$8093 ($dff) from module axi_ram (D = $0$memwr$\mem$rtl/axi_ram.v:102$856_DATA[31:0]$873 [23:16], Q = \mem[763] [23:16]).
Adding EN signal on $memory\mem[763]$8093 ($dff) from module axi_ram (D = $0$memwr$\mem$rtl/axi_ram.v:104$857_DATA[31:0]$876 [31:24], Q = \mem[763] [31:24]).
Adding EN signal on $memory\mem[762]$8091 ($dff) from module axi_ram (D = $0$memwr$\mem$rtl/axi_ram.v:97$854_DATA[31:0]$867 [7:0], Q = \mem[762] [7:0]).
Adding EN signal on $memory\mem[762]$8091 ($dff) from module axi_ram (D = $0$memwr$\mem$rtl/axi_ram.v:100$855_DATA[31:0]$870 [15:8], Q = \mem[762] [15:8]).
Adding EN signal on $memory\mem[762]$8091 ($dff) from module axi_ram (D = $0$memwr$\mem$rtl/axi_ram.v:102$856_DATA[31:0]$873 [23:16], Q = \mem[762] [23:16]).
Adding EN signal on $memory\mem[762]$8091 ($dff) from module axi_ram (D = $0$memwr$\mem$rtl/axi_ram.v:104$857_DATA[31:0]$876 [31:24], Q = \mem[762] [31:24]).
Adding EN signal on $memory\mem[761]$8089 ($dff) from module axi_ram (D = $0$memwr$\mem$rtl/axi_ram.v:97$854_DATA[31:0]$867 [7:0], Q = \mem[761] [7:0]).
Adding EN signal on $memory\mem[761]$8089 ($dff) from module axi_ram (D = $0$memwr$\mem$rtl/axi_ram.v:100$855_DATA[31:0]$870 [15:8], Q = \mem[761] [15:8]).
Adding EN signal on $memory\mem[761]$8089 ($dff) from module axi_ram (D = $0$memwr$\mem$rtl/axi_ram.v:102$856_DATA[31:0]$873 [23:16], Q = \mem[761] [23:16]).
Adding EN signal on $memory\mem[761]$8089 ($dff) from module axi_ram (D = $0$memwr$\mem$rtl/axi_ram.v:104$857_DATA[31:0]$876 [31:24], Q = \mem[761] [31:24]).
Adding EN signal on $memory\mem[760]$8087 ($dff) from module axi_ram (D = $0$memwr$\mem$rtl/axi_ram.v:97$854_DATA[31:0]$867 [7:0], Q = \mem[760] [7:0]).
Adding EN signal on $memory\mem[760]$8087 ($dff) from module axi_ram (D = $0$memwr$\mem$rtl/axi_ram.v:100$855_DATA[31:0]$870 [15:8], Q = \mem[760] [15:8]).
Adding EN signal on $memory\mem[760]$8087 ($dff) from module axi_ram (D = $0$memwr$\mem$rtl/axi_ram.v:102$856_DATA[31:0]$873 [23:16], Q = \mem[760] [23:16]).
Adding EN signal on $memory\mem[760]$8087 ($dff) from module axi_ram (D = $0$memwr$\mem$rtl/axi_ram.v:104$857_DATA[31:0]$876 [31:24], Q = \mem[760] [31:24]).
Adding EN signal on $memory\mem[75]$6717 ($dff) from module axi_ram (D = $0$memwr$\mem$rtl/axi_ram.v:97$854_DATA[31:0]$867 [7:0], Q = \mem[75] [7:0]).
Adding EN signal on $memory\mem[75]$6717 ($dff) from module axi_ram (D = $0$memwr$\mem$rtl/axi_ram.v:100$855_DATA[31:0]$870 [15:8], Q = \mem[75] [15:8]).
Adding EN signal on $memory\mem[75]$6717 ($dff) from module axi_ram (D = $0$memwr$\mem$rtl/axi_ram.v:102$856_DATA[31:0]$873 [23:16], Q = \mem[75] [23:16]).
Adding EN signal on $memory\mem[75]$6717 ($dff) from module axi_ram (D = $0$memwr$\mem$rtl/axi_ram.v:104$857_DATA[31:0]$876 [31:24], Q = \mem[75] [31:24]).
Adding EN signal on $memory\mem[759]$8085 ($dff) from module axi_ram (D = $0$memwr$\mem$rtl/axi_ram.v:97$854_DATA[31:0]$867 [7:0], Q = \mem[759] [7:0]).
Adding EN signal on $memory\mem[759]$8085 ($dff) from module axi_ram (D = $0$memwr$\mem$rtl/axi_ram.v:100$855_DATA[31:0]$870 [15:8], Q = \mem[759] [15:8]).
Adding EN signal on $memory\mem[759]$8085 ($dff) from module axi_ram (D = $0$memwr$\mem$rtl/axi_ram.v:102$856_DATA[31:0]$873 [23:16], Q = \mem[759] [23:16]).
Adding EN signal on $memory\mem[759]$8085 ($dff) from module axi_ram (D = $0$memwr$\mem$rtl/axi_ram.v:104$857_DATA[31:0]$876 [31:24], Q = \mem[759] [31:24]).
Adding EN signal on $memory\mem[758]$8083 ($dff) from module axi_ram (D = $0$memwr$\mem$rtl/axi_ram.v:97$854_DATA[31:0]$867 [7:0], Q = \mem[758] [7:0]).
Adding EN signal on $memory\mem[758]$8083 ($dff) from module axi_ram (D = $0$memwr$\mem$rtl/axi_ram.v:100$855_DATA[31:0]$870 [15:8], Q = \mem[758] [15:8]).
Adding EN signal on $memory\mem[758]$8083 ($dff) from module axi_ram (D = $0$memwr$\mem$rtl/axi_ram.v:102$856_DATA[31:0]$873 [23:16], Q = \mem[758] [23:16]).
Adding EN signal on $memory\mem[758]$8083 ($dff) from module axi_ram (D = $0$memwr$\mem$rtl/axi_ram.v:104$857_DATA[31:0]$876 [31:24], Q = \mem[758] [31:24]).
Adding EN signal on $memory\mem[757]$8081 ($dff) from module axi_ram (D = $0$memwr$\mem$rtl/axi_ram.v:97$854_DATA[31:0]$867 [7:0], Q = \mem[757] [7:0]).
Adding EN signal on $memory\mem[757]$8081 ($dff) from module axi_ram (D = $0$memwr$\mem$rtl/axi_ram.v:100$855_DATA[31:0]$870 [15:8], Q = \mem[757] [15:8]).
Adding EN signal on $memory\mem[757]$8081 ($dff) from module axi_ram (D = $0$memwr$\mem$rtl/axi_ram.v:102$856_DATA[31:0]$873 [23:16], Q = \mem[757] [23:16]).
Adding EN signal on $memory\mem[757]$8081 ($dff) from module axi_ram (D = $0$memwr$\mem$rtl/axi_ram.v:104$857_DATA[31:0]$876 [31:24], Q = \mem[757] [31:24]).
Adding EN signal on $memory\mem[756]$8079 ($dff) from module axi_ram (D = $0$memwr$\mem$rtl/axi_ram.v:97$854_DATA[31:0]$867 [7:0], Q = \mem[756] [7:0]).
Adding EN signal on $memory\mem[756]$8079 ($dff) from module axi_ram (D = $0$memwr$\mem$rtl/axi_ram.v:100$855_DATA[31:0]$870 [15:8], Q = \mem[756] [15:8]).
Adding EN signal on $memory\mem[756]$8079 ($dff) from module axi_ram (D = $0$memwr$\mem$rtl/axi_ram.v:102$856_DATA[31:0]$873 [23:16], Q = \mem[756] [23:16]).
Adding EN signal on $memory\mem[756]$8079 ($dff) from module axi_ram (D = $0$memwr$\mem$rtl/axi_ram.v:104$857_DATA[31:0]$876 [31:24], Q = \mem[756] [31:24]).
Adding EN signal on $memory\mem[755]$8077 ($dff) from module axi_ram (D = $0$memwr$\mem$rtl/axi_ram.v:97$854_DATA[31:0]$867 [7:0], Q = \mem[755] [7:0]).
Adding EN signal on $memory\mem[755]$8077 ($dff) from module axi_ram (D = $0$memwr$\mem$rtl/axi_ram.v:100$855_DATA[31:0]$870 [15:8], Q = \mem[755] [15:8]).
Adding EN signal on $memory\mem[755]$8077 ($dff) from module axi_ram (D = $0$memwr$\mem$rtl/axi_ram.v:102$856_DATA[31:0]$873 [23:16], Q = \mem[755] [23:16]).
Adding EN signal on $memory\mem[755]$8077 ($dff) from module axi_ram (D = $0$memwr$\mem$rtl/axi_ram.v:104$857_DATA[31:0]$876 [31:24], Q = \mem[755] [31:24]).
Adding EN signal on $memory\mem[754]$8075 ($dff) from module axi_ram (D = $0$memwr$\mem$rtl/axi_ram.v:97$854_DATA[31:0]$867 [7:0], Q = \mem[754] [7:0]).
Adding EN signal on $memory\mem[754]$8075 ($dff) from module axi_ram (D = $0$memwr$\mem$rtl/axi_ram.v:100$855_DATA[31:0]$870 [15:8], Q = \mem[754] [15:8]).
Adding EN signal on $memory\mem[754]$8075 ($dff) from module axi_ram (D = $0$memwr$\mem$rtl/axi_ram.v:102$856_DATA[31:0]$873 [23:16], Q = \mem[754] [23:16]).
Adding EN signal on $memory\mem[754]$8075 ($dff) from module axi_ram (D = $0$memwr$\mem$rtl/axi_ram.v:104$857_DATA[31:0]$876 [31:24], Q = \mem[754] [31:24]).
Adding EN signal on $memory\mem[753]$8073 ($dff) from module axi_ram (D = $0$memwr$\mem$rtl/axi_ram.v:97$854_DATA[31:0]$867 [7:0], Q = \mem[753] [7:0]).
Adding EN signal on $memory\mem[753]$8073 ($dff) from module axi_ram (D = $0$memwr$\mem$rtl/axi_ram.v:100$855_DATA[31:0]$870 [15:8], Q = \mem[753] [15:8]).
Adding EN signal on $memory\mem[753]$8073 ($dff) from module axi_ram (D = $0$memwr$\mem$rtl/axi_ram.v:102$856_DATA[31:0]$873 [23:16], Q = \mem[753] [23:16]).
Adding EN signal on $memory\mem[753]$8073 ($dff) from module axi_ram (D = $0$memwr$\mem$rtl/axi_ram.v:104$857_DATA[31:0]$876 [31:24], Q = \mem[753] [31:24]).
Adding EN signal on $memory\mem[752]$8071 ($dff) from module axi_ram (D = $0$memwr$\mem$rtl/axi_ram.v:97$854_DATA[31:0]$867 [7:0], Q = \mem[752] [7:0]).
Adding EN signal on $memory\mem[752]$8071 ($dff) from module axi_ram (D = $0$memwr$\mem$rtl/axi_ram.v:100$855_DATA[31:0]$870 [15:8], Q = \mem[752] [15:8]).
Adding EN signal on $memory\mem[752]$8071 ($dff) from module axi_ram (D = $0$memwr$\mem$rtl/axi_ram.v:102$856_DATA[31:0]$873 [23:16], Q = \mem[752] [23:16]).
Adding EN signal on $memory\mem[752]$8071 ($dff) from module axi_ram (D = $0$memwr$\mem$rtl/axi_ram.v:104$857_DATA[31:0]$876 [31:24], Q = \mem[752] [31:24]).
Adding EN signal on $memory\mem[751]$8069 ($dff) from module axi_ram (D = $0$memwr$\mem$rtl/axi_ram.v:97$854_DATA[31:0]$867 [7:0], Q = \mem[751] [7:0]).
Adding EN signal on $memory\mem[751]$8069 ($dff) from module axi_ram (D = $0$memwr$\mem$rtl/axi_ram.v:100$855_DATA[31:0]$870 [15:8], Q = \mem[751] [15:8]).
Adding EN signal on $memory\mem[751]$8069 ($dff) from module axi_ram (D = $0$memwr$\mem$rtl/axi_ram.v:102$856_DATA[31:0]$873 [23:16], Q = \mem[751] [23:16]).
Adding EN signal on $memory\mem[751]$8069 ($dff) from module axi_ram (D = $0$memwr$\mem$rtl/axi_ram.v:104$857_DATA[31:0]$876 [31:24], Q = \mem[751] [31:24]).
Adding EN signal on $memory\mem[750]$8067 ($dff) from module axi_ram (D = $0$memwr$\mem$rtl/axi_ram.v:97$854_DATA[31:0]$867 [7:0], Q = \mem[750] [7:0]).
Adding EN signal on $memory\mem[750]$8067 ($dff) from module axi_ram (D = $0$memwr$\mem$rtl/axi_ram.v:100$855_DATA[31:0]$870 [15:8], Q = \mem[750] [15:8]).
Adding EN signal on $memory\mem[750]$8067 ($dff) from module axi_ram (D = $0$memwr$\mem$rtl/axi_ram.v:102$856_DATA[31:0]$873 [23:16], Q = \mem[750] [23:16]).
Adding EN signal on $memory\mem[750]$8067 ($dff) from module axi_ram (D = $0$memwr$\mem$rtl/axi_ram.v:104$857_DATA[31:0]$876 [31:24], Q = \mem[750] [31:24]).
Adding EN signal on $memory\mem[74]$6715 ($dff) from module axi_ram (D = $0$memwr$\mem$rtl/axi_ram.v:97$854_DATA[31:0]$867 [7:0], Q = \mem[74] [7:0]).
Adding EN signal on $memory\mem[74]$6715 ($dff) from module axi_ram (D = $0$memwr$\mem$rtl/axi_ram.v:100$855_DATA[31:0]$870 [15:8], Q = \mem[74] [15:8]).
Adding EN signal on $memory\mem[74]$6715 ($dff) from module axi_ram (D = $0$memwr$\mem$rtl/axi_ram.v:102$856_DATA[31:0]$873 [23:16], Q = \mem[74] [23:16]).
Adding EN signal on $memory\mem[74]$6715 ($dff) from module axi_ram (D = $0$memwr$\mem$rtl/axi_ram.v:104$857_DATA[31:0]$876 [31:24], Q = \mem[74] [31:24]).
Adding EN signal on $memory\mem[749]$8065 ($dff) from module axi_ram (D = $0$memwr$\mem$rtl/axi_ram.v:97$854_DATA[31:0]$867 [7:0], Q = \mem[749] [7:0]).
Adding EN signal on $memory\mem[749]$8065 ($dff) from module axi_ram (D = $0$memwr$\mem$rtl/axi_ram.v:100$855_DATA[31:0]$870 [15:8], Q = \mem[749] [15:8]).
Adding EN signal on $memory\mem[749]$8065 ($dff) from module axi_ram (D = $0$memwr$\mem$rtl/axi_ram.v:102$856_DATA[31:0]$873 [23:16], Q = \mem[749] [23:16]).
Adding EN signal on $memory\mem[749]$8065 ($dff) from module axi_ram (D = $0$memwr$\mem$rtl/axi_ram.v:104$857_DATA[31:0]$876 [31:24], Q = \mem[749] [31:24]).
Adding EN signal on $memory\mem[748]$8063 ($dff) from module axi_ram (D = $0$memwr$\mem$rtl/axi_ram.v:97$854_DATA[31:0]$867 [7:0], Q = \mem[748] [7:0]).
Adding EN signal on $memory\mem[748]$8063 ($dff) from module axi_ram (D = $0$memwr$\mem$rtl/axi_ram.v:100$855_DATA[31:0]$870 [15:8], Q = \mem[748] [15:8]).
Adding EN signal on $memory\mem[748]$8063 ($dff) from module axi_ram (D = $0$memwr$\mem$rtl/axi_ram.v:102$856_DATA[31:0]$873 [23:16], Q = \mem[748] [23:16]).
Adding EN signal on $memory\mem[748]$8063 ($dff) from module axi_ram (D = $0$memwr$\mem$rtl/axi_ram.v:104$857_DATA[31:0]$876 [31:24], Q = \mem[748] [31:24]).
Adding EN signal on $memory\mem[747]$8061 ($dff) from module axi_ram (D = $0$memwr$\mem$rtl/axi_ram.v:97$854_DATA[31:0]$867 [7:0], Q = \mem[747] [7:0]).
Adding EN signal on $memory\mem[747]$8061 ($dff) from module axi_ram (D = $0$memwr$\mem$rtl/axi_ram.v:100$855_DATA[31:0]$870 [15:8], Q = \mem[747] [15:8]).
Adding EN signal on $memory\mem[747]$8061 ($dff) from module axi_ram (D = $0$memwr$\mem$rtl/axi_ram.v:102$856_DATA[31:0]$873 [23:16], Q = \mem[747] [23:16]).
Adding EN signal on $memory\mem[747]$8061 ($dff) from module axi_ram (D = $0$memwr$\mem$rtl/axi_ram.v:104$857_DATA[31:0]$876 [31:24], Q = \mem[747] [31:24]).
Adding EN signal on $memory\mem[746]$8059 ($dff) from module axi_ram (D = $0$memwr$\mem$rtl/axi_ram.v:97$854_DATA[31:0]$867 [7:0], Q = \mem[746] [7:0]).
Adding EN signal on $memory\mem[746]$8059 ($dff) from module axi_ram (D = $0$memwr$\mem$rtl/axi_ram.v:100$855_DATA[31:0]$870 [15:8], Q = \mem[746] [15:8]).
Adding EN signal on $memory\mem[746]$8059 ($dff) from module axi_ram (D = $0$memwr$\mem$rtl/axi_ram.v:102$856_DATA[31:0]$873 [23:16], Q = \mem[746] [23:16]).
Adding EN signal on $memory\mem[746]$8059 ($dff) from module axi_ram (D = $0$memwr$\mem$rtl/axi_ram.v:104$857_DATA[31:0]$876 [31:24], Q = \mem[746] [31:24]).
Adding EN signal on $memory\mem[745]$8057 ($dff) from module axi_ram (D = $0$memwr$\mem$rtl/axi_ram.v:97$854_DATA[31:0]$867 [7:0], Q = \mem[745] [7:0]).
Adding EN signal on $memory\mem[745]$8057 ($dff) from module axi_ram (D = $0$memwr$\mem$rtl/axi_ram.v:100$855_DATA[31:0]$870 [15:8], Q = \mem[745] [15:8]).
Adding EN signal on $memory\mem[745]$8057 ($dff) from module axi_ram (D = $0$memwr$\mem$rtl/axi_ram.v:102$856_DATA[31:0]$873 [23:16], Q = \mem[745] [23:16]).
Adding EN signal on $memory\mem[745]$8057 ($dff) from module axi_ram (D = $0$memwr$\mem$rtl/axi_ram.v:104$857_DATA[31:0]$876 [31:24], Q = \mem[745] [31:24]).
Adding EN signal on $memory\mem[744]$8055 ($dff) from module axi_ram (D = $0$memwr$\mem$rtl/axi_ram.v:97$854_DATA[31:0]$867 [7:0], Q = \mem[744] [7:0]).
Adding EN signal on $memory\mem[744]$8055 ($dff) from module axi_ram (D = $0$memwr$\mem$rtl/axi_ram.v:100$855_DATA[31:0]$870 [15:8], Q = \mem[744] [15:8]).
Adding EN signal on $memory\mem[744]$8055 ($dff) from module axi_ram (D = $0$memwr$\mem$rtl/axi_ram.v:102$856_DATA[31:0]$873 [23:16], Q = \mem[744] [23:16]).
Adding EN signal on $memory\mem[744]$8055 ($dff) from module axi_ram (D = $0$memwr$\mem$rtl/axi_ram.v:104$857_DATA[31:0]$876 [31:24], Q = \mem[744] [31:24]).
Adding EN signal on $memory\mem[743]$8053 ($dff) from module axi_ram (D = $0$memwr$\mem$rtl/axi_ram.v:97$854_DATA[31:0]$867 [7:0], Q = \mem[743] [7:0]).
Adding EN signal on $memory\mem[743]$8053 ($dff) from module axi_ram (D = $0$memwr$\mem$rtl/axi_ram.v:100$855_DATA[31:0]$870 [15:8], Q = \mem[743] [15:8]).
Adding EN signal on $memory\mem[743]$8053 ($dff) from module axi_ram (D = $0$memwr$\mem$rtl/axi_ram.v:102$856_DATA[31:0]$873 [23:16], Q = \mem[743] [23:16]).
Adding EN signal on $memory\mem[743]$8053 ($dff) from module axi_ram (D = $0$memwr$\mem$rtl/axi_ram.v:104$857_DATA[31:0]$876 [31:24], Q = \mem[743] [31:24]).
Adding EN signal on $memory\mem[742]$8051 ($dff) from module axi_ram (D = $0$memwr$\mem$rtl/axi_ram.v:97$854_DATA[31:0]$867 [7:0], Q = \mem[742] [7:0]).
Adding EN signal on $memory\mem[742]$8051 ($dff) from module axi_ram (D = $0$memwr$\mem$rtl/axi_ram.v:100$855_DATA[31:0]$870 [15:8], Q = \mem[742] [15:8]).
Adding EN signal on $memory\mem[742]$8051 ($dff) from module axi_ram (D = $0$memwr$\mem$rtl/axi_ram.v:102$856_DATA[31:0]$873 [23:16], Q = \mem[742] [23:16]).
Adding EN signal on $memory\mem[742]$8051 ($dff) from module axi_ram (D = $0$memwr$\mem$rtl/axi_ram.v:104$857_DATA[31:0]$876 [31:24], Q = \mem[742] [31:24]).
Adding EN signal on $memory\mem[741]$8049 ($dff) from module axi_ram (D = $0$memwr$\mem$rtl/axi_ram.v:97$854_DATA[31:0]$867 [7:0], Q = \mem[741] [7:0]).
Adding EN signal on $memory\mem[741]$8049 ($dff) from module axi_ram (D = $0$memwr$\mem$rtl/axi_ram.v:100$855_DATA[31:0]$870 [15:8], Q = \mem[741] [15:8]).
Adding EN signal on $memory\mem[741]$8049 ($dff) from module axi_ram (D = $0$memwr$\mem$rtl/axi_ram.v:102$856_DATA[31:0]$873 [23:16], Q = \mem[741] [23:16]).
Adding EN signal on $memory\mem[741]$8049 ($dff) from module axi_ram (D = $0$memwr$\mem$rtl/axi_ram.v:104$857_DATA[31:0]$876 [31:24], Q = \mem[741] [31:24]).
Adding EN signal on $memory\mem[740]$8047 ($dff) from module axi_ram (D = $0$memwr$\mem$rtl/axi_ram.v:97$854_DATA[31:0]$867 [7:0], Q = \mem[740] [7:0]).
Adding EN signal on $memory\mem[740]$8047 ($dff) from module axi_ram (D = $0$memwr$\mem$rtl/axi_ram.v:100$855_DATA[31:0]$870 [15:8], Q = \mem[740] [15:8]).
Adding EN signal on $memory\mem[740]$8047 ($dff) from module axi_ram (D = $0$memwr$\mem$rtl/axi_ram.v:102$856_DATA[31:0]$873 [23:16], Q = \mem[740] [23:16]).
Adding EN signal on $memory\mem[740]$8047 ($dff) from module axi_ram (D = $0$memwr$\mem$rtl/axi_ram.v:104$857_DATA[31:0]$876 [31:24], Q = \mem[740] [31:24]).
Adding EN signal on $memory\mem[73]$6713 ($dff) from module axi_ram (D = $0$memwr$\mem$rtl/axi_ram.v:97$854_DATA[31:0]$867 [7:0], Q = \mem[73] [7:0]).
Adding EN signal on $memory\mem[73]$6713 ($dff) from module axi_ram (D = $0$memwr$\mem$rtl/axi_ram.v:100$855_DATA[31:0]$870 [15:8], Q = \mem[73] [15:8]).
Adding EN signal on $memory\mem[73]$6713 ($dff) from module axi_ram (D = $0$memwr$\mem$rtl/axi_ram.v:102$856_DATA[31:0]$873 [23:16], Q = \mem[73] [23:16]).
Adding EN signal on $memory\mem[73]$6713 ($dff) from module axi_ram (D = $0$memwr$\mem$rtl/axi_ram.v:104$857_DATA[31:0]$876 [31:24], Q = \mem[73] [31:24]).
Adding EN signal on $memory\mem[739]$8045 ($dff) from module axi_ram (D = $0$memwr$\mem$rtl/axi_ram.v:97$854_DATA[31:0]$867 [7:0], Q = \mem[739] [7:0]).
Adding EN signal on $memory\mem[739]$8045 ($dff) from module axi_ram (D = $0$memwr$\mem$rtl/axi_ram.v:100$855_DATA[31:0]$870 [15:8], Q = \mem[739] [15:8]).
Adding EN signal on $memory\mem[739]$8045 ($dff) from module axi_ram (D = $0$memwr$\mem$rtl/axi_ram.v:102$856_DATA[31:0]$873 [23:16], Q = \mem[739] [23:16]).
Adding EN signal on $memory\mem[739]$8045 ($dff) from module axi_ram (D = $0$memwr$\mem$rtl/axi_ram.v:104$857_DATA[31:0]$876 [31:24], Q = \mem[739] [31:24]).
Adding EN signal on $memory\mem[738]$8043 ($dff) from module axi_ram (D = $0$memwr$\mem$rtl/axi_ram.v:97$854_DATA[31:0]$867 [7:0], Q = \mem[738] [7:0]).
Adding EN signal on $memory\mem[738]$8043 ($dff) from module axi_ram (D = $0$memwr$\mem$rtl/axi_ram.v:100$855_DATA[31:0]$870 [15:8], Q = \mem[738] [15:8]).
Adding EN signal on $memory\mem[738]$8043 ($dff) from module axi_ram (D = $0$memwr$\mem$rtl/axi_ram.v:102$856_DATA[31:0]$873 [23:16], Q = \mem[738] [23:16]).
Adding EN signal on $memory\mem[738]$8043 ($dff) from module axi_ram (D = $0$memwr$\mem$rtl/axi_ram.v:104$857_DATA[31:0]$876 [31:24], Q = \mem[738] [31:24]).
Adding EN signal on $memory\mem[737]$8041 ($dff) from module axi_ram (D = $0$memwr$\mem$rtl/axi_ram.v:97$854_DATA[31:0]$867 [7:0], Q = \mem[737] [7:0]).
Adding EN signal on $memory\mem[737]$8041 ($dff) from module axi_ram (D = $0$memwr$\mem$rtl/axi_ram.v:100$855_DATA[31:0]$870 [15:8], Q = \mem[737] [15:8]).
Adding EN signal on $memory\mem[737]$8041 ($dff) from module axi_ram (D = $0$memwr$\mem$rtl/axi_ram.v:102$856_DATA[31:0]$873 [23:16], Q = \mem[737] [23:16]).
Adding EN signal on $memory\mem[737]$8041 ($dff) from module axi_ram (D = $0$memwr$\mem$rtl/axi_ram.v:104$857_DATA[31:0]$876 [31:24], Q = \mem[737] [31:24]).
Adding EN signal on $memory\mem[736]$8039 ($dff) from module axi_ram (D = $0$memwr$\mem$rtl/axi_ram.v:97$854_DATA[31:0]$867 [7:0], Q = \mem[736] [7:0]).
Adding EN signal on $memory\mem[736]$8039 ($dff) from module axi_ram (D = $0$memwr$\mem$rtl/axi_ram.v:100$855_DATA[31:0]$870 [15:8], Q = \mem[736] [15:8]).
Adding EN signal on $memory\mem[736]$8039 ($dff) from module axi_ram (D = $0$memwr$\mem$rtl/axi_ram.v:102$856_DATA[31:0]$873 [23:16], Q = \mem[736] [23:16]).
Adding EN signal on $memory\mem[736]$8039 ($dff) from module axi_ram (D = $0$memwr$\mem$rtl/axi_ram.v:104$857_DATA[31:0]$876 [31:24], Q = \mem[736] [31:24]).
Adding EN signal on $memory\mem[735]$8037 ($dff) from module axi_ram (D = $0$memwr$\mem$rtl/axi_ram.v:97$854_DATA[31:0]$867 [7:0], Q = \mem[735] [7:0]).
Adding EN signal on $memory\mem[735]$8037 ($dff) from module axi_ram (D = $0$memwr$\mem$rtl/axi_ram.v:100$855_DATA[31:0]$870 [15:8], Q = \mem[735] [15:8]).
Adding EN signal on $memory\mem[735]$8037 ($dff) from module axi_ram (D = $0$memwr$\mem$rtl/axi_ram.v:102$856_DATA[31:0]$873 [23:16], Q = \mem[735] [23:16]).
Adding EN signal on $memory\mem[735]$8037 ($dff) from module axi_ram (D = $0$memwr$\mem$rtl/axi_ram.v:104$857_DATA[31:0]$876 [31:24], Q = \mem[735] [31:24]).
Adding EN signal on $memory\mem[734]$8035 ($dff) from module axi_ram (D = $0$memwr$\mem$rtl/axi_ram.v:97$854_DATA[31:0]$867 [7:0], Q = \mem[734] [7:0]).
Adding EN signal on $memory\mem[734]$8035 ($dff) from module axi_ram (D = $0$memwr$\mem$rtl/axi_ram.v:100$855_DATA[31:0]$870 [15:8], Q = \mem[734] [15:8]).
Adding EN signal on $memory\mem[734]$8035 ($dff) from module axi_ram (D = $0$memwr$\mem$rtl/axi_ram.v:102$856_DATA[31:0]$873 [23:16], Q = \mem[734] [23:16]).
Adding EN signal on $memory\mem[734]$8035 ($dff) from module axi_ram (D = $0$memwr$\mem$rtl/axi_ram.v:104$857_DATA[31:0]$876 [31:24], Q = \mem[734] [31:24]).
Adding EN signal on $memory\mem[733]$8033 ($dff) from module axi_ram (D = $0$memwr$\mem$rtl/axi_ram.v:97$854_DATA[31:0]$867 [7:0], Q = \mem[733] [7:0]).
Adding EN signal on $memory\mem[733]$8033 ($dff) from module axi_ram (D = $0$memwr$\mem$rtl/axi_ram.v:100$855_DATA[31:0]$870 [15:8], Q = \mem[733] [15:8]).
Adding EN signal on $memory\mem[733]$8033 ($dff) from module axi_ram (D = $0$memwr$\mem$rtl/axi_ram.v:102$856_DATA[31:0]$873 [23:16], Q = \mem[733] [23:16]).
Adding EN signal on $memory\mem[733]$8033 ($dff) from module axi_ram (D = $0$memwr$\mem$rtl/axi_ram.v:104$857_DATA[31:0]$876 [31:24], Q = \mem[733] [31:24]).
Adding EN signal on $memory\mem[732]$8031 ($dff) from module axi_ram (D = $0$memwr$\mem$rtl/axi_ram.v:97$854_DATA[31:0]$867 [7:0], Q = \mem[732] [7:0]).
Adding EN signal on $memory\mem[732]$8031 ($dff) from module axi_ram (D = $0$memwr$\mem$rtl/axi_ram.v:100$855_DATA[31:0]$870 [15:8], Q = \mem[732] [15:8]).
Adding EN signal on $memory\mem[732]$8031 ($dff) from module axi_ram (D = $0$memwr$\mem$rtl/axi_ram.v:102$856_DATA[31:0]$873 [23:16], Q = \mem[732] [23:16]).
Adding EN signal on $memory\mem[732]$8031 ($dff) from module axi_ram (D = $0$memwr$\mem$rtl/axi_ram.v:104$857_DATA[31:0]$876 [31:24], Q = \mem[732] [31:24]).
Adding EN signal on $memory\mem[731]$8029 ($dff) from module axi_ram (D = $0$memwr$\mem$rtl/axi_ram.v:97$854_DATA[31:0]$867 [7:0], Q = \mem[731] [7:0]).
Adding EN signal on $memory\mem[731]$8029 ($dff) from module axi_ram (D = $0$memwr$\mem$rtl/axi_ram.v:100$855_DATA[31:0]$870 [15:8], Q = \mem[731] [15:8]).
Adding EN signal on $memory\mem[731]$8029 ($dff) from module axi_ram (D = $0$memwr$\mem$rtl/axi_ram.v:102$856_DATA[31:0]$873 [23:16], Q = \mem[731] [23:16]).
Adding EN signal on $memory\mem[731]$8029 ($dff) from module axi_ram (D = $0$memwr$\mem$rtl/axi_ram.v:104$857_DATA[31:0]$876 [31:24], Q = \mem[731] [31:24]).
Adding EN signal on $memory\mem[730]$8027 ($dff) from module axi_ram (D = $0$memwr$\mem$rtl/axi_ram.v:97$854_DATA[31:0]$867 [7:0], Q = \mem[730] [7:0]).
Adding EN signal on $memory\mem[730]$8027 ($dff) from module axi_ram (D = $0$memwr$\mem$rtl/axi_ram.v:100$855_DATA[31:0]$870 [15:8], Q = \mem[730] [15:8]).
Adding EN signal on $memory\mem[730]$8027 ($dff) from module axi_ram (D = $0$memwr$\mem$rtl/axi_ram.v:102$856_DATA[31:0]$873 [23:16], Q = \mem[730] [23:16]).
Adding EN signal on $memory\mem[730]$8027 ($dff) from module axi_ram (D = $0$memwr$\mem$rtl/axi_ram.v:104$857_DATA[31:0]$876 [31:24], Q = \mem[730] [31:24]).
Adding EN signal on $memory\mem[72]$6711 ($dff) from module axi_ram (D = $0$memwr$\mem$rtl/axi_ram.v:97$854_DATA[31:0]$867 [7:0], Q = \mem[72] [7:0]).
Adding EN signal on $memory\mem[72]$6711 ($dff) from module axi_ram (D = $0$memwr$\mem$rtl/axi_ram.v:100$855_DATA[31:0]$870 [15:8], Q = \mem[72] [15:8]).
Adding EN signal on $memory\mem[72]$6711 ($dff) from module axi_ram (D = $0$memwr$\mem$rtl/axi_ram.v:102$856_DATA[31:0]$873 [23:16], Q = \mem[72] [23:16]).
Adding EN signal on $memory\mem[72]$6711 ($dff) from module axi_ram (D = $0$memwr$\mem$rtl/axi_ram.v:104$857_DATA[31:0]$876 [31:24], Q = \mem[72] [31:24]).
Adding EN signal on $memory\mem[729]$8025 ($dff) from module axi_ram (D = $0$memwr$\mem$rtl/axi_ram.v:97$854_DATA[31:0]$867 [7:0], Q = \mem[729] [7:0]).
Adding EN signal on $memory\mem[729]$8025 ($dff) from module axi_ram (D = $0$memwr$\mem$rtl/axi_ram.v:100$855_DATA[31:0]$870 [15:8], Q = \mem[729] [15:8]).
Adding EN signal on $memory\mem[729]$8025 ($dff) from module axi_ram (D = $0$memwr$\mem$rtl/axi_ram.v:102$856_DATA[31:0]$873 [23:16], Q = \mem[729] [23:16]).
Adding EN signal on $memory\mem[729]$8025 ($dff) from module axi_ram (D = $0$memwr$\mem$rtl/axi_ram.v:104$857_DATA[31:0]$876 [31:24], Q = \mem[729] [31:24]).
Adding EN signal on $memory\mem[728]$8023 ($dff) from module axi_ram (D = $0$memwr$\mem$rtl/axi_ram.v:97$854_DATA[31:0]$867 [7:0], Q = \mem[728] [7:0]).
Adding EN signal on $memory\mem[728]$8023 ($dff) from module axi_ram (D = $0$memwr$\mem$rtl/axi_ram.v:100$855_DATA[31:0]$870 [15:8], Q = \mem[728] [15:8]).
Adding EN signal on $memory\mem[728]$8023 ($dff) from module axi_ram (D = $0$memwr$\mem$rtl/axi_ram.v:102$856_DATA[31:0]$873 [23:16], Q = \mem[728] [23:16]).
Adding EN signal on $memory\mem[728]$8023 ($dff) from module axi_ram (D = $0$memwr$\mem$rtl/axi_ram.v:104$857_DATA[31:0]$876 [31:24], Q = \mem[728] [31:24]).
Adding EN signal on $memory\mem[727]$8021 ($dff) from module axi_ram (D = $0$memwr$\mem$rtl/axi_ram.v:97$854_DATA[31:0]$867 [7:0], Q = \mem[727] [7:0]).
Adding EN signal on $memory\mem[727]$8021 ($dff) from module axi_ram (D = $0$memwr$\mem$rtl/axi_ram.v:100$855_DATA[31:0]$870 [15:8], Q = \mem[727] [15:8]).
Adding EN signal on $memory\mem[727]$8021 ($dff) from module axi_ram (D = $0$memwr$\mem$rtl/axi_ram.v:102$856_DATA[31:0]$873 [23:16], Q = \mem[727] [23:16]).
Adding EN signal on $memory\mem[727]$8021 ($dff) from module axi_ram (D = $0$memwr$\mem$rtl/axi_ram.v:104$857_DATA[31:0]$876 [31:24], Q = \mem[727] [31:24]).
Adding EN signal on $memory\mem[726]$8019 ($dff) from module axi_ram (D = $0$memwr$\mem$rtl/axi_ram.v:97$854_DATA[31:0]$867 [7:0], Q = \mem[726] [7:0]).
Adding EN signal on $memory\mem[726]$8019 ($dff) from module axi_ram (D = $0$memwr$\mem$rtl/axi_ram.v:100$855_DATA[31:0]$870 [15:8], Q = \mem[726] [15:8]).
Adding EN signal on $memory\mem[726]$8019 ($dff) from module axi_ram (D = $0$memwr$\mem$rtl/axi_ram.v:102$856_DATA[31:0]$873 [23:16], Q = \mem[726] [23:16]).
Adding EN signal on $memory\mem[726]$8019 ($dff) from module axi_ram (D = $0$memwr$\mem$rtl/axi_ram.v:104$857_DATA[31:0]$876 [31:24], Q = \mem[726] [31:24]).
Adding EN signal on $memory\mem[725]$8017 ($dff) from module axi_ram (D = $0$memwr$\mem$rtl/axi_ram.v:97$854_DATA[31:0]$867 [7:0], Q = \mem[725] [7:0]).
Adding EN signal on $memory\mem[725]$8017 ($dff) from module axi_ram (D = $0$memwr$\mem$rtl/axi_ram.v:100$855_DATA[31:0]$870 [15:8], Q = \mem[725] [15:8]).
Adding EN signal on $memory\mem[725]$8017 ($dff) from module axi_ram (D = $0$memwr$\mem$rtl/axi_ram.v:102$856_DATA[31:0]$873 [23:16], Q = \mem[725] [23:16]).
Adding EN signal on $memory\mem[725]$8017 ($dff) from module axi_ram (D = $0$memwr$\mem$rtl/axi_ram.v:104$857_DATA[31:0]$876 [31:24], Q = \mem[725] [31:24]).
Adding EN signal on $memory\mem[724]$8015 ($dff) from module axi_ram (D = $0$memwr$\mem$rtl/axi_ram.v:97$854_DATA[31:0]$867 [7:0], Q = \mem[724] [7:0]).
Adding EN signal on $memory\mem[724]$8015 ($dff) from module axi_ram (D = $0$memwr$\mem$rtl/axi_ram.v:100$855_DATA[31:0]$870 [15:8], Q = \mem[724] [15:8]).
Adding EN signal on $memory\mem[724]$8015 ($dff) from module axi_ram (D = $0$memwr$\mem$rtl/axi_ram.v:102$856_DATA[31:0]$873 [23:16], Q = \mem[724] [23:16]).
Adding EN signal on $memory\mem[724]$8015 ($dff) from module axi_ram (D = $0$memwr$\mem$rtl/axi_ram.v:104$857_DATA[31:0]$876 [31:24], Q = \mem[724] [31:24]).
Adding EN signal on $memory\mem[723]$8013 ($dff) from module axi_ram (D = $0$memwr$\mem$rtl/axi_ram.v:97$854_DATA[31:0]$867 [7:0], Q = \mem[723] [7:0]).
Adding EN signal on $memory\mem[723]$8013 ($dff) from module axi_ram (D = $0$memwr$\mem$rtl/axi_ram.v:100$855_DATA[31:0]$870 [15:8], Q = \mem[723] [15:8]).
Adding EN signal on $memory\mem[723]$8013 ($dff) from module axi_ram (D = $0$memwr$\mem$rtl/axi_ram.v:102$856_DATA[31:0]$873 [23:16], Q = \mem[723] [23:16]).
Adding EN signal on $memory\mem[723]$8013 ($dff) from module axi_ram (D = $0$memwr$\mem$rtl/axi_ram.v:104$857_DATA[31:0]$876 [31:24], Q = \mem[723] [31:24]).
Adding EN signal on $memory\mem[722]$8011 ($dff) from module axi_ram (D = $0$memwr$\mem$rtl/axi_ram.v:97$854_DATA[31:0]$867 [7:0], Q = \mem[722] [7:0]).
Adding EN signal on $memory\mem[722]$8011 ($dff) from module axi_ram (D = $0$memwr$\mem$rtl/axi_ram.v:100$855_DATA[31:0]$870 [15:8], Q = \mem[722] [15:8]).
Adding EN signal on $memory\mem[722]$8011 ($dff) from module axi_ram (D = $0$memwr$\mem$rtl/axi_ram.v:102$856_DATA[31:0]$873 [23:16], Q = \mem[722] [23:16]).
Adding EN signal on $memory\mem[722]$8011 ($dff) from module axi_ram (D = $0$memwr$\mem$rtl/axi_ram.v:104$857_DATA[31:0]$876 [31:24], Q = \mem[722] [31:24]).
Adding EN signal on $memory\mem[721]$8009 ($dff) from module axi_ram (D = $0$memwr$\mem$rtl/axi_ram.v:97$854_DATA[31:0]$867 [7:0], Q = \mem[721] [7:0]).
Adding EN signal on $memory\mem[721]$8009 ($dff) from module axi_ram (D = $0$memwr$\mem$rtl/axi_ram.v:100$855_DATA[31:0]$870 [15:8], Q = \mem[721] [15:8]).
Adding EN signal on $memory\mem[721]$8009 ($dff) from module axi_ram (D = $0$memwr$\mem$rtl/axi_ram.v:102$856_DATA[31:0]$873 [23:16], Q = \mem[721] [23:16]).
Adding EN signal on $memory\mem[721]$8009 ($dff) from module axi_ram (D = $0$memwr$\mem$rtl/axi_ram.v:104$857_DATA[31:0]$876 [31:24], Q = \mem[721] [31:24]).
Adding EN signal on $memory\mem[720]$8007 ($dff) from module axi_ram (D = $0$memwr$\mem$rtl/axi_ram.v:97$854_DATA[31:0]$867 [7:0], Q = \mem[720] [7:0]).
Adding EN signal on $memory\mem[720]$8007 ($dff) from module axi_ram (D = $0$memwr$\mem$rtl/axi_ram.v:100$855_DATA[31:0]$870 [15:8], Q = \mem[720] [15:8]).
Adding EN signal on $memory\mem[720]$8007 ($dff) from module axi_ram (D = $0$memwr$\mem$rtl/axi_ram.v:102$856_DATA[31:0]$873 [23:16], Q = \mem[720] [23:16]).
Adding EN signal on $memory\mem[720]$8007 ($dff) from module axi_ram (D = $0$memwr$\mem$rtl/axi_ram.v:104$857_DATA[31:0]$876 [31:24], Q = \mem[720] [31:24]).
Adding EN signal on $memory\mem[71]$6709 ($dff) from module axi_ram (D = $0$memwr$\mem$rtl/axi_ram.v:97$854_DATA[31:0]$867 [7:0], Q = \mem[71] [7:0]).
Adding EN signal on $memory\mem[71]$6709 ($dff) from module axi_ram (D = $0$memwr$\mem$rtl/axi_ram.v:100$855_DATA[31:0]$870 [15:8], Q = \mem[71] [15:8]).
Adding EN signal on $memory\mem[71]$6709 ($dff) from module axi_ram (D = $0$memwr$\mem$rtl/axi_ram.v:102$856_DATA[31:0]$873 [23:16], Q = \mem[71] [23:16]).
Adding EN signal on $memory\mem[71]$6709 ($dff) from module axi_ram (D = $0$memwr$\mem$rtl/axi_ram.v:104$857_DATA[31:0]$876 [31:24], Q = \mem[71] [31:24]).
Adding EN signal on $memory\mem[719]$8005 ($dff) from module axi_ram (D = $0$memwr$\mem$rtl/axi_ram.v:97$854_DATA[31:0]$867 [7:0], Q = \mem[719] [7:0]).
Adding EN signal on $memory\mem[719]$8005 ($dff) from module axi_ram (D = $0$memwr$\mem$rtl/axi_ram.v:100$855_DATA[31:0]$870 [15:8], Q = \mem[719] [15:8]).
Adding EN signal on $memory\mem[719]$8005 ($dff) from module axi_ram (D = $0$memwr$\mem$rtl/axi_ram.v:102$856_DATA[31:0]$873 [23:16], Q = \mem[719] [23:16]).
Adding EN signal on $memory\mem[719]$8005 ($dff) from module axi_ram (D = $0$memwr$\mem$rtl/axi_ram.v:104$857_DATA[31:0]$876 [31:24], Q = \mem[719] [31:24]).
Adding EN signal on $memory\mem[718]$8003 ($dff) from module axi_ram (D = $0$memwr$\mem$rtl/axi_ram.v:97$854_DATA[31:0]$867 [7:0], Q = \mem[718] [7:0]).
Adding EN signal on $memory\mem[718]$8003 ($dff) from module axi_ram (D = $0$memwr$\mem$rtl/axi_ram.v:100$855_DATA[31:0]$870 [15:8], Q = \mem[718] [15:8]).
Adding EN signal on $memory\mem[718]$8003 ($dff) from module axi_ram (D = $0$memwr$\mem$rtl/axi_ram.v:102$856_DATA[31:0]$873 [23:16], Q = \mem[718] [23:16]).
Adding EN signal on $memory\mem[718]$8003 ($dff) from module axi_ram (D = $0$memwr$\mem$rtl/axi_ram.v:104$857_DATA[31:0]$876 [31:24], Q = \mem[718] [31:24]).
Adding EN signal on $memory\mem[717]$8001 ($dff) from module axi_ram (D = $0$memwr$\mem$rtl/axi_ram.v:97$854_DATA[31:0]$867 [7:0], Q = \mem[717] [7:0]).
Adding EN signal on $memory\mem[717]$8001 ($dff) from module axi_ram (D = $0$memwr$\mem$rtl/axi_ram.v:100$855_DATA[31:0]$870 [15:8], Q = \mem[717] [15:8]).
Adding EN signal on $memory\mem[717]$8001 ($dff) from module axi_ram (D = $0$memwr$\mem$rtl/axi_ram.v:102$856_DATA[31:0]$873 [23:16], Q = \mem[717] [23:16]).
Adding EN signal on $memory\mem[717]$8001 ($dff) from module axi_ram (D = $0$memwr$\mem$rtl/axi_ram.v:104$857_DATA[31:0]$876 [31:24], Q = \mem[717] [31:24]).
Adding EN signal on $memory\mem[716]$7999 ($dff) from module axi_ram (D = $0$memwr$\mem$rtl/axi_ram.v:97$854_DATA[31:0]$867 [7:0], Q = \mem[716] [7:0]).
Adding EN signal on $memory\mem[716]$7999 ($dff) from module axi_ram (D = $0$memwr$\mem$rtl/axi_ram.v:100$855_DATA[31:0]$870 [15:8], Q = \mem[716] [15:8]).
Adding EN signal on $memory\mem[716]$7999 ($dff) from module axi_ram (D = $0$memwr$\mem$rtl/axi_ram.v:102$856_DATA[31:0]$873 [23:16], Q = \mem[716] [23:16]).
Adding EN signal on $memory\mem[716]$7999 ($dff) from module axi_ram (D = $0$memwr$\mem$rtl/axi_ram.v:104$857_DATA[31:0]$876 [31:24], Q = \mem[716] [31:24]).
Adding EN signal on $memory\mem[715]$7997 ($dff) from module axi_ram (D = $0$memwr$\mem$rtl/axi_ram.v:97$854_DATA[31:0]$867 [7:0], Q = \mem[715] [7:0]).
Adding EN signal on $memory\mem[715]$7997 ($dff) from module axi_ram (D = $0$memwr$\mem$rtl/axi_ram.v:100$855_DATA[31:0]$870 [15:8], Q = \mem[715] [15:8]).
Adding EN signal on $memory\mem[715]$7997 ($dff) from module axi_ram (D = $0$memwr$\mem$rtl/axi_ram.v:102$856_DATA[31:0]$873 [23:16], Q = \mem[715] [23:16]).
Adding EN signal on $memory\mem[715]$7997 ($dff) from module axi_ram (D = $0$memwr$\mem$rtl/axi_ram.v:104$857_DATA[31:0]$876 [31:24], Q = \mem[715] [31:24]).
Adding EN signal on $memory\mem[714]$7995 ($dff) from module axi_ram (D = $0$memwr$\mem$rtl/axi_ram.v:97$854_DATA[31:0]$867 [7:0], Q = \mem[714] [7:0]).
Adding EN signal on $memory\mem[714]$7995 ($dff) from module axi_ram (D = $0$memwr$\mem$rtl/axi_ram.v:100$855_DATA[31:0]$870 [15:8], Q = \mem[714] [15:8]).
Adding EN signal on $memory\mem[714]$7995 ($dff) from module axi_ram (D = $0$memwr$\mem$rtl/axi_ram.v:102$856_DATA[31:0]$873 [23:16], Q = \mem[714] [23:16]).
Adding EN signal on $memory\mem[714]$7995 ($dff) from module axi_ram (D = $0$memwr$\mem$rtl/axi_ram.v:104$857_DATA[31:0]$876 [31:24], Q = \mem[714] [31:24]).
Adding EN signal on $memory\mem[713]$7993 ($dff) from module axi_ram (D = $0$memwr$\mem$rtl/axi_ram.v:97$854_DATA[31:0]$867 [7:0], Q = \mem[713] [7:0]).
Adding EN signal on $memory\mem[713]$7993 ($dff) from module axi_ram (D = $0$memwr$\mem$rtl/axi_ram.v:100$855_DATA[31:0]$870 [15:8], Q = \mem[713] [15:8]).
Adding EN signal on $memory\mem[713]$7993 ($dff) from module axi_ram (D = $0$memwr$\mem$rtl/axi_ram.v:102$856_DATA[31:0]$873 [23:16], Q = \mem[713] [23:16]).
Adding EN signal on $memory\mem[713]$7993 ($dff) from module axi_ram (D = $0$memwr$\mem$rtl/axi_ram.v:104$857_DATA[31:0]$876 [31:24], Q = \mem[713] [31:24]).
Adding EN signal on $memory\mem[712]$7991 ($dff) from module axi_ram (D = $0$memwr$\mem$rtl/axi_ram.v:97$854_DATA[31:0]$867 [7:0], Q = \mem[712] [7:0]).
Adding EN signal on $memory\mem[712]$7991 ($dff) from module axi_ram (D = $0$memwr$\mem$rtl/axi_ram.v:100$855_DATA[31:0]$870 [15:8], Q = \mem[712] [15:8]).
Adding EN signal on $memory\mem[712]$7991 ($dff) from module axi_ram (D = $0$memwr$\mem$rtl/axi_ram.v:102$856_DATA[31:0]$873 [23:16], Q = \mem[712] [23:16]).
Adding EN signal on $memory\mem[712]$7991 ($dff) from module axi_ram (D = $0$memwr$\mem$rtl/axi_ram.v:104$857_DATA[31:0]$876 [31:24], Q = \mem[712] [31:24]).
Adding EN signal on $memory\mem[711]$7989 ($dff) from module axi_ram (D = $0$memwr$\mem$rtl/axi_ram.v:97$854_DATA[31:0]$867 [7:0], Q = \mem[711] [7:0]).
Adding EN signal on $memory\mem[711]$7989 ($dff) from module axi_ram (D = $0$memwr$\mem$rtl/axi_ram.v:100$855_DATA[31:0]$870 [15:8], Q = \mem[711] [15:8]).
Adding EN signal on $memory\mem[711]$7989 ($dff) from module axi_ram (D = $0$memwr$\mem$rtl/axi_ram.v:102$856_DATA[31:0]$873 [23:16], Q = \mem[711] [23:16]).
Adding EN signal on $memory\mem[711]$7989 ($dff) from module axi_ram (D = $0$memwr$\mem$rtl/axi_ram.v:104$857_DATA[31:0]$876 [31:24], Q = \mem[711] [31:24]).
Adding EN signal on $memory\mem[710]$7987 ($dff) from module axi_ram (D = $0$memwr$\mem$rtl/axi_ram.v:97$854_DATA[31:0]$867 [7:0], Q = \mem[710] [7:0]).
Adding EN signal on $memory\mem[710]$7987 ($dff) from module axi_ram (D = $0$memwr$\mem$rtl/axi_ram.v:100$855_DATA[31:0]$870 [15:8], Q = \mem[710] [15:8]).
Adding EN signal on $memory\mem[710]$7987 ($dff) from module axi_ram (D = $0$memwr$\mem$rtl/axi_ram.v:102$856_DATA[31:0]$873 [23:16], Q = \mem[710] [23:16]).
Adding EN signal on $memory\mem[710]$7987 ($dff) from module axi_ram (D = $0$memwr$\mem$rtl/axi_ram.v:104$857_DATA[31:0]$876 [31:24], Q = \mem[710] [31:24]).
Adding EN signal on $memory\mem[70]$6707 ($dff) from module axi_ram (D = $0$memwr$\mem$rtl/axi_ram.v:97$854_DATA[31:0]$867 [7:0], Q = \mem[70] [7:0]).
Adding EN signal on $memory\mem[70]$6707 ($dff) from module axi_ram (D = $0$memwr$\mem$rtl/axi_ram.v:100$855_DATA[31:0]$870 [15:8], Q = \mem[70] [15:8]).
Adding EN signal on $memory\mem[70]$6707 ($dff) from module axi_ram (D = $0$memwr$\mem$rtl/axi_ram.v:102$856_DATA[31:0]$873 [23:16], Q = \mem[70] [23:16]).
Adding EN signal on $memory\mem[70]$6707 ($dff) from module axi_ram (D = $0$memwr$\mem$rtl/axi_ram.v:104$857_DATA[31:0]$876 [31:24], Q = \mem[70] [31:24]).
Adding EN signal on $memory\mem[709]$7985 ($dff) from module axi_ram (D = $0$memwr$\mem$rtl/axi_ram.v:97$854_DATA[31:0]$867 [7:0], Q = \mem[709] [7:0]).
Adding EN signal on $memory\mem[709]$7985 ($dff) from module axi_ram (D = $0$memwr$\mem$rtl/axi_ram.v:100$855_DATA[31:0]$870 [15:8], Q = \mem[709] [15:8]).
Adding EN signal on $memory\mem[709]$7985 ($dff) from module axi_ram (D = $0$memwr$\mem$rtl/axi_ram.v:102$856_DATA[31:0]$873 [23:16], Q = \mem[709] [23:16]).
Adding EN signal on $memory\mem[709]$7985 ($dff) from module axi_ram (D = $0$memwr$\mem$rtl/axi_ram.v:104$857_DATA[31:0]$876 [31:24], Q = \mem[709] [31:24]).
Adding EN signal on $memory\mem[708]$7983 ($dff) from module axi_ram (D = $0$memwr$\mem$rtl/axi_ram.v:97$854_DATA[31:0]$867 [7:0], Q = \mem[708] [7:0]).
Adding EN signal on $memory\mem[708]$7983 ($dff) from module axi_ram (D = $0$memwr$\mem$rtl/axi_ram.v:100$855_DATA[31:0]$870 [15:8], Q = \mem[708] [15:8]).
Adding EN signal on $memory\mem[708]$7983 ($dff) from module axi_ram (D = $0$memwr$\mem$rtl/axi_ram.v:102$856_DATA[31:0]$873 [23:16], Q = \mem[708] [23:16]).
Adding EN signal on $memory\mem[708]$7983 ($dff) from module axi_ram (D = $0$memwr$\mem$rtl/axi_ram.v:104$857_DATA[31:0]$876 [31:24], Q = \mem[708] [31:24]).
Adding EN signal on $memory\mem[707]$7981 ($dff) from module axi_ram (D = $0$memwr$\mem$rtl/axi_ram.v:97$854_DATA[31:0]$867 [7:0], Q = \mem[707] [7:0]).
Adding EN signal on $memory\mem[707]$7981 ($dff) from module axi_ram (D = $0$memwr$\mem$rtl/axi_ram.v:100$855_DATA[31:0]$870 [15:8], Q = \mem[707] [15:8]).
Adding EN signal on $memory\mem[707]$7981 ($dff) from module axi_ram (D = $0$memwr$\mem$rtl/axi_ram.v:102$856_DATA[31:0]$873 [23:16], Q = \mem[707] [23:16]).
Adding EN signal on $memory\mem[707]$7981 ($dff) from module axi_ram (D = $0$memwr$\mem$rtl/axi_ram.v:104$857_DATA[31:0]$876 [31:24], Q = \mem[707] [31:24]).
Adding EN signal on $memory\mem[706]$7979 ($dff) from module axi_ram (D = $0$memwr$\mem$rtl/axi_ram.v:97$854_DATA[31:0]$867 [7:0], Q = \mem[706] [7:0]).
Adding EN signal on $memory\mem[706]$7979 ($dff) from module axi_ram (D = $0$memwr$\mem$rtl/axi_ram.v:100$855_DATA[31:0]$870 [15:8], Q = \mem[706] [15:8]).
Adding EN signal on $memory\mem[706]$7979 ($dff) from module axi_ram (D = $0$memwr$\mem$rtl/axi_ram.v:102$856_DATA[31:0]$873 [23:16], Q = \mem[706] [23:16]).
Adding EN signal on $memory\mem[706]$7979 ($dff) from module axi_ram (D = $0$memwr$\mem$rtl/axi_ram.v:104$857_DATA[31:0]$876 [31:24], Q = \mem[706] [31:24]).
Adding EN signal on $memory\mem[705]$7977 ($dff) from module axi_ram (D = $0$memwr$\mem$rtl/axi_ram.v:97$854_DATA[31:0]$867 [7:0], Q = \mem[705] [7:0]).
Adding EN signal on $memory\mem[705]$7977 ($dff) from module axi_ram (D = $0$memwr$\mem$rtl/axi_ram.v:100$855_DATA[31:0]$870 [15:8], Q = \mem[705] [15:8]).
Adding EN signal on $memory\mem[705]$7977 ($dff) from module axi_ram (D = $0$memwr$\mem$rtl/axi_ram.v:102$856_DATA[31:0]$873 [23:16], Q = \mem[705] [23:16]).
Adding EN signal on $memory\mem[705]$7977 ($dff) from module axi_ram (D = $0$memwr$\mem$rtl/axi_ram.v:104$857_DATA[31:0]$876 [31:24], Q = \mem[705] [31:24]).
Adding EN signal on $memory\mem[704]$7975 ($dff) from module axi_ram (D = $0$memwr$\mem$rtl/axi_ram.v:97$854_DATA[31:0]$867 [7:0], Q = \mem[704] [7:0]).
Adding EN signal on $memory\mem[704]$7975 ($dff) from module axi_ram (D = $0$memwr$\mem$rtl/axi_ram.v:100$855_DATA[31:0]$870 [15:8], Q = \mem[704] [15:8]).
Adding EN signal on $memory\mem[704]$7975 ($dff) from module axi_ram (D = $0$memwr$\mem$rtl/axi_ram.v:102$856_DATA[31:0]$873 [23:16], Q = \mem[704] [23:16]).
Adding EN signal on $memory\mem[704]$7975 ($dff) from module axi_ram (D = $0$memwr$\mem$rtl/axi_ram.v:104$857_DATA[31:0]$876 [31:24], Q = \mem[704] [31:24]).
Adding EN signal on $memory\mem[703]$7973 ($dff) from module axi_ram (D = $0$memwr$\mem$rtl/axi_ram.v:97$854_DATA[31:0]$867 [7:0], Q = \mem[703] [7:0]).
Adding EN signal on $memory\mem[703]$7973 ($dff) from module axi_ram (D = $0$memwr$\mem$rtl/axi_ram.v:100$855_DATA[31:0]$870 [15:8], Q = \mem[703] [15:8]).
Adding EN signal on $memory\mem[703]$7973 ($dff) from module axi_ram (D = $0$memwr$\mem$rtl/axi_ram.v:102$856_DATA[31:0]$873 [23:16], Q = \mem[703] [23:16]).
Adding EN signal on $memory\mem[703]$7973 ($dff) from module axi_ram (D = $0$memwr$\mem$rtl/axi_ram.v:104$857_DATA[31:0]$876 [31:24], Q = \mem[703] [31:24]).
Adding EN signal on $memory\mem[702]$7971 ($dff) from module axi_ram (D = $0$memwr$\mem$rtl/axi_ram.v:97$854_DATA[31:0]$867 [7:0], Q = \mem[702] [7:0]).
Adding EN signal on $memory\mem[702]$7971 ($dff) from module axi_ram (D = $0$memwr$\mem$rtl/axi_ram.v:100$855_DATA[31:0]$870 [15:8], Q = \mem[702] [15:8]).
Adding EN signal on $memory\mem[702]$7971 ($dff) from module axi_ram (D = $0$memwr$\mem$rtl/axi_ram.v:102$856_DATA[31:0]$873 [23:16], Q = \mem[702] [23:16]).
Adding EN signal on $memory\mem[702]$7971 ($dff) from module axi_ram (D = $0$memwr$\mem$rtl/axi_ram.v:104$857_DATA[31:0]$876 [31:24], Q = \mem[702] [31:24]).
Adding EN signal on $memory\mem[701]$7969 ($dff) from module axi_ram (D = $0$memwr$\mem$rtl/axi_ram.v:97$854_DATA[31:0]$867 [7:0], Q = \mem[701] [7:0]).
Adding EN signal on $memory\mem[701]$7969 ($dff) from module axi_ram (D = $0$memwr$\mem$rtl/axi_ram.v:100$855_DATA[31:0]$870 [15:8], Q = \mem[701] [15:8]).
Adding EN signal on $memory\mem[701]$7969 ($dff) from module axi_ram (D = $0$memwr$\mem$rtl/axi_ram.v:102$856_DATA[31:0]$873 [23:16], Q = \mem[701] [23:16]).
Adding EN signal on $memory\mem[701]$7969 ($dff) from module axi_ram (D = $0$memwr$\mem$rtl/axi_ram.v:104$857_DATA[31:0]$876 [31:24], Q = \mem[701] [31:24]).
Adding EN signal on $memory\mem[700]$7967 ($dff) from module axi_ram (D = $0$memwr$\mem$rtl/axi_ram.v:97$854_DATA[31:0]$867 [7:0], Q = \mem[700] [7:0]).
Adding EN signal on $memory\mem[700]$7967 ($dff) from module axi_ram (D = $0$memwr$\mem$rtl/axi_ram.v:100$855_DATA[31:0]$870 [15:8], Q = \mem[700] [15:8]).
Adding EN signal on $memory\mem[700]$7967 ($dff) from module axi_ram (D = $0$memwr$\mem$rtl/axi_ram.v:102$856_DATA[31:0]$873 [23:16], Q = \mem[700] [23:16]).
Adding EN signal on $memory\mem[700]$7967 ($dff) from module axi_ram (D = $0$memwr$\mem$rtl/axi_ram.v:104$857_DATA[31:0]$876 [31:24], Q = \mem[700] [31:24]).
Adding EN signal on $memory\mem[6]$6579 ($dff) from module axi_ram (D = $0$memwr$\mem$rtl/axi_ram.v:97$854_DATA[31:0]$867 [7:0], Q = \mem[6] [7:0]).
Adding EN signal on $memory\mem[6]$6579 ($dff) from module axi_ram (D = $0$memwr$\mem$rtl/axi_ram.v:100$855_DATA[31:0]$870 [15:8], Q = \mem[6] [15:8]).
Adding EN signal on $memory\mem[6]$6579 ($dff) from module axi_ram (D = $0$memwr$\mem$rtl/axi_ram.v:102$856_DATA[31:0]$873 [23:16], Q = \mem[6] [23:16]).
Adding EN signal on $memory\mem[6]$6579 ($dff) from module axi_ram (D = $0$memwr$\mem$rtl/axi_ram.v:104$857_DATA[31:0]$876 [31:24], Q = \mem[6] [31:24]).
Adding EN signal on $memory\mem[69]$6705 ($dff) from module axi_ram (D = $0$memwr$\mem$rtl/axi_ram.v:97$854_DATA[31:0]$867 [7:0], Q = \mem[69] [7:0]).
Adding EN signal on $memory\mem[69]$6705 ($dff) from module axi_ram (D = $0$memwr$\mem$rtl/axi_ram.v:100$855_DATA[31:0]$870 [15:8], Q = \mem[69] [15:8]).
Adding EN signal on $memory\mem[69]$6705 ($dff) from module axi_ram (D = $0$memwr$\mem$rtl/axi_ram.v:102$856_DATA[31:0]$873 [23:16], Q = \mem[69] [23:16]).
Adding EN signal on $memory\mem[69]$6705 ($dff) from module axi_ram (D = $0$memwr$\mem$rtl/axi_ram.v:104$857_DATA[31:0]$876 [31:24], Q = \mem[69] [31:24]).
Adding EN signal on $memory\mem[699]$7965 ($dff) from module axi_ram (D = $0$memwr$\mem$rtl/axi_ram.v:97$854_DATA[31:0]$867 [7:0], Q = \mem[699] [7:0]).
Adding EN signal on $memory\mem[699]$7965 ($dff) from module axi_ram (D = $0$memwr$\mem$rtl/axi_ram.v:100$855_DATA[31:0]$870 [15:8], Q = \mem[699] [15:8]).
Adding EN signal on $memory\mem[699]$7965 ($dff) from module axi_ram (D = $0$memwr$\mem$rtl/axi_ram.v:102$856_DATA[31:0]$873 [23:16], Q = \mem[699] [23:16]).
Adding EN signal on $memory\mem[699]$7965 ($dff) from module axi_ram (D = $0$memwr$\mem$rtl/axi_ram.v:104$857_DATA[31:0]$876 [31:24], Q = \mem[699] [31:24]).
Adding EN signal on $memory\mem[698]$7963 ($dff) from module axi_ram (D = $0$memwr$\mem$rtl/axi_ram.v:97$854_DATA[31:0]$867 [7:0], Q = \mem[698] [7:0]).
Adding EN signal on $memory\mem[698]$7963 ($dff) from module axi_ram (D = $0$memwr$\mem$rtl/axi_ram.v:100$855_DATA[31:0]$870 [15:8], Q = \mem[698] [15:8]).
Adding EN signal on $memory\mem[698]$7963 ($dff) from module axi_ram (D = $0$memwr$\mem$rtl/axi_ram.v:102$856_DATA[31:0]$873 [23:16], Q = \mem[698] [23:16]).
Adding EN signal on $memory\mem[698]$7963 ($dff) from module axi_ram (D = $0$memwr$\mem$rtl/axi_ram.v:104$857_DATA[31:0]$876 [31:24], Q = \mem[698] [31:24]).
Adding EN signal on $memory\mem[697]$7961 ($dff) from module axi_ram (D = $0$memwr$\mem$rtl/axi_ram.v:97$854_DATA[31:0]$867 [7:0], Q = \mem[697] [7:0]).
Adding EN signal on $memory\mem[697]$7961 ($dff) from module axi_ram (D = $0$memwr$\mem$rtl/axi_ram.v:100$855_DATA[31:0]$870 [15:8], Q = \mem[697] [15:8]).
Adding EN signal on $memory\mem[697]$7961 ($dff) from module axi_ram (D = $0$memwr$\mem$rtl/axi_ram.v:102$856_DATA[31:0]$873 [23:16], Q = \mem[697] [23:16]).
Adding EN signal on $memory\mem[697]$7961 ($dff) from module axi_ram (D = $0$memwr$\mem$rtl/axi_ram.v:104$857_DATA[31:0]$876 [31:24], Q = \mem[697] [31:24]).
Adding EN signal on $memory\mem[696]$7959 ($dff) from module axi_ram (D = $0$memwr$\mem$rtl/axi_ram.v:97$854_DATA[31:0]$867 [7:0], Q = \mem[696] [7:0]).
Adding EN signal on $memory\mem[696]$7959 ($dff) from module axi_ram (D = $0$memwr$\mem$rtl/axi_ram.v:100$855_DATA[31:0]$870 [15:8], Q = \mem[696] [15:8]).
Adding EN signal on $memory\mem[696]$7959 ($dff) from module axi_ram (D = $0$memwr$\mem$rtl/axi_ram.v:102$856_DATA[31:0]$873 [23:16], Q = \mem[696] [23:16]).
Adding EN signal on $memory\mem[696]$7959 ($dff) from module axi_ram (D = $0$memwr$\mem$rtl/axi_ram.v:104$857_DATA[31:0]$876 [31:24], Q = \mem[696] [31:24]).
Adding EN signal on $memory\mem[695]$7957 ($dff) from module axi_ram (D = $0$memwr$\mem$rtl/axi_ram.v:97$854_DATA[31:0]$867 [7:0], Q = \mem[695] [7:0]).
Adding EN signal on $memory\mem[695]$7957 ($dff) from module axi_ram (D = $0$memwr$\mem$rtl/axi_ram.v:100$855_DATA[31:0]$870 [15:8], Q = \mem[695] [15:8]).
Adding EN signal on $memory\mem[695]$7957 ($dff) from module axi_ram (D = $0$memwr$\mem$rtl/axi_ram.v:102$856_DATA[31:0]$873 [23:16], Q = \mem[695] [23:16]).
Adding EN signal on $memory\mem[695]$7957 ($dff) from module axi_ram (D = $0$memwr$\mem$rtl/axi_ram.v:104$857_DATA[31:0]$876 [31:24], Q = \mem[695] [31:24]).
Adding EN signal on $memory\mem[694]$7955 ($dff) from module axi_ram (D = $0$memwr$\mem$rtl/axi_ram.v:97$854_DATA[31:0]$867 [7:0], Q = \mem[694] [7:0]).
Adding EN signal on $memory\mem[694]$7955 ($dff) from module axi_ram (D = $0$memwr$\mem$rtl/axi_ram.v:100$855_DATA[31:0]$870 [15:8], Q = \mem[694] [15:8]).
Adding EN signal on $memory\mem[694]$7955 ($dff) from module axi_ram (D = $0$memwr$\mem$rtl/axi_ram.v:102$856_DATA[31:0]$873 [23:16], Q = \mem[694] [23:16]).
Adding EN signal on $memory\mem[694]$7955 ($dff) from module axi_ram (D = $0$memwr$\mem$rtl/axi_ram.v:104$857_DATA[31:0]$876 [31:24], Q = \mem[694] [31:24]).
Adding EN signal on $memory\mem[693]$7953 ($dff) from module axi_ram (D = $0$memwr$\mem$rtl/axi_ram.v:97$854_DATA[31:0]$867 [7:0], Q = \mem[693] [7:0]).
Adding EN signal on $memory\mem[693]$7953 ($dff) from module axi_ram (D = $0$memwr$\mem$rtl/axi_ram.v:100$855_DATA[31:0]$870 [15:8], Q = \mem[693] [15:8]).
Adding EN signal on $memory\mem[693]$7953 ($dff) from module axi_ram (D = $0$memwr$\mem$rtl/axi_ram.v:102$856_DATA[31:0]$873 [23:16], Q = \mem[693] [23:16]).
Adding EN signal on $memory\mem[693]$7953 ($dff) from module axi_ram (D = $0$memwr$\mem$rtl/axi_ram.v:104$857_DATA[31:0]$876 [31:24], Q = \mem[693] [31:24]).
Adding EN signal on $memory\mem[692]$7951 ($dff) from module axi_ram (D = $0$memwr$\mem$rtl/axi_ram.v:97$854_DATA[31:0]$867 [7:0], Q = \mem[692] [7:0]).
Adding EN signal on $memory\mem[692]$7951 ($dff) from module axi_ram (D = $0$memwr$\mem$rtl/axi_ram.v:100$855_DATA[31:0]$870 [15:8], Q = \mem[692] [15:8]).
Adding EN signal on $memory\mem[692]$7951 ($dff) from module axi_ram (D = $0$memwr$\mem$rtl/axi_ram.v:102$856_DATA[31:0]$873 [23:16], Q = \mem[692] [23:16]).
Adding EN signal on $memory\mem[692]$7951 ($dff) from module axi_ram (D = $0$memwr$\mem$rtl/axi_ram.v:104$857_DATA[31:0]$876 [31:24], Q = \mem[692] [31:24]).
Adding EN signal on $memory\mem[691]$7949 ($dff) from module axi_ram (D = $0$memwr$\mem$rtl/axi_ram.v:97$854_DATA[31:0]$867 [7:0], Q = \mem[691] [7:0]).
Adding EN signal on $memory\mem[691]$7949 ($dff) from module axi_ram (D = $0$memwr$\mem$rtl/axi_ram.v:100$855_DATA[31:0]$870 [15:8], Q = \mem[691] [15:8]).
Adding EN signal on $memory\mem[691]$7949 ($dff) from module axi_ram (D = $0$memwr$\mem$rtl/axi_ram.v:102$856_DATA[31:0]$873 [23:16], Q = \mem[691] [23:16]).
Adding EN signal on $memory\mem[691]$7949 ($dff) from module axi_ram (D = $0$memwr$\mem$rtl/axi_ram.v:104$857_DATA[31:0]$876 [31:24], Q = \mem[691] [31:24]).
Adding EN signal on $memory\mem[690]$7947 ($dff) from module axi_ram (D = $0$memwr$\mem$rtl/axi_ram.v:97$854_DATA[31:0]$867 [7:0], Q = \mem[690] [7:0]).
Adding EN signal on $memory\mem[690]$7947 ($dff) from module axi_ram (D = $0$memwr$\mem$rtl/axi_ram.v:100$855_DATA[31:0]$870 [15:8], Q = \mem[690] [15:8]).
Adding EN signal on $memory\mem[690]$7947 ($dff) from module axi_ram (D = $0$memwr$\mem$rtl/axi_ram.v:102$856_DATA[31:0]$873 [23:16], Q = \mem[690] [23:16]).
Adding EN signal on $memory\mem[690]$7947 ($dff) from module axi_ram (D = $0$memwr$\mem$rtl/axi_ram.v:104$857_DATA[31:0]$876 [31:24], Q = \mem[690] [31:24]).
Adding EN signal on $memory\mem[68]$6703 ($dff) from module axi_ram (D = $0$memwr$\mem$rtl/axi_ram.v:97$854_DATA[31:0]$867 [7:0], Q = \mem[68] [7:0]).
Adding EN signal on $memory\mem[68]$6703 ($dff) from module axi_ram (D = $0$memwr$\mem$rtl/axi_ram.v:100$855_DATA[31:0]$870 [15:8], Q = \mem[68] [15:8]).
Adding EN signal on $memory\mem[68]$6703 ($dff) from module axi_ram (D = $0$memwr$\mem$rtl/axi_ram.v:102$856_DATA[31:0]$873 [23:16], Q = \mem[68] [23:16]).
Adding EN signal on $memory\mem[68]$6703 ($dff) from module axi_ram (D = $0$memwr$\mem$rtl/axi_ram.v:104$857_DATA[31:0]$876 [31:24], Q = \mem[68] [31:24]).
Adding EN signal on $memory\mem[689]$7945 ($dff) from module axi_ram (D = $0$memwr$\mem$rtl/axi_ram.v:97$854_DATA[31:0]$867 [7:0], Q = \mem[689] [7:0]).
Adding EN signal on $memory\mem[689]$7945 ($dff) from module axi_ram (D = $0$memwr$\mem$rtl/axi_ram.v:100$855_DATA[31:0]$870 [15:8], Q = \mem[689] [15:8]).
Adding EN signal on $memory\mem[689]$7945 ($dff) from module axi_ram (D = $0$memwr$\mem$rtl/axi_ram.v:102$856_DATA[31:0]$873 [23:16], Q = \mem[689] [23:16]).
Adding EN signal on $memory\mem[689]$7945 ($dff) from module axi_ram (D = $0$memwr$\mem$rtl/axi_ram.v:104$857_DATA[31:0]$876 [31:24], Q = \mem[689] [31:24]).
Adding EN signal on $memory\mem[688]$7943 ($dff) from module axi_ram (D = $0$memwr$\mem$rtl/axi_ram.v:97$854_DATA[31:0]$867 [7:0], Q = \mem[688] [7:0]).
Adding EN signal on $memory\mem[688]$7943 ($dff) from module axi_ram (D = $0$memwr$\mem$rtl/axi_ram.v:100$855_DATA[31:0]$870 [15:8], Q = \mem[688] [15:8]).
Adding EN signal on $memory\mem[688]$7943 ($dff) from module axi_ram (D = $0$memwr$\mem$rtl/axi_ram.v:102$856_DATA[31:0]$873 [23:16], Q = \mem[688] [23:16]).
Adding EN signal on $memory\mem[688]$7943 ($dff) from module axi_ram (D = $0$memwr$\mem$rtl/axi_ram.v:104$857_DATA[31:0]$876 [31:24], Q = \mem[688] [31:24]).
Adding EN signal on $memory\mem[687]$7941 ($dff) from module axi_ram (D = $0$memwr$\mem$rtl/axi_ram.v:97$854_DATA[31:0]$867 [7:0], Q = \mem[687] [7:0]).
Adding EN signal on $memory\mem[687]$7941 ($dff) from module axi_ram (D = $0$memwr$\mem$rtl/axi_ram.v:100$855_DATA[31:0]$870 [15:8], Q = \mem[687] [15:8]).
Adding EN signal on $memory\mem[687]$7941 ($dff) from module axi_ram (D = $0$memwr$\mem$rtl/axi_ram.v:102$856_DATA[31:0]$873 [23:16], Q = \mem[687] [23:16]).
Adding EN signal on $memory\mem[687]$7941 ($dff) from module axi_ram (D = $0$memwr$\mem$rtl/axi_ram.v:104$857_DATA[31:0]$876 [31:24], Q = \mem[687] [31:24]).
Adding EN signal on $memory\mem[686]$7939 ($dff) from module axi_ram (D = $0$memwr$\mem$rtl/axi_ram.v:97$854_DATA[31:0]$867 [7:0], Q = \mem[686] [7:0]).
Adding EN signal on $memory\mem[686]$7939 ($dff) from module axi_ram (D = $0$memwr$\mem$rtl/axi_ram.v:100$855_DATA[31:0]$870 [15:8], Q = \mem[686] [15:8]).
Adding EN signal on $memory\mem[686]$7939 ($dff) from module axi_ram (D = $0$memwr$\mem$rtl/axi_ram.v:102$856_DATA[31:0]$873 [23:16], Q = \mem[686] [23:16]).
Adding EN signal on $memory\mem[686]$7939 ($dff) from module axi_ram (D = $0$memwr$\mem$rtl/axi_ram.v:104$857_DATA[31:0]$876 [31:24], Q = \mem[686] [31:24]).
Adding EN signal on $memory\mem[685]$7937 ($dff) from module axi_ram (D = $0$memwr$\mem$rtl/axi_ram.v:97$854_DATA[31:0]$867 [7:0], Q = \mem[685] [7:0]).
Adding EN signal on $memory\mem[685]$7937 ($dff) from module axi_ram (D = $0$memwr$\mem$rtl/axi_ram.v:100$855_DATA[31:0]$870 [15:8], Q = \mem[685] [15:8]).
Adding EN signal on $memory\mem[685]$7937 ($dff) from module axi_ram (D = $0$memwr$\mem$rtl/axi_ram.v:102$856_DATA[31:0]$873 [23:16], Q = \mem[685] [23:16]).
Adding EN signal on $memory\mem[685]$7937 ($dff) from module axi_ram (D = $0$memwr$\mem$rtl/axi_ram.v:104$857_DATA[31:0]$876 [31:24], Q = \mem[685] [31:24]).
Adding EN signal on $memory\mem[684]$7935 ($dff) from module axi_ram (D = $0$memwr$\mem$rtl/axi_ram.v:97$854_DATA[31:0]$867 [7:0], Q = \mem[684] [7:0]).
Adding EN signal on $memory\mem[684]$7935 ($dff) from module axi_ram (D = $0$memwr$\mem$rtl/axi_ram.v:100$855_DATA[31:0]$870 [15:8], Q = \mem[684] [15:8]).
Adding EN signal on $memory\mem[684]$7935 ($dff) from module axi_ram (D = $0$memwr$\mem$rtl/axi_ram.v:102$856_DATA[31:0]$873 [23:16], Q = \mem[684] [23:16]).
Adding EN signal on $memory\mem[684]$7935 ($dff) from module axi_ram (D = $0$memwr$\mem$rtl/axi_ram.v:104$857_DATA[31:0]$876 [31:24], Q = \mem[684] [31:24]).
Adding EN signal on $memory\mem[683]$7933 ($dff) from module axi_ram (D = $0$memwr$\mem$rtl/axi_ram.v:97$854_DATA[31:0]$867 [7:0], Q = \mem[683] [7:0]).
Adding EN signal on $memory\mem[683]$7933 ($dff) from module axi_ram (D = $0$memwr$\mem$rtl/axi_ram.v:100$855_DATA[31:0]$870 [15:8], Q = \mem[683] [15:8]).
Adding EN signal on $memory\mem[683]$7933 ($dff) from module axi_ram (D = $0$memwr$\mem$rtl/axi_ram.v:102$856_DATA[31:0]$873 [23:16], Q = \mem[683] [23:16]).
Adding EN signal on $memory\mem[683]$7933 ($dff) from module axi_ram (D = $0$memwr$\mem$rtl/axi_ram.v:104$857_DATA[31:0]$876 [31:24], Q = \mem[683] [31:24]).
Adding EN signal on $memory\mem[682]$7931 ($dff) from module axi_ram (D = $0$memwr$\mem$rtl/axi_ram.v:97$854_DATA[31:0]$867 [7:0], Q = \mem[682] [7:0]).
Adding EN signal on $memory\mem[682]$7931 ($dff) from module axi_ram (D = $0$memwr$\mem$rtl/axi_ram.v:100$855_DATA[31:0]$870 [15:8], Q = \mem[682] [15:8]).
Adding EN signal on $memory\mem[682]$7931 ($dff) from module axi_ram (D = $0$memwr$\mem$rtl/axi_ram.v:102$856_DATA[31:0]$873 [23:16], Q = \mem[682] [23:16]).
Adding EN signal on $memory\mem[682]$7931 ($dff) from module axi_ram (D = $0$memwr$\mem$rtl/axi_ram.v:104$857_DATA[31:0]$876 [31:24], Q = \mem[682] [31:24]).
Adding EN signal on $memory\mem[681]$7929 ($dff) from module axi_ram (D = $0$memwr$\mem$rtl/axi_ram.v:97$854_DATA[31:0]$867 [7:0], Q = \mem[681] [7:0]).
Adding EN signal on $memory\mem[681]$7929 ($dff) from module axi_ram (D = $0$memwr$\mem$rtl/axi_ram.v:100$855_DATA[31:0]$870 [15:8], Q = \mem[681] [15:8]).
Adding EN signal on $memory\mem[681]$7929 ($dff) from module axi_ram (D = $0$memwr$\mem$rtl/axi_ram.v:102$856_DATA[31:0]$873 [23:16], Q = \mem[681] [23:16]).
Adding EN signal on $memory\mem[681]$7929 ($dff) from module axi_ram (D = $0$memwr$\mem$rtl/axi_ram.v:104$857_DATA[31:0]$876 [31:24], Q = \mem[681] [31:24]).
Adding EN signal on $memory\mem[680]$7927 ($dff) from module axi_ram (D = $0$memwr$\mem$rtl/axi_ram.v:97$854_DATA[31:0]$867 [7:0], Q = \mem[680] [7:0]).
Adding EN signal on $memory\mem[680]$7927 ($dff) from module axi_ram (D = $0$memwr$\mem$rtl/axi_ram.v:100$855_DATA[31:0]$870 [15:8], Q = \mem[680] [15:8]).
Adding EN signal on $memory\mem[680]$7927 ($dff) from module axi_ram (D = $0$memwr$\mem$rtl/axi_ram.v:102$856_DATA[31:0]$873 [23:16], Q = \mem[680] [23:16]).
Adding EN signal on $memory\mem[680]$7927 ($dff) from module axi_ram (D = $0$memwr$\mem$rtl/axi_ram.v:104$857_DATA[31:0]$876 [31:24], Q = \mem[680] [31:24]).
Adding EN signal on $memory\mem[67]$6701 ($dff) from module axi_ram (D = $0$memwr$\mem$rtl/axi_ram.v:97$854_DATA[31:0]$867 [7:0], Q = \mem[67] [7:0]).
Adding EN signal on $memory\mem[67]$6701 ($dff) from module axi_ram (D = $0$memwr$\mem$rtl/axi_ram.v:100$855_DATA[31:0]$870 [15:8], Q = \mem[67] [15:8]).
Adding EN signal on $memory\mem[67]$6701 ($dff) from module axi_ram (D = $0$memwr$\mem$rtl/axi_ram.v:102$856_DATA[31:0]$873 [23:16], Q = \mem[67] [23:16]).
Adding EN signal on $memory\mem[67]$6701 ($dff) from module axi_ram (D = $0$memwr$\mem$rtl/axi_ram.v:104$857_DATA[31:0]$876 [31:24], Q = \mem[67] [31:24]).
Adding EN signal on $memory\mem[679]$7925 ($dff) from module axi_ram (D = $0$memwr$\mem$rtl/axi_ram.v:97$854_DATA[31:0]$867 [7:0], Q = \mem[679] [7:0]).
Adding EN signal on $memory\mem[679]$7925 ($dff) from module axi_ram (D = $0$memwr$\mem$rtl/axi_ram.v:100$855_DATA[31:0]$870 [15:8], Q = \mem[679] [15:8]).
Adding EN signal on $memory\mem[679]$7925 ($dff) from module axi_ram (D = $0$memwr$\mem$rtl/axi_ram.v:102$856_DATA[31:0]$873 [23:16], Q = \mem[679] [23:16]).
Adding EN signal on $memory\mem[679]$7925 ($dff) from module axi_ram (D = $0$memwr$\mem$rtl/axi_ram.v:104$857_DATA[31:0]$876 [31:24], Q = \mem[679] [31:24]).
Adding EN signal on $memory\mem[678]$7923 ($dff) from module axi_ram (D = $0$memwr$\mem$rtl/axi_ram.v:97$854_DATA[31:0]$867 [7:0], Q = \mem[678] [7:0]).
Adding EN signal on $memory\mem[678]$7923 ($dff) from module axi_ram (D = $0$memwr$\mem$rtl/axi_ram.v:100$855_DATA[31:0]$870 [15:8], Q = \mem[678] [15:8]).
Adding EN signal on $memory\mem[678]$7923 ($dff) from module axi_ram (D = $0$memwr$\mem$rtl/axi_ram.v:102$856_DATA[31:0]$873 [23:16], Q = \mem[678] [23:16]).
Adding EN signal on $memory\mem[678]$7923 ($dff) from module axi_ram (D = $0$memwr$\mem$rtl/axi_ram.v:104$857_DATA[31:0]$876 [31:24], Q = \mem[678] [31:24]).
Adding EN signal on $memory\mem[677]$7921 ($dff) from module axi_ram (D = $0$memwr$\mem$rtl/axi_ram.v:97$854_DATA[31:0]$867 [7:0], Q = \mem[677] [7:0]).
Adding EN signal on $memory\mem[677]$7921 ($dff) from module axi_ram (D = $0$memwr$\mem$rtl/axi_ram.v:100$855_DATA[31:0]$870 [15:8], Q = \mem[677] [15:8]).
Adding EN signal on $memory\mem[677]$7921 ($dff) from module axi_ram (D = $0$memwr$\mem$rtl/axi_ram.v:102$856_DATA[31:0]$873 [23:16], Q = \mem[677] [23:16]).
Adding EN signal on $memory\mem[677]$7921 ($dff) from module axi_ram (D = $0$memwr$\mem$rtl/axi_ram.v:104$857_DATA[31:0]$876 [31:24], Q = \mem[677] [31:24]).
Adding EN signal on $memory\mem[676]$7919 ($dff) from module axi_ram (D = $0$memwr$\mem$rtl/axi_ram.v:97$854_DATA[31:0]$867 [7:0], Q = \mem[676] [7:0]).
Adding EN signal on $memory\mem[676]$7919 ($dff) from module axi_ram (D = $0$memwr$\mem$rtl/axi_ram.v:100$855_DATA[31:0]$870 [15:8], Q = \mem[676] [15:8]).
Adding EN signal on $memory\mem[676]$7919 ($dff) from module axi_ram (D = $0$memwr$\mem$rtl/axi_ram.v:102$856_DATA[31:0]$873 [23:16], Q = \mem[676] [23:16]).
Adding EN signal on $memory\mem[676]$7919 ($dff) from module axi_ram (D = $0$memwr$\mem$rtl/axi_ram.v:104$857_DATA[31:0]$876 [31:24], Q = \mem[676] [31:24]).
Adding EN signal on $memory\mem[675]$7917 ($dff) from module axi_ram (D = $0$memwr$\mem$rtl/axi_ram.v:97$854_DATA[31:0]$867 [7:0], Q = \mem[675] [7:0]).
Adding EN signal on $memory\mem[675]$7917 ($dff) from module axi_ram (D = $0$memwr$\mem$rtl/axi_ram.v:100$855_DATA[31:0]$870 [15:8], Q = \mem[675] [15:8]).
Adding EN signal on $memory\mem[675]$7917 ($dff) from module axi_ram (D = $0$memwr$\mem$rtl/axi_ram.v:102$856_DATA[31:0]$873 [23:16], Q = \mem[675] [23:16]).
Adding EN signal on $memory\mem[675]$7917 ($dff) from module axi_ram (D = $0$memwr$\mem$rtl/axi_ram.v:104$857_DATA[31:0]$876 [31:24], Q = \mem[675] [31:24]).
Adding EN signal on $memory\mem[674]$7915 ($dff) from module axi_ram (D = $0$memwr$\mem$rtl/axi_ram.v:97$854_DATA[31:0]$867 [7:0], Q = \mem[674] [7:0]).
Adding EN signal on $memory\mem[674]$7915 ($dff) from module axi_ram (D = $0$memwr$\mem$rtl/axi_ram.v:100$855_DATA[31:0]$870 [15:8], Q = \mem[674] [15:8]).
Adding EN signal on $memory\mem[674]$7915 ($dff) from module axi_ram (D = $0$memwr$\mem$rtl/axi_ram.v:102$856_DATA[31:0]$873 [23:16], Q = \mem[674] [23:16]).
Adding EN signal on $memory\mem[674]$7915 ($dff) from module axi_ram (D = $0$memwr$\mem$rtl/axi_ram.v:104$857_DATA[31:0]$876 [31:24], Q = \mem[674] [31:24]).
Adding EN signal on $memory\mem[673]$7913 ($dff) from module axi_ram (D = $0$memwr$\mem$rtl/axi_ram.v:97$854_DATA[31:0]$867 [7:0], Q = \mem[673] [7:0]).
Adding EN signal on $memory\mem[673]$7913 ($dff) from module axi_ram (D = $0$memwr$\mem$rtl/axi_ram.v:100$855_DATA[31:0]$870 [15:8], Q = \mem[673] [15:8]).
Adding EN signal on $memory\mem[673]$7913 ($dff) from module axi_ram (D = $0$memwr$\mem$rtl/axi_ram.v:102$856_DATA[31:0]$873 [23:16], Q = \mem[673] [23:16]).
Adding EN signal on $memory\mem[673]$7913 ($dff) from module axi_ram (D = $0$memwr$\mem$rtl/axi_ram.v:104$857_DATA[31:0]$876 [31:24], Q = \mem[673] [31:24]).
Adding EN signal on $memory\mem[672]$7911 ($dff) from module axi_ram (D = $0$memwr$\mem$rtl/axi_ram.v:97$854_DATA[31:0]$867 [7:0], Q = \mem[672] [7:0]).
Adding EN signal on $memory\mem[672]$7911 ($dff) from module axi_ram (D = $0$memwr$\mem$rtl/axi_ram.v:100$855_DATA[31:0]$870 [15:8], Q = \mem[672] [15:8]).
Adding EN signal on $memory\mem[672]$7911 ($dff) from module axi_ram (D = $0$memwr$\mem$rtl/axi_ram.v:102$856_DATA[31:0]$873 [23:16], Q = \mem[672] [23:16]).
Adding EN signal on $memory\mem[672]$7911 ($dff) from module axi_ram (D = $0$memwr$\mem$rtl/axi_ram.v:104$857_DATA[31:0]$876 [31:24], Q = \mem[672] [31:24]).
Adding EN signal on $memory\mem[671]$7909 ($dff) from module axi_ram (D = $0$memwr$\mem$rtl/axi_ram.v:97$854_DATA[31:0]$867 [7:0], Q = \mem[671] [7:0]).
Adding EN signal on $memory\mem[671]$7909 ($dff) from module axi_ram (D = $0$memwr$\mem$rtl/axi_ram.v:100$855_DATA[31:0]$870 [15:8], Q = \mem[671] [15:8]).
Adding EN signal on $memory\mem[671]$7909 ($dff) from module axi_ram (D = $0$memwr$\mem$rtl/axi_ram.v:102$856_DATA[31:0]$873 [23:16], Q = \mem[671] [23:16]).
Adding EN signal on $memory\mem[671]$7909 ($dff) from module axi_ram (D = $0$memwr$\mem$rtl/axi_ram.v:104$857_DATA[31:0]$876 [31:24], Q = \mem[671] [31:24]).
Adding EN signal on $memory\mem[670]$7907 ($dff) from module axi_ram (D = $0$memwr$\mem$rtl/axi_ram.v:97$854_DATA[31:0]$867 [7:0], Q = \mem[670] [7:0]).
Adding EN signal on $memory\mem[670]$7907 ($dff) from module axi_ram (D = $0$memwr$\mem$rtl/axi_ram.v:100$855_DATA[31:0]$870 [15:8], Q = \mem[670] [15:8]).
Adding EN signal on $memory\mem[670]$7907 ($dff) from module axi_ram (D = $0$memwr$\mem$rtl/axi_ram.v:102$856_DATA[31:0]$873 [23:16], Q = \mem[670] [23:16]).
Adding EN signal on $memory\mem[670]$7907 ($dff) from module axi_ram (D = $0$memwr$\mem$rtl/axi_ram.v:104$857_DATA[31:0]$876 [31:24], Q = \mem[670] [31:24]).
Adding EN signal on $memory\mem[66]$6699 ($dff) from module axi_ram (D = $0$memwr$\mem$rtl/axi_ram.v:97$854_DATA[31:0]$867 [7:0], Q = \mem[66] [7:0]).
Adding EN signal on $memory\mem[66]$6699 ($dff) from module axi_ram (D = $0$memwr$\mem$rtl/axi_ram.v:100$855_DATA[31:0]$870 [15:8], Q = \mem[66] [15:8]).
Adding EN signal on $memory\mem[66]$6699 ($dff) from module axi_ram (D = $0$memwr$\mem$rtl/axi_ram.v:102$856_DATA[31:0]$873 [23:16], Q = \mem[66] [23:16]).
Adding EN signal on $memory\mem[66]$6699 ($dff) from module axi_ram (D = $0$memwr$\mem$rtl/axi_ram.v:104$857_DATA[31:0]$876 [31:24], Q = \mem[66] [31:24]).
Adding EN signal on $memory\mem[669]$7905 ($dff) from module axi_ram (D = $0$memwr$\mem$rtl/axi_ram.v:97$854_DATA[31:0]$867 [7:0], Q = \mem[669] [7:0]).
Adding EN signal on $memory\mem[669]$7905 ($dff) from module axi_ram (D = $0$memwr$\mem$rtl/axi_ram.v:100$855_DATA[31:0]$870 [15:8], Q = \mem[669] [15:8]).
Adding EN signal on $memory\mem[669]$7905 ($dff) from module axi_ram (D = $0$memwr$\mem$rtl/axi_ram.v:102$856_DATA[31:0]$873 [23:16], Q = \mem[669] [23:16]).
Adding EN signal on $memory\mem[669]$7905 ($dff) from module axi_ram (D = $0$memwr$\mem$rtl/axi_ram.v:104$857_DATA[31:0]$876 [31:24], Q = \mem[669] [31:24]).
Adding EN signal on $memory\mem[668]$7903 ($dff) from module axi_ram (D = $0$memwr$\mem$rtl/axi_ram.v:97$854_DATA[31:0]$867 [7:0], Q = \mem[668] [7:0]).
Adding EN signal on $memory\mem[668]$7903 ($dff) from module axi_ram (D = $0$memwr$\mem$rtl/axi_ram.v:100$855_DATA[31:0]$870 [15:8], Q = \mem[668] [15:8]).
Adding EN signal on $memory\mem[668]$7903 ($dff) from module axi_ram (D = $0$memwr$\mem$rtl/axi_ram.v:102$856_DATA[31:0]$873 [23:16], Q = \mem[668] [23:16]).
Adding EN signal on $memory\mem[668]$7903 ($dff) from module axi_ram (D = $0$memwr$\mem$rtl/axi_ram.v:104$857_DATA[31:0]$876 [31:24], Q = \mem[668] [31:24]).
Adding EN signal on $memory\mem[667]$7901 ($dff) from module axi_ram (D = $0$memwr$\mem$rtl/axi_ram.v:97$854_DATA[31:0]$867 [7:0], Q = \mem[667] [7:0]).
Adding EN signal on $memory\mem[667]$7901 ($dff) from module axi_ram (D = $0$memwr$\mem$rtl/axi_ram.v:100$855_DATA[31:0]$870 [15:8], Q = \mem[667] [15:8]).
Adding EN signal on $memory\mem[667]$7901 ($dff) from module axi_ram (D = $0$memwr$\mem$rtl/axi_ram.v:102$856_DATA[31:0]$873 [23:16], Q = \mem[667] [23:16]).
Adding EN signal on $memory\mem[667]$7901 ($dff) from module axi_ram (D = $0$memwr$\mem$rtl/axi_ram.v:104$857_DATA[31:0]$876 [31:24], Q = \mem[667] [31:24]).
Adding EN signal on $memory\mem[666]$7899 ($dff) from module axi_ram (D = $0$memwr$\mem$rtl/axi_ram.v:97$854_DATA[31:0]$867 [7:0], Q = \mem[666] [7:0]).
Adding EN signal on $memory\mem[666]$7899 ($dff) from module axi_ram (D = $0$memwr$\mem$rtl/axi_ram.v:100$855_DATA[31:0]$870 [15:8], Q = \mem[666] [15:8]).
Adding EN signal on $memory\mem[666]$7899 ($dff) from module axi_ram (D = $0$memwr$\mem$rtl/axi_ram.v:102$856_DATA[31:0]$873 [23:16], Q = \mem[666] [23:16]).
Adding EN signal on $memory\mem[666]$7899 ($dff) from module axi_ram (D = $0$memwr$\mem$rtl/axi_ram.v:104$857_DATA[31:0]$876 [31:24], Q = \mem[666] [31:24]).
Adding EN signal on $memory\mem[665]$7897 ($dff) from module axi_ram (D = $0$memwr$\mem$rtl/axi_ram.v:97$854_DATA[31:0]$867 [7:0], Q = \mem[665] [7:0]).
Adding EN signal on $memory\mem[665]$7897 ($dff) from module axi_ram (D = $0$memwr$\mem$rtl/axi_ram.v:100$855_DATA[31:0]$870 [15:8], Q = \mem[665] [15:8]).
Adding EN signal on $memory\mem[665]$7897 ($dff) from module axi_ram (D = $0$memwr$\mem$rtl/axi_ram.v:102$856_DATA[31:0]$873 [23:16], Q = \mem[665] [23:16]).
Adding EN signal on $memory\mem[665]$7897 ($dff) from module axi_ram (D = $0$memwr$\mem$rtl/axi_ram.v:104$857_DATA[31:0]$876 [31:24], Q = \mem[665] [31:24]).
Adding EN signal on $memory\mem[664]$7895 ($dff) from module axi_ram (D = $0$memwr$\mem$rtl/axi_ram.v:97$854_DATA[31:0]$867 [7:0], Q = \mem[664] [7:0]).
Adding EN signal on $memory\mem[664]$7895 ($dff) from module axi_ram (D = $0$memwr$\mem$rtl/axi_ram.v:100$855_DATA[31:0]$870 [15:8], Q = \mem[664] [15:8]).
Adding EN signal on $memory\mem[664]$7895 ($dff) from module axi_ram (D = $0$memwr$\mem$rtl/axi_ram.v:102$856_DATA[31:0]$873 [23:16], Q = \mem[664] [23:16]).
Adding EN signal on $memory\mem[664]$7895 ($dff) from module axi_ram (D = $0$memwr$\mem$rtl/axi_ram.v:104$857_DATA[31:0]$876 [31:24], Q = \mem[664] [31:24]).
Adding EN signal on $memory\mem[663]$7893 ($dff) from module axi_ram (D = $0$memwr$\mem$rtl/axi_ram.v:97$854_DATA[31:0]$867 [7:0], Q = \mem[663] [7:0]).
Adding EN signal on $memory\mem[663]$7893 ($dff) from module axi_ram (D = $0$memwr$\mem$rtl/axi_ram.v:100$855_DATA[31:0]$870 [15:8], Q = \mem[663] [15:8]).
Adding EN signal on $memory\mem[663]$7893 ($dff) from module axi_ram (D = $0$memwr$\mem$rtl/axi_ram.v:102$856_DATA[31:0]$873 [23:16], Q = \mem[663] [23:16]).
Adding EN signal on $memory\mem[663]$7893 ($dff) from module axi_ram (D = $0$memwr$\mem$rtl/axi_ram.v:104$857_DATA[31:0]$876 [31:24], Q = \mem[663] [31:24]).
Adding EN signal on $memory\mem[662]$7891 ($dff) from module axi_ram (D = $0$memwr$\mem$rtl/axi_ram.v:97$854_DATA[31:0]$867 [7:0], Q = \mem[662] [7:0]).
Adding EN signal on $memory\mem[662]$7891 ($dff) from module axi_ram (D = $0$memwr$\mem$rtl/axi_ram.v:100$855_DATA[31:0]$870 [15:8], Q = \mem[662] [15:8]).
Adding EN signal on $memory\mem[662]$7891 ($dff) from module axi_ram (D = $0$memwr$\mem$rtl/axi_ram.v:102$856_DATA[31:0]$873 [23:16], Q = \mem[662] [23:16]).
Adding EN signal on $memory\mem[662]$7891 ($dff) from module axi_ram (D = $0$memwr$\mem$rtl/axi_ram.v:104$857_DATA[31:0]$876 [31:24], Q = \mem[662] [31:24]).
Adding EN signal on $memory\mem[661]$7889 ($dff) from module axi_ram (D = $0$memwr$\mem$rtl/axi_ram.v:97$854_DATA[31:0]$867 [7:0], Q = \mem[661] [7:0]).
Adding EN signal on $memory\mem[661]$7889 ($dff) from module axi_ram (D = $0$memwr$\mem$rtl/axi_ram.v:100$855_DATA[31:0]$870 [15:8], Q = \mem[661] [15:8]).
Adding EN signal on $memory\mem[661]$7889 ($dff) from module axi_ram (D = $0$memwr$\mem$rtl/axi_ram.v:102$856_DATA[31:0]$873 [23:16], Q = \mem[661] [23:16]).
Adding EN signal on $memory\mem[661]$7889 ($dff) from module axi_ram (D = $0$memwr$\mem$rtl/axi_ram.v:104$857_DATA[31:0]$876 [31:24], Q = \mem[661] [31:24]).
Adding EN signal on $memory\mem[660]$7887 ($dff) from module axi_ram (D = $0$memwr$\mem$rtl/axi_ram.v:97$854_DATA[31:0]$867 [7:0], Q = \mem[660] [7:0]).
Adding EN signal on $memory\mem[660]$7887 ($dff) from module axi_ram (D = $0$memwr$\mem$rtl/axi_ram.v:100$855_DATA[31:0]$870 [15:8], Q = \mem[660] [15:8]).
Adding EN signal on $memory\mem[660]$7887 ($dff) from module axi_ram (D = $0$memwr$\mem$rtl/axi_ram.v:102$856_DATA[31:0]$873 [23:16], Q = \mem[660] [23:16]).
Adding EN signal on $memory\mem[660]$7887 ($dff) from module axi_ram (D = $0$memwr$\mem$rtl/axi_ram.v:104$857_DATA[31:0]$876 [31:24], Q = \mem[660] [31:24]).
Adding EN signal on $memory\mem[65]$6697 ($dff) from module axi_ram (D = $0$memwr$\mem$rtl/axi_ram.v:97$854_DATA[31:0]$867 [7:0], Q = \mem[65] [7:0]).
Adding EN signal on $memory\mem[65]$6697 ($dff) from module axi_ram (D = $0$memwr$\mem$rtl/axi_ram.v:100$855_DATA[31:0]$870 [15:8], Q = \mem[65] [15:8]).
Adding EN signal on $memory\mem[65]$6697 ($dff) from module axi_ram (D = $0$memwr$\mem$rtl/axi_ram.v:102$856_DATA[31:0]$873 [23:16], Q = \mem[65] [23:16]).
Adding EN signal on $memory\mem[65]$6697 ($dff) from module axi_ram (D = $0$memwr$\mem$rtl/axi_ram.v:104$857_DATA[31:0]$876 [31:24], Q = \mem[65] [31:24]).
Adding EN signal on $memory\mem[659]$7885 ($dff) from module axi_ram (D = $0$memwr$\mem$rtl/axi_ram.v:97$854_DATA[31:0]$867 [7:0], Q = \mem[659] [7:0]).
Adding EN signal on $memory\mem[659]$7885 ($dff) from module axi_ram (D = $0$memwr$\mem$rtl/axi_ram.v:100$855_DATA[31:0]$870 [15:8], Q = \mem[659] [15:8]).
Adding EN signal on $memory\mem[659]$7885 ($dff) from module axi_ram (D = $0$memwr$\mem$rtl/axi_ram.v:102$856_DATA[31:0]$873 [23:16], Q = \mem[659] [23:16]).
Adding EN signal on $memory\mem[659]$7885 ($dff) from module axi_ram (D = $0$memwr$\mem$rtl/axi_ram.v:104$857_DATA[31:0]$876 [31:24], Q = \mem[659] [31:24]).
Adding EN signal on $memory\mem[658]$7883 ($dff) from module axi_ram (D = $0$memwr$\mem$rtl/axi_ram.v:97$854_DATA[31:0]$867 [7:0], Q = \mem[658] [7:0]).
Adding EN signal on $memory\mem[658]$7883 ($dff) from module axi_ram (D = $0$memwr$\mem$rtl/axi_ram.v:100$855_DATA[31:0]$870 [15:8], Q = \mem[658] [15:8]).
Adding EN signal on $memory\mem[658]$7883 ($dff) from module axi_ram (D = $0$memwr$\mem$rtl/axi_ram.v:102$856_DATA[31:0]$873 [23:16], Q = \mem[658] [23:16]).
Adding EN signal on $memory\mem[658]$7883 ($dff) from module axi_ram (D = $0$memwr$\mem$rtl/axi_ram.v:104$857_DATA[31:0]$876 [31:24], Q = \mem[658] [31:24]).
Adding EN signal on $memory\mem[657]$7881 ($dff) from module axi_ram (D = $0$memwr$\mem$rtl/axi_ram.v:97$854_DATA[31:0]$867 [7:0], Q = \mem[657] [7:0]).
Adding EN signal on $memory\mem[657]$7881 ($dff) from module axi_ram (D = $0$memwr$\mem$rtl/axi_ram.v:100$855_DATA[31:0]$870 [15:8], Q = \mem[657] [15:8]).
Adding EN signal on $memory\mem[657]$7881 ($dff) from module axi_ram (D = $0$memwr$\mem$rtl/axi_ram.v:102$856_DATA[31:0]$873 [23:16], Q = \mem[657] [23:16]).
Adding EN signal on $memory\mem[657]$7881 ($dff) from module axi_ram (D = $0$memwr$\mem$rtl/axi_ram.v:104$857_DATA[31:0]$876 [31:24], Q = \mem[657] [31:24]).
Adding EN signal on $memory\mem[656]$7879 ($dff) from module axi_ram (D = $0$memwr$\mem$rtl/axi_ram.v:97$854_DATA[31:0]$867 [7:0], Q = \mem[656] [7:0]).
Adding EN signal on $memory\mem[656]$7879 ($dff) from module axi_ram (D = $0$memwr$\mem$rtl/axi_ram.v:100$855_DATA[31:0]$870 [15:8], Q = \mem[656] [15:8]).
Adding EN signal on $memory\mem[656]$7879 ($dff) from module axi_ram (D = $0$memwr$\mem$rtl/axi_ram.v:102$856_DATA[31:0]$873 [23:16], Q = \mem[656] [23:16]).
Adding EN signal on $memory\mem[656]$7879 ($dff) from module axi_ram (D = $0$memwr$\mem$rtl/axi_ram.v:104$857_DATA[31:0]$876 [31:24], Q = \mem[656] [31:24]).
Adding EN signal on $memory\mem[655]$7877 ($dff) from module axi_ram (D = $0$memwr$\mem$rtl/axi_ram.v:97$854_DATA[31:0]$867 [7:0], Q = \mem[655] [7:0]).
Adding EN signal on $memory\mem[655]$7877 ($dff) from module axi_ram (D = $0$memwr$\mem$rtl/axi_ram.v:100$855_DATA[31:0]$870 [15:8], Q = \mem[655] [15:8]).
Adding EN signal on $memory\mem[655]$7877 ($dff) from module axi_ram (D = $0$memwr$\mem$rtl/axi_ram.v:102$856_DATA[31:0]$873 [23:16], Q = \mem[655] [23:16]).
Adding EN signal on $memory\mem[655]$7877 ($dff) from module axi_ram (D = $0$memwr$\mem$rtl/axi_ram.v:104$857_DATA[31:0]$876 [31:24], Q = \mem[655] [31:24]).
Adding EN signal on $memory\mem[654]$7875 ($dff) from module axi_ram (D = $0$memwr$\mem$rtl/axi_ram.v:97$854_DATA[31:0]$867 [7:0], Q = \mem[654] [7:0]).
Adding EN signal on $memory\mem[654]$7875 ($dff) from module axi_ram (D = $0$memwr$\mem$rtl/axi_ram.v:100$855_DATA[31:0]$870 [15:8], Q = \mem[654] [15:8]).
Adding EN signal on $memory\mem[654]$7875 ($dff) from module axi_ram (D = $0$memwr$\mem$rtl/axi_ram.v:102$856_DATA[31:0]$873 [23:16], Q = \mem[654] [23:16]).
Adding EN signal on $memory\mem[654]$7875 ($dff) from module axi_ram (D = $0$memwr$\mem$rtl/axi_ram.v:104$857_DATA[31:0]$876 [31:24], Q = \mem[654] [31:24]).
Adding EN signal on $memory\mem[653]$7873 ($dff) from module axi_ram (D = $0$memwr$\mem$rtl/axi_ram.v:97$854_DATA[31:0]$867 [7:0], Q = \mem[653] [7:0]).
Adding EN signal on $memory\mem[653]$7873 ($dff) from module axi_ram (D = $0$memwr$\mem$rtl/axi_ram.v:100$855_DATA[31:0]$870 [15:8], Q = \mem[653] [15:8]).
Adding EN signal on $memory\mem[653]$7873 ($dff) from module axi_ram (D = $0$memwr$\mem$rtl/axi_ram.v:102$856_DATA[31:0]$873 [23:16], Q = \mem[653] [23:16]).
Adding EN signal on $memory\mem[653]$7873 ($dff) from module axi_ram (D = $0$memwr$\mem$rtl/axi_ram.v:104$857_DATA[31:0]$876 [31:24], Q = \mem[653] [31:24]).
Adding EN signal on $memory\mem[652]$7871 ($dff) from module axi_ram (D = $0$memwr$\mem$rtl/axi_ram.v:97$854_DATA[31:0]$867 [7:0], Q = \mem[652] [7:0]).
Adding EN signal on $memory\mem[652]$7871 ($dff) from module axi_ram (D = $0$memwr$\mem$rtl/axi_ram.v:100$855_DATA[31:0]$870 [15:8], Q = \mem[652] [15:8]).
Adding EN signal on $memory\mem[652]$7871 ($dff) from module axi_ram (D = $0$memwr$\mem$rtl/axi_ram.v:102$856_DATA[31:0]$873 [23:16], Q = \mem[652] [23:16]).
Adding EN signal on $memory\mem[652]$7871 ($dff) from module axi_ram (D = $0$memwr$\mem$rtl/axi_ram.v:104$857_DATA[31:0]$876 [31:24], Q = \mem[652] [31:24]).
Adding EN signal on $memory\mem[651]$7869 ($dff) from module axi_ram (D = $0$memwr$\mem$rtl/axi_ram.v:97$854_DATA[31:0]$867 [7:0], Q = \mem[651] [7:0]).
Adding EN signal on $memory\mem[651]$7869 ($dff) from module axi_ram (D = $0$memwr$\mem$rtl/axi_ram.v:100$855_DATA[31:0]$870 [15:8], Q = \mem[651] [15:8]).
Adding EN signal on $memory\mem[651]$7869 ($dff) from module axi_ram (D = $0$memwr$\mem$rtl/axi_ram.v:102$856_DATA[31:0]$873 [23:16], Q = \mem[651] [23:16]).
Adding EN signal on $memory\mem[651]$7869 ($dff) from module axi_ram (D = $0$memwr$\mem$rtl/axi_ram.v:104$857_DATA[31:0]$876 [31:24], Q = \mem[651] [31:24]).
Adding EN signal on $memory\mem[650]$7867 ($dff) from module axi_ram (D = $0$memwr$\mem$rtl/axi_ram.v:97$854_DATA[31:0]$867 [7:0], Q = \mem[650] [7:0]).
Adding EN signal on $memory\mem[650]$7867 ($dff) from module axi_ram (D = $0$memwr$\mem$rtl/axi_ram.v:100$855_DATA[31:0]$870 [15:8], Q = \mem[650] [15:8]).
Adding EN signal on $memory\mem[650]$7867 ($dff) from module axi_ram (D = $0$memwr$\mem$rtl/axi_ram.v:102$856_DATA[31:0]$873 [23:16], Q = \mem[650] [23:16]).
Adding EN signal on $memory\mem[650]$7867 ($dff) from module axi_ram (D = $0$memwr$\mem$rtl/axi_ram.v:104$857_DATA[31:0]$876 [31:24], Q = \mem[650] [31:24]).
Adding EN signal on $memory\mem[64]$6695 ($dff) from module axi_ram (D = $0$memwr$\mem$rtl/axi_ram.v:97$854_DATA[31:0]$867 [7:0], Q = \mem[64] [7:0]).
Adding EN signal on $memory\mem[64]$6695 ($dff) from module axi_ram (D = $0$memwr$\mem$rtl/axi_ram.v:100$855_DATA[31:0]$870 [15:8], Q = \mem[64] [15:8]).
Adding EN signal on $memory\mem[64]$6695 ($dff) from module axi_ram (D = $0$memwr$\mem$rtl/axi_ram.v:102$856_DATA[31:0]$873 [23:16], Q = \mem[64] [23:16]).
Adding EN signal on $memory\mem[64]$6695 ($dff) from module axi_ram (D = $0$memwr$\mem$rtl/axi_ram.v:104$857_DATA[31:0]$876 [31:24], Q = \mem[64] [31:24]).
Adding EN signal on $memory\mem[649]$7865 ($dff) from module axi_ram (D = $0$memwr$\mem$rtl/axi_ram.v:97$854_DATA[31:0]$867 [7:0], Q = \mem[649] [7:0]).
Adding EN signal on $memory\mem[649]$7865 ($dff) from module axi_ram (D = $0$memwr$\mem$rtl/axi_ram.v:100$855_DATA[31:0]$870 [15:8], Q = \mem[649] [15:8]).
Adding EN signal on $memory\mem[649]$7865 ($dff) from module axi_ram (D = $0$memwr$\mem$rtl/axi_ram.v:102$856_DATA[31:0]$873 [23:16], Q = \mem[649] [23:16]).
Adding EN signal on $memory\mem[649]$7865 ($dff) from module axi_ram (D = $0$memwr$\mem$rtl/axi_ram.v:104$857_DATA[31:0]$876 [31:24], Q = \mem[649] [31:24]).
Adding EN signal on $memory\mem[648]$7863 ($dff) from module axi_ram (D = $0$memwr$\mem$rtl/axi_ram.v:97$854_DATA[31:0]$867 [7:0], Q = \mem[648] [7:0]).
Adding EN signal on $memory\mem[648]$7863 ($dff) from module axi_ram (D = $0$memwr$\mem$rtl/axi_ram.v:100$855_DATA[31:0]$870 [15:8], Q = \mem[648] [15:8]).
Adding EN signal on $memory\mem[648]$7863 ($dff) from module axi_ram (D = $0$memwr$\mem$rtl/axi_ram.v:102$856_DATA[31:0]$873 [23:16], Q = \mem[648] [23:16]).
Adding EN signal on $memory\mem[648]$7863 ($dff) from module axi_ram (D = $0$memwr$\mem$rtl/axi_ram.v:104$857_DATA[31:0]$876 [31:24], Q = \mem[648] [31:24]).
Adding EN signal on $memory\mem[647]$7861 ($dff) from module axi_ram (D = $0$memwr$\mem$rtl/axi_ram.v:97$854_DATA[31:0]$867 [7:0], Q = \mem[647] [7:0]).
Adding EN signal on $memory\mem[647]$7861 ($dff) from module axi_ram (D = $0$memwr$\mem$rtl/axi_ram.v:100$855_DATA[31:0]$870 [15:8], Q = \mem[647] [15:8]).
Adding EN signal on $memory\mem[647]$7861 ($dff) from module axi_ram (D = $0$memwr$\mem$rtl/axi_ram.v:102$856_DATA[31:0]$873 [23:16], Q = \mem[647] [23:16]).
Adding EN signal on $memory\mem[647]$7861 ($dff) from module axi_ram (D = $0$memwr$\mem$rtl/axi_ram.v:104$857_DATA[31:0]$876 [31:24], Q = \mem[647] [31:24]).
Adding EN signal on $memory\mem[646]$7859 ($dff) from module axi_ram (D = $0$memwr$\mem$rtl/axi_ram.v:97$854_DATA[31:0]$867 [7:0], Q = \mem[646] [7:0]).
Adding EN signal on $memory\mem[646]$7859 ($dff) from module axi_ram (D = $0$memwr$\mem$rtl/axi_ram.v:100$855_DATA[31:0]$870 [15:8], Q = \mem[646] [15:8]).
Adding EN signal on $memory\mem[646]$7859 ($dff) from module axi_ram (D = $0$memwr$\mem$rtl/axi_ram.v:102$856_DATA[31:0]$873 [23:16], Q = \mem[646] [23:16]).
Adding EN signal on $memory\mem[646]$7859 ($dff) from module axi_ram (D = $0$memwr$\mem$rtl/axi_ram.v:104$857_DATA[31:0]$876 [31:24], Q = \mem[646] [31:24]).
Adding EN signal on $memory\mem[645]$7857 ($dff) from module axi_ram (D = $0$memwr$\mem$rtl/axi_ram.v:97$854_DATA[31:0]$867 [7:0], Q = \mem[645] [7:0]).
Adding EN signal on $memory\mem[645]$7857 ($dff) from module axi_ram (D = $0$memwr$\mem$rtl/axi_ram.v:100$855_DATA[31:0]$870 [15:8], Q = \mem[645] [15:8]).
Adding EN signal on $memory\mem[645]$7857 ($dff) from module axi_ram (D = $0$memwr$\mem$rtl/axi_ram.v:102$856_DATA[31:0]$873 [23:16], Q = \mem[645] [23:16]).
Adding EN signal on $memory\mem[645]$7857 ($dff) from module axi_ram (D = $0$memwr$\mem$rtl/axi_ram.v:104$857_DATA[31:0]$876 [31:24], Q = \mem[645] [31:24]).
Adding EN signal on $memory\mem[644]$7855 ($dff) from module axi_ram (D = $0$memwr$\mem$rtl/axi_ram.v:97$854_DATA[31:0]$867 [7:0], Q = \mem[644] [7:0]).
Adding EN signal on $memory\mem[644]$7855 ($dff) from module axi_ram (D = $0$memwr$\mem$rtl/axi_ram.v:100$855_DATA[31:0]$870 [15:8], Q = \mem[644] [15:8]).
Adding EN signal on $memory\mem[644]$7855 ($dff) from module axi_ram (D = $0$memwr$\mem$rtl/axi_ram.v:102$856_DATA[31:0]$873 [23:16], Q = \mem[644] [23:16]).
Adding EN signal on $memory\mem[644]$7855 ($dff) from module axi_ram (D = $0$memwr$\mem$rtl/axi_ram.v:104$857_DATA[31:0]$876 [31:24], Q = \mem[644] [31:24]).
Adding EN signal on $memory\mem[643]$7853 ($dff) from module axi_ram (D = $0$memwr$\mem$rtl/axi_ram.v:97$854_DATA[31:0]$867 [7:0], Q = \mem[643] [7:0]).
Adding EN signal on $memory\mem[643]$7853 ($dff) from module axi_ram (D = $0$memwr$\mem$rtl/axi_ram.v:100$855_DATA[31:0]$870 [15:8], Q = \mem[643] [15:8]).
Adding EN signal on $memory\mem[643]$7853 ($dff) from module axi_ram (D = $0$memwr$\mem$rtl/axi_ram.v:102$856_DATA[31:0]$873 [23:16], Q = \mem[643] [23:16]).
Adding EN signal on $memory\mem[643]$7853 ($dff) from module axi_ram (D = $0$memwr$\mem$rtl/axi_ram.v:104$857_DATA[31:0]$876 [31:24], Q = \mem[643] [31:24]).
Adding EN signal on $memory\mem[642]$7851 ($dff) from module axi_ram (D = $0$memwr$\mem$rtl/axi_ram.v:97$854_DATA[31:0]$867 [7:0], Q = \mem[642] [7:0]).
Adding EN signal on $memory\mem[642]$7851 ($dff) from module axi_ram (D = $0$memwr$\mem$rtl/axi_ram.v:100$855_DATA[31:0]$870 [15:8], Q = \mem[642] [15:8]).
Adding EN signal on $memory\mem[642]$7851 ($dff) from module axi_ram (D = $0$memwr$\mem$rtl/axi_ram.v:102$856_DATA[31:0]$873 [23:16], Q = \mem[642] [23:16]).
Adding EN signal on $memory\mem[642]$7851 ($dff) from module axi_ram (D = $0$memwr$\mem$rtl/axi_ram.v:104$857_DATA[31:0]$876 [31:24], Q = \mem[642] [31:24]).
Adding EN signal on $memory\mem[641]$7849 ($dff) from module axi_ram (D = $0$memwr$\mem$rtl/axi_ram.v:97$854_DATA[31:0]$867 [7:0], Q = \mem[641] [7:0]).
Adding EN signal on $memory\mem[641]$7849 ($dff) from module axi_ram (D = $0$memwr$\mem$rtl/axi_ram.v:100$855_DATA[31:0]$870 [15:8], Q = \mem[641] [15:8]).
Adding EN signal on $memory\mem[641]$7849 ($dff) from module axi_ram (D = $0$memwr$\mem$rtl/axi_ram.v:102$856_DATA[31:0]$873 [23:16], Q = \mem[641] [23:16]).
Adding EN signal on $memory\mem[641]$7849 ($dff) from module axi_ram (D = $0$memwr$\mem$rtl/axi_ram.v:104$857_DATA[31:0]$876 [31:24], Q = \mem[641] [31:24]).
Adding EN signal on $memory\mem[640]$7847 ($dff) from module axi_ram (D = $0$memwr$\mem$rtl/axi_ram.v:97$854_DATA[31:0]$867 [7:0], Q = \mem[640] [7:0]).
Adding EN signal on $memory\mem[640]$7847 ($dff) from module axi_ram (D = $0$memwr$\mem$rtl/axi_ram.v:100$855_DATA[31:0]$870 [15:8], Q = \mem[640] [15:8]).
Adding EN signal on $memory\mem[640]$7847 ($dff) from module axi_ram (D = $0$memwr$\mem$rtl/axi_ram.v:102$856_DATA[31:0]$873 [23:16], Q = \mem[640] [23:16]).
Adding EN signal on $memory\mem[640]$7847 ($dff) from module axi_ram (D = $0$memwr$\mem$rtl/axi_ram.v:104$857_DATA[31:0]$876 [31:24], Q = \mem[640] [31:24]).
Adding EN signal on $memory\mem[63]$6693 ($dff) from module axi_ram (D = $0$memwr$\mem$rtl/axi_ram.v:97$854_DATA[31:0]$867 [7:0], Q = \mem[63] [7:0]).
Adding EN signal on $memory\mem[63]$6693 ($dff) from module axi_ram (D = $0$memwr$\mem$rtl/axi_ram.v:100$855_DATA[31:0]$870 [15:8], Q = \mem[63] [15:8]).
Adding EN signal on $memory\mem[63]$6693 ($dff) from module axi_ram (D = $0$memwr$\mem$rtl/axi_ram.v:102$856_DATA[31:0]$873 [23:16], Q = \mem[63] [23:16]).
Adding EN signal on $memory\mem[63]$6693 ($dff) from module axi_ram (D = $0$memwr$\mem$rtl/axi_ram.v:104$857_DATA[31:0]$876 [31:24], Q = \mem[63] [31:24]).
Adding EN signal on $memory\mem[639]$7845 ($dff) from module axi_ram (D = $0$memwr$\mem$rtl/axi_ram.v:97$854_DATA[31:0]$867 [7:0], Q = \mem[639] [7:0]).
Adding EN signal on $memory\mem[639]$7845 ($dff) from module axi_ram (D = $0$memwr$\mem$rtl/axi_ram.v:100$855_DATA[31:0]$870 [15:8], Q = \mem[639] [15:8]).
Adding EN signal on $memory\mem[639]$7845 ($dff) from module axi_ram (D = $0$memwr$\mem$rtl/axi_ram.v:102$856_DATA[31:0]$873 [23:16], Q = \mem[639] [23:16]).
Adding EN signal on $memory\mem[639]$7845 ($dff) from module axi_ram (D = $0$memwr$\mem$rtl/axi_ram.v:104$857_DATA[31:0]$876 [31:24], Q = \mem[639] [31:24]).
Adding EN signal on $memory\mem[638]$7843 ($dff) from module axi_ram (D = $0$memwr$\mem$rtl/axi_ram.v:97$854_DATA[31:0]$867 [7:0], Q = \mem[638] [7:0]).
Adding EN signal on $memory\mem[638]$7843 ($dff) from module axi_ram (D = $0$memwr$\mem$rtl/axi_ram.v:100$855_DATA[31:0]$870 [15:8], Q = \mem[638] [15:8]).
Adding EN signal on $memory\mem[638]$7843 ($dff) from module axi_ram (D = $0$memwr$\mem$rtl/axi_ram.v:102$856_DATA[31:0]$873 [23:16], Q = \mem[638] [23:16]).
Adding EN signal on $memory\mem[638]$7843 ($dff) from module axi_ram (D = $0$memwr$\mem$rtl/axi_ram.v:104$857_DATA[31:0]$876 [31:24], Q = \mem[638] [31:24]).
Adding EN signal on $memory\mem[637]$7841 ($dff) from module axi_ram (D = $0$memwr$\mem$rtl/axi_ram.v:97$854_DATA[31:0]$867 [7:0], Q = \mem[637] [7:0]).
Adding EN signal on $memory\mem[637]$7841 ($dff) from module axi_ram (D = $0$memwr$\mem$rtl/axi_ram.v:100$855_DATA[31:0]$870 [15:8], Q = \mem[637] [15:8]).
Adding EN signal on $memory\mem[637]$7841 ($dff) from module axi_ram (D = $0$memwr$\mem$rtl/axi_ram.v:102$856_DATA[31:0]$873 [23:16], Q = \mem[637] [23:16]).
Adding EN signal on $memory\mem[637]$7841 ($dff) from module axi_ram (D = $0$memwr$\mem$rtl/axi_ram.v:104$857_DATA[31:0]$876 [31:24], Q = \mem[637] [31:24]).
Adding EN signal on $memory\mem[636]$7839 ($dff) from module axi_ram (D = $0$memwr$\mem$rtl/axi_ram.v:97$854_DATA[31:0]$867 [7:0], Q = \mem[636] [7:0]).
Adding EN signal on $memory\mem[636]$7839 ($dff) from module axi_ram (D = $0$memwr$\mem$rtl/axi_ram.v:100$855_DATA[31:0]$870 [15:8], Q = \mem[636] [15:8]).
Adding EN signal on $memory\mem[636]$7839 ($dff) from module axi_ram (D = $0$memwr$\mem$rtl/axi_ram.v:102$856_DATA[31:0]$873 [23:16], Q = \mem[636] [23:16]).
Adding EN signal on $memory\mem[636]$7839 ($dff) from module axi_ram (D = $0$memwr$\mem$rtl/axi_ram.v:104$857_DATA[31:0]$876 [31:24], Q = \mem[636] [31:24]).
Adding EN signal on $memory\mem[635]$7837 ($dff) from module axi_ram (D = $0$memwr$\mem$rtl/axi_ram.v:97$854_DATA[31:0]$867 [7:0], Q = \mem[635] [7:0]).
Adding EN signal on $memory\mem[635]$7837 ($dff) from module axi_ram (D = $0$memwr$\mem$rtl/axi_ram.v:100$855_DATA[31:0]$870 [15:8], Q = \mem[635] [15:8]).
Adding EN signal on $memory\mem[635]$7837 ($dff) from module axi_ram (D = $0$memwr$\mem$rtl/axi_ram.v:102$856_DATA[31:0]$873 [23:16], Q = \mem[635] [23:16]).
Adding EN signal on $memory\mem[635]$7837 ($dff) from module axi_ram (D = $0$memwr$\mem$rtl/axi_ram.v:104$857_DATA[31:0]$876 [31:24], Q = \mem[635] [31:24]).
Adding EN signal on $memory\mem[634]$7835 ($dff) from module axi_ram (D = $0$memwr$\mem$rtl/axi_ram.v:97$854_DATA[31:0]$867 [7:0], Q = \mem[634] [7:0]).
Adding EN signal on $memory\mem[634]$7835 ($dff) from module axi_ram (D = $0$memwr$\mem$rtl/axi_ram.v:100$855_DATA[31:0]$870 [15:8], Q = \mem[634] [15:8]).
Adding EN signal on $memory\mem[634]$7835 ($dff) from module axi_ram (D = $0$memwr$\mem$rtl/axi_ram.v:102$856_DATA[31:0]$873 [23:16], Q = \mem[634] [23:16]).
Adding EN signal on $memory\mem[634]$7835 ($dff) from module axi_ram (D = $0$memwr$\mem$rtl/axi_ram.v:104$857_DATA[31:0]$876 [31:24], Q = \mem[634] [31:24]).
Adding EN signal on $memory\mem[633]$7833 ($dff) from module axi_ram (D = $0$memwr$\mem$rtl/axi_ram.v:97$854_DATA[31:0]$867 [7:0], Q = \mem[633] [7:0]).
Adding EN signal on $memory\mem[633]$7833 ($dff) from module axi_ram (D = $0$memwr$\mem$rtl/axi_ram.v:100$855_DATA[31:0]$870 [15:8], Q = \mem[633] [15:8]).
Adding EN signal on $memory\mem[633]$7833 ($dff) from module axi_ram (D = $0$memwr$\mem$rtl/axi_ram.v:102$856_DATA[31:0]$873 [23:16], Q = \mem[633] [23:16]).
Adding EN signal on $memory\mem[633]$7833 ($dff) from module axi_ram (D = $0$memwr$\mem$rtl/axi_ram.v:104$857_DATA[31:0]$876 [31:24], Q = \mem[633] [31:24]).
Adding EN signal on $memory\mem[632]$7831 ($dff) from module axi_ram (D = $0$memwr$\mem$rtl/axi_ram.v:97$854_DATA[31:0]$867 [7:0], Q = \mem[632] [7:0]).
Adding EN signal on $memory\mem[632]$7831 ($dff) from module axi_ram (D = $0$memwr$\mem$rtl/axi_ram.v:100$855_DATA[31:0]$870 [15:8], Q = \mem[632] [15:8]).
Adding EN signal on $memory\mem[632]$7831 ($dff) from module axi_ram (D = $0$memwr$\mem$rtl/axi_ram.v:102$856_DATA[31:0]$873 [23:16], Q = \mem[632] [23:16]).
Adding EN signal on $memory\mem[632]$7831 ($dff) from module axi_ram (D = $0$memwr$\mem$rtl/axi_ram.v:104$857_DATA[31:0]$876 [31:24], Q = \mem[632] [31:24]).
Adding EN signal on $memory\mem[631]$7829 ($dff) from module axi_ram (D = $0$memwr$\mem$rtl/axi_ram.v:97$854_DATA[31:0]$867 [7:0], Q = \mem[631] [7:0]).
Adding EN signal on $memory\mem[631]$7829 ($dff) from module axi_ram (D = $0$memwr$\mem$rtl/axi_ram.v:100$855_DATA[31:0]$870 [15:8], Q = \mem[631] [15:8]).
Adding EN signal on $memory\mem[631]$7829 ($dff) from module axi_ram (D = $0$memwr$\mem$rtl/axi_ram.v:102$856_DATA[31:0]$873 [23:16], Q = \mem[631] [23:16]).
Adding EN signal on $memory\mem[631]$7829 ($dff) from module axi_ram (D = $0$memwr$\mem$rtl/axi_ram.v:104$857_DATA[31:0]$876 [31:24], Q = \mem[631] [31:24]).
Adding EN signal on $memory\mem[630]$7827 ($dff) from module axi_ram (D = $0$memwr$\mem$rtl/axi_ram.v:97$854_DATA[31:0]$867 [7:0], Q = \mem[630] [7:0]).
Adding EN signal on $memory\mem[630]$7827 ($dff) from module axi_ram (D = $0$memwr$\mem$rtl/axi_ram.v:100$855_DATA[31:0]$870 [15:8], Q = \mem[630] [15:8]).
Adding EN signal on $memory\mem[630]$7827 ($dff) from module axi_ram (D = $0$memwr$\mem$rtl/axi_ram.v:102$856_DATA[31:0]$873 [23:16], Q = \mem[630] [23:16]).
Adding EN signal on $memory\mem[630]$7827 ($dff) from module axi_ram (D = $0$memwr$\mem$rtl/axi_ram.v:104$857_DATA[31:0]$876 [31:24], Q = \mem[630] [31:24]).
Adding EN signal on $memory\mem[62]$6691 ($dff) from module axi_ram (D = $0$memwr$\mem$rtl/axi_ram.v:97$854_DATA[31:0]$867 [7:0], Q = \mem[62] [7:0]).
Adding EN signal on $memory\mem[62]$6691 ($dff) from module axi_ram (D = $0$memwr$\mem$rtl/axi_ram.v:100$855_DATA[31:0]$870 [15:8], Q = \mem[62] [15:8]).
Adding EN signal on $memory\mem[62]$6691 ($dff) from module axi_ram (D = $0$memwr$\mem$rtl/axi_ram.v:102$856_DATA[31:0]$873 [23:16], Q = \mem[62] [23:16]).
Adding EN signal on $memory\mem[62]$6691 ($dff) from module axi_ram (D = $0$memwr$\mem$rtl/axi_ram.v:104$857_DATA[31:0]$876 [31:24], Q = \mem[62] [31:24]).
Adding EN signal on $memory\mem[629]$7825 ($dff) from module axi_ram (D = $0$memwr$\mem$rtl/axi_ram.v:97$854_DATA[31:0]$867 [7:0], Q = \mem[629] [7:0]).
Adding EN signal on $memory\mem[629]$7825 ($dff) from module axi_ram (D = $0$memwr$\mem$rtl/axi_ram.v:100$855_DATA[31:0]$870 [15:8], Q = \mem[629] [15:8]).
Adding EN signal on $memory\mem[629]$7825 ($dff) from module axi_ram (D = $0$memwr$\mem$rtl/axi_ram.v:102$856_DATA[31:0]$873 [23:16], Q = \mem[629] [23:16]).
Adding EN signal on $memory\mem[629]$7825 ($dff) from module axi_ram (D = $0$memwr$\mem$rtl/axi_ram.v:104$857_DATA[31:0]$876 [31:24], Q = \mem[629] [31:24]).
Adding EN signal on $memory\mem[628]$7823 ($dff) from module axi_ram (D = $0$memwr$\mem$rtl/axi_ram.v:97$854_DATA[31:0]$867 [7:0], Q = \mem[628] [7:0]).
Adding EN signal on $memory\mem[628]$7823 ($dff) from module axi_ram (D = $0$memwr$\mem$rtl/axi_ram.v:100$855_DATA[31:0]$870 [15:8], Q = \mem[628] [15:8]).
Adding EN signal on $memory\mem[628]$7823 ($dff) from module axi_ram (D = $0$memwr$\mem$rtl/axi_ram.v:102$856_DATA[31:0]$873 [23:16], Q = \mem[628] [23:16]).
Adding EN signal on $memory\mem[628]$7823 ($dff) from module axi_ram (D = $0$memwr$\mem$rtl/axi_ram.v:104$857_DATA[31:0]$876 [31:24], Q = \mem[628] [31:24]).
Adding EN signal on $memory\mem[627]$7821 ($dff) from module axi_ram (D = $0$memwr$\mem$rtl/axi_ram.v:97$854_DATA[31:0]$867 [7:0], Q = \mem[627] [7:0]).
Adding EN signal on $memory\mem[627]$7821 ($dff) from module axi_ram (D = $0$memwr$\mem$rtl/axi_ram.v:100$855_DATA[31:0]$870 [15:8], Q = \mem[627] [15:8]).
Adding EN signal on $memory\mem[627]$7821 ($dff) from module axi_ram (D = $0$memwr$\mem$rtl/axi_ram.v:102$856_DATA[31:0]$873 [23:16], Q = \mem[627] [23:16]).
Adding EN signal on $memory\mem[627]$7821 ($dff) from module axi_ram (D = $0$memwr$\mem$rtl/axi_ram.v:104$857_DATA[31:0]$876 [31:24], Q = \mem[627] [31:24]).
Adding EN signal on $memory\mem[626]$7819 ($dff) from module axi_ram (D = $0$memwr$\mem$rtl/axi_ram.v:97$854_DATA[31:0]$867 [7:0], Q = \mem[626] [7:0]).
Adding EN signal on $memory\mem[626]$7819 ($dff) from module axi_ram (D = $0$memwr$\mem$rtl/axi_ram.v:100$855_DATA[31:0]$870 [15:8], Q = \mem[626] [15:8]).
Adding EN signal on $memory\mem[626]$7819 ($dff) from module axi_ram (D = $0$memwr$\mem$rtl/axi_ram.v:102$856_DATA[31:0]$873 [23:16], Q = \mem[626] [23:16]).
Adding EN signal on $memory\mem[626]$7819 ($dff) from module axi_ram (D = $0$memwr$\mem$rtl/axi_ram.v:104$857_DATA[31:0]$876 [31:24], Q = \mem[626] [31:24]).
Adding EN signal on $memory\mem[625]$7817 ($dff) from module axi_ram (D = $0$memwr$\mem$rtl/axi_ram.v:97$854_DATA[31:0]$867 [7:0], Q = \mem[625] [7:0]).
Adding EN signal on $memory\mem[625]$7817 ($dff) from module axi_ram (D = $0$memwr$\mem$rtl/axi_ram.v:100$855_DATA[31:0]$870 [15:8], Q = \mem[625] [15:8]).
Adding EN signal on $memory\mem[625]$7817 ($dff) from module axi_ram (D = $0$memwr$\mem$rtl/axi_ram.v:102$856_DATA[31:0]$873 [23:16], Q = \mem[625] [23:16]).
Adding EN signal on $memory\mem[625]$7817 ($dff) from module axi_ram (D = $0$memwr$\mem$rtl/axi_ram.v:104$857_DATA[31:0]$876 [31:24], Q = \mem[625] [31:24]).
Adding EN signal on $memory\mem[624]$7815 ($dff) from module axi_ram (D = $0$memwr$\mem$rtl/axi_ram.v:97$854_DATA[31:0]$867 [7:0], Q = \mem[624] [7:0]).
Adding EN signal on $memory\mem[624]$7815 ($dff) from module axi_ram (D = $0$memwr$\mem$rtl/axi_ram.v:100$855_DATA[31:0]$870 [15:8], Q = \mem[624] [15:8]).
Adding EN signal on $memory\mem[624]$7815 ($dff) from module axi_ram (D = $0$memwr$\mem$rtl/axi_ram.v:102$856_DATA[31:0]$873 [23:16], Q = \mem[624] [23:16]).
Adding EN signal on $memory\mem[624]$7815 ($dff) from module axi_ram (D = $0$memwr$\mem$rtl/axi_ram.v:104$857_DATA[31:0]$876 [31:24], Q = \mem[624] [31:24]).
Adding EN signal on $memory\mem[623]$7813 ($dff) from module axi_ram (D = $0$memwr$\mem$rtl/axi_ram.v:97$854_DATA[31:0]$867 [7:0], Q = \mem[623] [7:0]).
Adding EN signal on $memory\mem[623]$7813 ($dff) from module axi_ram (D = $0$memwr$\mem$rtl/axi_ram.v:100$855_DATA[31:0]$870 [15:8], Q = \mem[623] [15:8]).
Adding EN signal on $memory\mem[623]$7813 ($dff) from module axi_ram (D = $0$memwr$\mem$rtl/axi_ram.v:102$856_DATA[31:0]$873 [23:16], Q = \mem[623] [23:16]).
Adding EN signal on $memory\mem[623]$7813 ($dff) from module axi_ram (D = $0$memwr$\mem$rtl/axi_ram.v:104$857_DATA[31:0]$876 [31:24], Q = \mem[623] [31:24]).
Adding EN signal on $memory\mem[622]$7811 ($dff) from module axi_ram (D = $0$memwr$\mem$rtl/axi_ram.v:97$854_DATA[31:0]$867 [7:0], Q = \mem[622] [7:0]).
Adding EN signal on $memory\mem[622]$7811 ($dff) from module axi_ram (D = $0$memwr$\mem$rtl/axi_ram.v:100$855_DATA[31:0]$870 [15:8], Q = \mem[622] [15:8]).
Adding EN signal on $memory\mem[622]$7811 ($dff) from module axi_ram (D = $0$memwr$\mem$rtl/axi_ram.v:102$856_DATA[31:0]$873 [23:16], Q = \mem[622] [23:16]).
Adding EN signal on $memory\mem[622]$7811 ($dff) from module axi_ram (D = $0$memwr$\mem$rtl/axi_ram.v:104$857_DATA[31:0]$876 [31:24], Q = \mem[622] [31:24]).
Adding EN signal on $memory\mem[621]$7809 ($dff) from module axi_ram (D = $0$memwr$\mem$rtl/axi_ram.v:97$854_DATA[31:0]$867 [7:0], Q = \mem[621] [7:0]).
Adding EN signal on $memory\mem[621]$7809 ($dff) from module axi_ram (D = $0$memwr$\mem$rtl/axi_ram.v:100$855_DATA[31:0]$870 [15:8], Q = \mem[621] [15:8]).
Adding EN signal on $memory\mem[621]$7809 ($dff) from module axi_ram (D = $0$memwr$\mem$rtl/axi_ram.v:102$856_DATA[31:0]$873 [23:16], Q = \mem[621] [23:16]).
Adding EN signal on $memory\mem[621]$7809 ($dff) from module axi_ram (D = $0$memwr$\mem$rtl/axi_ram.v:104$857_DATA[31:0]$876 [31:24], Q = \mem[621] [31:24]).
Adding EN signal on $memory\mem[620]$7807 ($dff) from module axi_ram (D = $0$memwr$\mem$rtl/axi_ram.v:97$854_DATA[31:0]$867 [7:0], Q = \mem[620] [7:0]).
Adding EN signal on $memory\mem[620]$7807 ($dff) from module axi_ram (D = $0$memwr$\mem$rtl/axi_ram.v:100$855_DATA[31:0]$870 [15:8], Q = \mem[620] [15:8]).
Adding EN signal on $memory\mem[620]$7807 ($dff) from module axi_ram (D = $0$memwr$\mem$rtl/axi_ram.v:102$856_DATA[31:0]$873 [23:16], Q = \mem[620] [23:16]).
Adding EN signal on $memory\mem[620]$7807 ($dff) from module axi_ram (D = $0$memwr$\mem$rtl/axi_ram.v:104$857_DATA[31:0]$876 [31:24], Q = \mem[620] [31:24]).
Adding EN signal on $memory\mem[61]$6689 ($dff) from module axi_ram (D = $0$memwr$\mem$rtl/axi_ram.v:97$854_DATA[31:0]$867 [7:0], Q = \mem[61] [7:0]).
Adding EN signal on $memory\mem[61]$6689 ($dff) from module axi_ram (D = $0$memwr$\mem$rtl/axi_ram.v:100$855_DATA[31:0]$870 [15:8], Q = \mem[61] [15:8]).
Adding EN signal on $memory\mem[61]$6689 ($dff) from module axi_ram (D = $0$memwr$\mem$rtl/axi_ram.v:102$856_DATA[31:0]$873 [23:16], Q = \mem[61] [23:16]).
Adding EN signal on $memory\mem[61]$6689 ($dff) from module axi_ram (D = $0$memwr$\mem$rtl/axi_ram.v:104$857_DATA[31:0]$876 [31:24], Q = \mem[61] [31:24]).
Adding EN signal on $memory\mem[619]$7805 ($dff) from module axi_ram (D = $0$memwr$\mem$rtl/axi_ram.v:97$854_DATA[31:0]$867 [7:0], Q = \mem[619] [7:0]).
Adding EN signal on $memory\mem[619]$7805 ($dff) from module axi_ram (D = $0$memwr$\mem$rtl/axi_ram.v:100$855_DATA[31:0]$870 [15:8], Q = \mem[619] [15:8]).
Adding EN signal on $memory\mem[619]$7805 ($dff) from module axi_ram (D = $0$memwr$\mem$rtl/axi_ram.v:102$856_DATA[31:0]$873 [23:16], Q = \mem[619] [23:16]).
Adding EN signal on $memory\mem[619]$7805 ($dff) from module axi_ram (D = $0$memwr$\mem$rtl/axi_ram.v:104$857_DATA[31:0]$876 [31:24], Q = \mem[619] [31:24]).
Adding EN signal on $memory\mem[618]$7803 ($dff) from module axi_ram (D = $0$memwr$\mem$rtl/axi_ram.v:97$854_DATA[31:0]$867 [7:0], Q = \mem[618] [7:0]).
Adding EN signal on $memory\mem[618]$7803 ($dff) from module axi_ram (D = $0$memwr$\mem$rtl/axi_ram.v:100$855_DATA[31:0]$870 [15:8], Q = \mem[618] [15:8]).
Adding EN signal on $memory\mem[618]$7803 ($dff) from module axi_ram (D = $0$memwr$\mem$rtl/axi_ram.v:102$856_DATA[31:0]$873 [23:16], Q = \mem[618] [23:16]).
Adding EN signal on $memory\mem[618]$7803 ($dff) from module axi_ram (D = $0$memwr$\mem$rtl/axi_ram.v:104$857_DATA[31:0]$876 [31:24], Q = \mem[618] [31:24]).
Adding EN signal on $memory\mem[617]$7801 ($dff) from module axi_ram (D = $0$memwr$\mem$rtl/axi_ram.v:97$854_DATA[31:0]$867 [7:0], Q = \mem[617] [7:0]).
Adding EN signal on $memory\mem[617]$7801 ($dff) from module axi_ram (D = $0$memwr$\mem$rtl/axi_ram.v:100$855_DATA[31:0]$870 [15:8], Q = \mem[617] [15:8]).
Adding EN signal on $memory\mem[617]$7801 ($dff) from module axi_ram (D = $0$memwr$\mem$rtl/axi_ram.v:102$856_DATA[31:0]$873 [23:16], Q = \mem[617] [23:16]).
Adding EN signal on $memory\mem[617]$7801 ($dff) from module axi_ram (D = $0$memwr$\mem$rtl/axi_ram.v:104$857_DATA[31:0]$876 [31:24], Q = \mem[617] [31:24]).
Adding EN signal on $memory\mem[616]$7799 ($dff) from module axi_ram (D = $0$memwr$\mem$rtl/axi_ram.v:97$854_DATA[31:0]$867 [7:0], Q = \mem[616] [7:0]).
Adding EN signal on $memory\mem[616]$7799 ($dff) from module axi_ram (D = $0$memwr$\mem$rtl/axi_ram.v:100$855_DATA[31:0]$870 [15:8], Q = \mem[616] [15:8]).
Adding EN signal on $memory\mem[616]$7799 ($dff) from module axi_ram (D = $0$memwr$\mem$rtl/axi_ram.v:102$856_DATA[31:0]$873 [23:16], Q = \mem[616] [23:16]).
Adding EN signal on $memory\mem[616]$7799 ($dff) from module axi_ram (D = $0$memwr$\mem$rtl/axi_ram.v:104$857_DATA[31:0]$876 [31:24], Q = \mem[616] [31:24]).
Adding EN signal on $memory\mem[615]$7797 ($dff) from module axi_ram (D = $0$memwr$\mem$rtl/axi_ram.v:97$854_DATA[31:0]$867 [7:0], Q = \mem[615] [7:0]).
Adding EN signal on $memory\mem[615]$7797 ($dff) from module axi_ram (D = $0$memwr$\mem$rtl/axi_ram.v:100$855_DATA[31:0]$870 [15:8], Q = \mem[615] [15:8]).
Adding EN signal on $memory\mem[615]$7797 ($dff) from module axi_ram (D = $0$memwr$\mem$rtl/axi_ram.v:102$856_DATA[31:0]$873 [23:16], Q = \mem[615] [23:16]).
Adding EN signal on $memory\mem[615]$7797 ($dff) from module axi_ram (D = $0$memwr$\mem$rtl/axi_ram.v:104$857_DATA[31:0]$876 [31:24], Q = \mem[615] [31:24]).
Adding EN signal on $memory\mem[614]$7795 ($dff) from module axi_ram (D = $0$memwr$\mem$rtl/axi_ram.v:97$854_DATA[31:0]$867 [7:0], Q = \mem[614] [7:0]).
Adding EN signal on $memory\mem[614]$7795 ($dff) from module axi_ram (D = $0$memwr$\mem$rtl/axi_ram.v:100$855_DATA[31:0]$870 [15:8], Q = \mem[614] [15:8]).
Adding EN signal on $memory\mem[614]$7795 ($dff) from module axi_ram (D = $0$memwr$\mem$rtl/axi_ram.v:102$856_DATA[31:0]$873 [23:16], Q = \mem[614] [23:16]).
Adding EN signal on $memory\mem[614]$7795 ($dff) from module axi_ram (D = $0$memwr$\mem$rtl/axi_ram.v:104$857_DATA[31:0]$876 [31:24], Q = \mem[614] [31:24]).
Adding EN signal on $memory\mem[613]$7793 ($dff) from module axi_ram (D = $0$memwr$\mem$rtl/axi_ram.v:97$854_DATA[31:0]$867 [7:0], Q = \mem[613] [7:0]).
Adding EN signal on $memory\mem[613]$7793 ($dff) from module axi_ram (D = $0$memwr$\mem$rtl/axi_ram.v:100$855_DATA[31:0]$870 [15:8], Q = \mem[613] [15:8]).
Adding EN signal on $memory\mem[613]$7793 ($dff) from module axi_ram (D = $0$memwr$\mem$rtl/axi_ram.v:102$856_DATA[31:0]$873 [23:16], Q = \mem[613] [23:16]).
Adding EN signal on $memory\mem[613]$7793 ($dff) from module axi_ram (D = $0$memwr$\mem$rtl/axi_ram.v:104$857_DATA[31:0]$876 [31:24], Q = \mem[613] [31:24]).
Adding EN signal on $memory\mem[612]$7791 ($dff) from module axi_ram (D = $0$memwr$\mem$rtl/axi_ram.v:97$854_DATA[31:0]$867 [7:0], Q = \mem[612] [7:0]).
Adding EN signal on $memory\mem[612]$7791 ($dff) from module axi_ram (D = $0$memwr$\mem$rtl/axi_ram.v:100$855_DATA[31:0]$870 [15:8], Q = \mem[612] [15:8]).
Adding EN signal on $memory\mem[612]$7791 ($dff) from module axi_ram (D = $0$memwr$\mem$rtl/axi_ram.v:102$856_DATA[31:0]$873 [23:16], Q = \mem[612] [23:16]).
Adding EN signal on $memory\mem[612]$7791 ($dff) from module axi_ram (D = $0$memwr$\mem$rtl/axi_ram.v:104$857_DATA[31:0]$876 [31:24], Q = \mem[612] [31:24]).
Adding EN signal on $memory\mem[611]$7789 ($dff) from module axi_ram (D = $0$memwr$\mem$rtl/axi_ram.v:97$854_DATA[31:0]$867 [7:0], Q = \mem[611] [7:0]).
Adding EN signal on $memory\mem[611]$7789 ($dff) from module axi_ram (D = $0$memwr$\mem$rtl/axi_ram.v:100$855_DATA[31:0]$870 [15:8], Q = \mem[611] [15:8]).
Adding EN signal on $memory\mem[611]$7789 ($dff) from module axi_ram (D = $0$memwr$\mem$rtl/axi_ram.v:102$856_DATA[31:0]$873 [23:16], Q = \mem[611] [23:16]).
Adding EN signal on $memory\mem[611]$7789 ($dff) from module axi_ram (D = $0$memwr$\mem$rtl/axi_ram.v:104$857_DATA[31:0]$876 [31:24], Q = \mem[611] [31:24]).
Adding EN signal on $memory\mem[610]$7787 ($dff) from module axi_ram (D = $0$memwr$\mem$rtl/axi_ram.v:97$854_DATA[31:0]$867 [7:0], Q = \mem[610] [7:0]).
Adding EN signal on $memory\mem[610]$7787 ($dff) from module axi_ram (D = $0$memwr$\mem$rtl/axi_ram.v:100$855_DATA[31:0]$870 [15:8], Q = \mem[610] [15:8]).
Adding EN signal on $memory\mem[610]$7787 ($dff) from module axi_ram (D = $0$memwr$\mem$rtl/axi_ram.v:102$856_DATA[31:0]$873 [23:16], Q = \mem[610] [23:16]).
Adding EN signal on $memory\mem[610]$7787 ($dff) from module axi_ram (D = $0$memwr$\mem$rtl/axi_ram.v:104$857_DATA[31:0]$876 [31:24], Q = \mem[610] [31:24]).
Adding EN signal on $memory\mem[60]$6687 ($dff) from module axi_ram (D = $0$memwr$\mem$rtl/axi_ram.v:97$854_DATA[31:0]$867 [7:0], Q = \mem[60] [7:0]).
Adding EN signal on $memory\mem[60]$6687 ($dff) from module axi_ram (D = $0$memwr$\mem$rtl/axi_ram.v:100$855_DATA[31:0]$870 [15:8], Q = \mem[60] [15:8]).
Adding EN signal on $memory\mem[60]$6687 ($dff) from module axi_ram (D = $0$memwr$\mem$rtl/axi_ram.v:102$856_DATA[31:0]$873 [23:16], Q = \mem[60] [23:16]).
Adding EN signal on $memory\mem[60]$6687 ($dff) from module axi_ram (D = $0$memwr$\mem$rtl/axi_ram.v:104$857_DATA[31:0]$876 [31:24], Q = \mem[60] [31:24]).
Adding EN signal on $memory\mem[609]$7785 ($dff) from module axi_ram (D = $0$memwr$\mem$rtl/axi_ram.v:97$854_DATA[31:0]$867 [7:0], Q = \mem[609] [7:0]).
Adding EN signal on $memory\mem[609]$7785 ($dff) from module axi_ram (D = $0$memwr$\mem$rtl/axi_ram.v:100$855_DATA[31:0]$870 [15:8], Q = \mem[609] [15:8]).
Adding EN signal on $memory\mem[609]$7785 ($dff) from module axi_ram (D = $0$memwr$\mem$rtl/axi_ram.v:102$856_DATA[31:0]$873 [23:16], Q = \mem[609] [23:16]).
Adding EN signal on $memory\mem[609]$7785 ($dff) from module axi_ram (D = $0$memwr$\mem$rtl/axi_ram.v:104$857_DATA[31:0]$876 [31:24], Q = \mem[609] [31:24]).
Adding EN signal on $memory\mem[608]$7783 ($dff) from module axi_ram (D = $0$memwr$\mem$rtl/axi_ram.v:97$854_DATA[31:0]$867 [7:0], Q = \mem[608] [7:0]).
Adding EN signal on $memory\mem[608]$7783 ($dff) from module axi_ram (D = $0$memwr$\mem$rtl/axi_ram.v:100$855_DATA[31:0]$870 [15:8], Q = \mem[608] [15:8]).
Adding EN signal on $memory\mem[608]$7783 ($dff) from module axi_ram (D = $0$memwr$\mem$rtl/axi_ram.v:102$856_DATA[31:0]$873 [23:16], Q = \mem[608] [23:16]).
Adding EN signal on $memory\mem[608]$7783 ($dff) from module axi_ram (D = $0$memwr$\mem$rtl/axi_ram.v:104$857_DATA[31:0]$876 [31:24], Q = \mem[608] [31:24]).
Adding EN signal on $memory\mem[607]$7781 ($dff) from module axi_ram (D = $0$memwr$\mem$rtl/axi_ram.v:97$854_DATA[31:0]$867 [7:0], Q = \mem[607] [7:0]).
Adding EN signal on $memory\mem[607]$7781 ($dff) from module axi_ram (D = $0$memwr$\mem$rtl/axi_ram.v:100$855_DATA[31:0]$870 [15:8], Q = \mem[607] [15:8]).
Adding EN signal on $memory\mem[607]$7781 ($dff) from module axi_ram (D = $0$memwr$\mem$rtl/axi_ram.v:102$856_DATA[31:0]$873 [23:16], Q = \mem[607] [23:16]).
Adding EN signal on $memory\mem[607]$7781 ($dff) from module axi_ram (D = $0$memwr$\mem$rtl/axi_ram.v:104$857_DATA[31:0]$876 [31:24], Q = \mem[607] [31:24]).
Adding EN signal on $memory\mem[606]$7779 ($dff) from module axi_ram (D = $0$memwr$\mem$rtl/axi_ram.v:97$854_DATA[31:0]$867 [7:0], Q = \mem[606] [7:0]).
Adding EN signal on $memory\mem[606]$7779 ($dff) from module axi_ram (D = $0$memwr$\mem$rtl/axi_ram.v:100$855_DATA[31:0]$870 [15:8], Q = \mem[606] [15:8]).
Adding EN signal on $memory\mem[606]$7779 ($dff) from module axi_ram (D = $0$memwr$\mem$rtl/axi_ram.v:102$856_DATA[31:0]$873 [23:16], Q = \mem[606] [23:16]).
Adding EN signal on $memory\mem[606]$7779 ($dff) from module axi_ram (D = $0$memwr$\mem$rtl/axi_ram.v:104$857_DATA[31:0]$876 [31:24], Q = \mem[606] [31:24]).
Adding EN signal on $memory\mem[605]$7777 ($dff) from module axi_ram (D = $0$memwr$\mem$rtl/axi_ram.v:97$854_DATA[31:0]$867 [7:0], Q = \mem[605] [7:0]).
Adding EN signal on $memory\mem[605]$7777 ($dff) from module axi_ram (D = $0$memwr$\mem$rtl/axi_ram.v:100$855_DATA[31:0]$870 [15:8], Q = \mem[605] [15:8]).
Adding EN signal on $memory\mem[605]$7777 ($dff) from module axi_ram (D = $0$memwr$\mem$rtl/axi_ram.v:102$856_DATA[31:0]$873 [23:16], Q = \mem[605] [23:16]).
Adding EN signal on $memory\mem[605]$7777 ($dff) from module axi_ram (D = $0$memwr$\mem$rtl/axi_ram.v:104$857_DATA[31:0]$876 [31:24], Q = \mem[605] [31:24]).
Adding EN signal on $memory\mem[604]$7775 ($dff) from module axi_ram (D = $0$memwr$\mem$rtl/axi_ram.v:97$854_DATA[31:0]$867 [7:0], Q = \mem[604] [7:0]).
Adding EN signal on $memory\mem[604]$7775 ($dff) from module axi_ram (D = $0$memwr$\mem$rtl/axi_ram.v:100$855_DATA[31:0]$870 [15:8], Q = \mem[604] [15:8]).
Adding EN signal on $memory\mem[604]$7775 ($dff) from module axi_ram (D = $0$memwr$\mem$rtl/axi_ram.v:102$856_DATA[31:0]$873 [23:16], Q = \mem[604] [23:16]).
Adding EN signal on $memory\mem[604]$7775 ($dff) from module axi_ram (D = $0$memwr$\mem$rtl/axi_ram.v:104$857_DATA[31:0]$876 [31:24], Q = \mem[604] [31:24]).
Adding EN signal on $memory\mem[603]$7773 ($dff) from module axi_ram (D = $0$memwr$\mem$rtl/axi_ram.v:97$854_DATA[31:0]$867 [7:0], Q = \mem[603] [7:0]).
Adding EN signal on $memory\mem[603]$7773 ($dff) from module axi_ram (D = $0$memwr$\mem$rtl/axi_ram.v:100$855_DATA[31:0]$870 [15:8], Q = \mem[603] [15:8]).
Adding EN signal on $memory\mem[603]$7773 ($dff) from module axi_ram (D = $0$memwr$\mem$rtl/axi_ram.v:102$856_DATA[31:0]$873 [23:16], Q = \mem[603] [23:16]).
Adding EN signal on $memory\mem[603]$7773 ($dff) from module axi_ram (D = $0$memwr$\mem$rtl/axi_ram.v:104$857_DATA[31:0]$876 [31:24], Q = \mem[603] [31:24]).
Adding EN signal on $memory\mem[602]$7771 ($dff) from module axi_ram (D = $0$memwr$\mem$rtl/axi_ram.v:97$854_DATA[31:0]$867 [7:0], Q = \mem[602] [7:0]).
Adding EN signal on $memory\mem[602]$7771 ($dff) from module axi_ram (D = $0$memwr$\mem$rtl/axi_ram.v:100$855_DATA[31:0]$870 [15:8], Q = \mem[602] [15:8]).
Adding EN signal on $memory\mem[602]$7771 ($dff) from module axi_ram (D = $0$memwr$\mem$rtl/axi_ram.v:102$856_DATA[31:0]$873 [23:16], Q = \mem[602] [23:16]).
Adding EN signal on $memory\mem[602]$7771 ($dff) from module axi_ram (D = $0$memwr$\mem$rtl/axi_ram.v:104$857_DATA[31:0]$876 [31:24], Q = \mem[602] [31:24]).
Adding EN signal on $memory\mem[601]$7769 ($dff) from module axi_ram (D = $0$memwr$\mem$rtl/axi_ram.v:97$854_DATA[31:0]$867 [7:0], Q = \mem[601] [7:0]).
Adding EN signal on $memory\mem[601]$7769 ($dff) from module axi_ram (D = $0$memwr$\mem$rtl/axi_ram.v:100$855_DATA[31:0]$870 [15:8], Q = \mem[601] [15:8]).
Adding EN signal on $memory\mem[601]$7769 ($dff) from module axi_ram (D = $0$memwr$\mem$rtl/axi_ram.v:102$856_DATA[31:0]$873 [23:16], Q = \mem[601] [23:16]).
Adding EN signal on $memory\mem[601]$7769 ($dff) from module axi_ram (D = $0$memwr$\mem$rtl/axi_ram.v:104$857_DATA[31:0]$876 [31:24], Q = \mem[601] [31:24]).
Adding EN signal on $memory\mem[600]$7767 ($dff) from module axi_ram (D = $0$memwr$\mem$rtl/axi_ram.v:97$854_DATA[31:0]$867 [7:0], Q = \mem[600] [7:0]).
Adding EN signal on $memory\mem[600]$7767 ($dff) from module axi_ram (D = $0$memwr$\mem$rtl/axi_ram.v:100$855_DATA[31:0]$870 [15:8], Q = \mem[600] [15:8]).
Adding EN signal on $memory\mem[600]$7767 ($dff) from module axi_ram (D = $0$memwr$\mem$rtl/axi_ram.v:102$856_DATA[31:0]$873 [23:16], Q = \mem[600] [23:16]).
Adding EN signal on $memory\mem[600]$7767 ($dff) from module axi_ram (D = $0$memwr$\mem$rtl/axi_ram.v:104$857_DATA[31:0]$876 [31:24], Q = \mem[600] [31:24]).
Adding EN signal on $memory\mem[5]$6577 ($dff) from module axi_ram (D = $0$memwr$\mem$rtl/axi_ram.v:97$854_DATA[31:0]$867 [7:0], Q = \mem[5] [7:0]).
Adding EN signal on $memory\mem[5]$6577 ($dff) from module axi_ram (D = $0$memwr$\mem$rtl/axi_ram.v:100$855_DATA[31:0]$870 [15:8], Q = \mem[5] [15:8]).
Adding EN signal on $memory\mem[5]$6577 ($dff) from module axi_ram (D = $0$memwr$\mem$rtl/axi_ram.v:102$856_DATA[31:0]$873 [23:16], Q = \mem[5] [23:16]).
Adding EN signal on $memory\mem[5]$6577 ($dff) from module axi_ram (D = $0$memwr$\mem$rtl/axi_ram.v:104$857_DATA[31:0]$876 [31:24], Q = \mem[5] [31:24]).
Adding EN signal on $memory\mem[59]$6685 ($dff) from module axi_ram (D = $0$memwr$\mem$rtl/axi_ram.v:97$854_DATA[31:0]$867 [7:0], Q = \mem[59] [7:0]).
Adding EN signal on $memory\mem[59]$6685 ($dff) from module axi_ram (D = $0$memwr$\mem$rtl/axi_ram.v:100$855_DATA[31:0]$870 [15:8], Q = \mem[59] [15:8]).
Adding EN signal on $memory\mem[59]$6685 ($dff) from module axi_ram (D = $0$memwr$\mem$rtl/axi_ram.v:102$856_DATA[31:0]$873 [23:16], Q = \mem[59] [23:16]).
Adding EN signal on $memory\mem[59]$6685 ($dff) from module axi_ram (D = $0$memwr$\mem$rtl/axi_ram.v:104$857_DATA[31:0]$876 [31:24], Q = \mem[59] [31:24]).
Adding EN signal on $memory\mem[599]$7765 ($dff) from module axi_ram (D = $0$memwr$\mem$rtl/axi_ram.v:97$854_DATA[31:0]$867 [7:0], Q = \mem[599] [7:0]).
Adding EN signal on $memory\mem[599]$7765 ($dff) from module axi_ram (D = $0$memwr$\mem$rtl/axi_ram.v:100$855_DATA[31:0]$870 [15:8], Q = \mem[599] [15:8]).
Adding EN signal on $memory\mem[599]$7765 ($dff) from module axi_ram (D = $0$memwr$\mem$rtl/axi_ram.v:102$856_DATA[31:0]$873 [23:16], Q = \mem[599] [23:16]).
Adding EN signal on $memory\mem[599]$7765 ($dff) from module axi_ram (D = $0$memwr$\mem$rtl/axi_ram.v:104$857_DATA[31:0]$876 [31:24], Q = \mem[599] [31:24]).
Adding EN signal on $memory\mem[598]$7763 ($dff) from module axi_ram (D = $0$memwr$\mem$rtl/axi_ram.v:97$854_DATA[31:0]$867 [7:0], Q = \mem[598] [7:0]).
Adding EN signal on $memory\mem[598]$7763 ($dff) from module axi_ram (D = $0$memwr$\mem$rtl/axi_ram.v:100$855_DATA[31:0]$870 [15:8], Q = \mem[598] [15:8]).
Adding EN signal on $memory\mem[598]$7763 ($dff) from module axi_ram (D = $0$memwr$\mem$rtl/axi_ram.v:102$856_DATA[31:0]$873 [23:16], Q = \mem[598] [23:16]).
Adding EN signal on $memory\mem[598]$7763 ($dff) from module axi_ram (D = $0$memwr$\mem$rtl/axi_ram.v:104$857_DATA[31:0]$876 [31:24], Q = \mem[598] [31:24]).
Adding EN signal on $memory\mem[597]$7761 ($dff) from module axi_ram (D = $0$memwr$\mem$rtl/axi_ram.v:97$854_DATA[31:0]$867 [7:0], Q = \mem[597] [7:0]).
Adding EN signal on $memory\mem[597]$7761 ($dff) from module axi_ram (D = $0$memwr$\mem$rtl/axi_ram.v:100$855_DATA[31:0]$870 [15:8], Q = \mem[597] [15:8]).
Adding EN signal on $memory\mem[597]$7761 ($dff) from module axi_ram (D = $0$memwr$\mem$rtl/axi_ram.v:102$856_DATA[31:0]$873 [23:16], Q = \mem[597] [23:16]).
Adding EN signal on $memory\mem[597]$7761 ($dff) from module axi_ram (D = $0$memwr$\mem$rtl/axi_ram.v:104$857_DATA[31:0]$876 [31:24], Q = \mem[597] [31:24]).
Adding EN signal on $memory\mem[596]$7759 ($dff) from module axi_ram (D = $0$memwr$\mem$rtl/axi_ram.v:97$854_DATA[31:0]$867 [7:0], Q = \mem[596] [7:0]).
Adding EN signal on $memory\mem[596]$7759 ($dff) from module axi_ram (D = $0$memwr$\mem$rtl/axi_ram.v:100$855_DATA[31:0]$870 [15:8], Q = \mem[596] [15:8]).
Adding EN signal on $memory\mem[596]$7759 ($dff) from module axi_ram (D = $0$memwr$\mem$rtl/axi_ram.v:102$856_DATA[31:0]$873 [23:16], Q = \mem[596] [23:16]).
Adding EN signal on $memory\mem[596]$7759 ($dff) from module axi_ram (D = $0$memwr$\mem$rtl/axi_ram.v:104$857_DATA[31:0]$876 [31:24], Q = \mem[596] [31:24]).
Adding EN signal on $memory\mem[595]$7757 ($dff) from module axi_ram (D = $0$memwr$\mem$rtl/axi_ram.v:97$854_DATA[31:0]$867 [7:0], Q = \mem[595] [7:0]).
Adding EN signal on $memory\mem[595]$7757 ($dff) from module axi_ram (D = $0$memwr$\mem$rtl/axi_ram.v:100$855_DATA[31:0]$870 [15:8], Q = \mem[595] [15:8]).
Adding EN signal on $memory\mem[595]$7757 ($dff) from module axi_ram (D = $0$memwr$\mem$rtl/axi_ram.v:102$856_DATA[31:0]$873 [23:16], Q = \mem[595] [23:16]).
Adding EN signal on $memory\mem[595]$7757 ($dff) from module axi_ram (D = $0$memwr$\mem$rtl/axi_ram.v:104$857_DATA[31:0]$876 [31:24], Q = \mem[595] [31:24]).
Adding EN signal on $memory\mem[594]$7755 ($dff) from module axi_ram (D = $0$memwr$\mem$rtl/axi_ram.v:97$854_DATA[31:0]$867 [7:0], Q = \mem[594] [7:0]).
Adding EN signal on $memory\mem[594]$7755 ($dff) from module axi_ram (D = $0$memwr$\mem$rtl/axi_ram.v:100$855_DATA[31:0]$870 [15:8], Q = \mem[594] [15:8]).
Adding EN signal on $memory\mem[594]$7755 ($dff) from module axi_ram (D = $0$memwr$\mem$rtl/axi_ram.v:102$856_DATA[31:0]$873 [23:16], Q = \mem[594] [23:16]).
Adding EN signal on $memory\mem[594]$7755 ($dff) from module axi_ram (D = $0$memwr$\mem$rtl/axi_ram.v:104$857_DATA[31:0]$876 [31:24], Q = \mem[594] [31:24]).
Adding EN signal on $memory\mem[593]$7753 ($dff) from module axi_ram (D = $0$memwr$\mem$rtl/axi_ram.v:97$854_DATA[31:0]$867 [7:0], Q = \mem[593] [7:0]).
Adding EN signal on $memory\mem[593]$7753 ($dff) from module axi_ram (D = $0$memwr$\mem$rtl/axi_ram.v:100$855_DATA[31:0]$870 [15:8], Q = \mem[593] [15:8]).
Adding EN signal on $memory\mem[593]$7753 ($dff) from module axi_ram (D = $0$memwr$\mem$rtl/axi_ram.v:102$856_DATA[31:0]$873 [23:16], Q = \mem[593] [23:16]).
Adding EN signal on $memory\mem[593]$7753 ($dff) from module axi_ram (D = $0$memwr$\mem$rtl/axi_ram.v:104$857_DATA[31:0]$876 [31:24], Q = \mem[593] [31:24]).
Adding EN signal on $memory\mem[592]$7751 ($dff) from module axi_ram (D = $0$memwr$\mem$rtl/axi_ram.v:97$854_DATA[31:0]$867 [7:0], Q = \mem[592] [7:0]).
Adding EN signal on $memory\mem[592]$7751 ($dff) from module axi_ram (D = $0$memwr$\mem$rtl/axi_ram.v:100$855_DATA[31:0]$870 [15:8], Q = \mem[592] [15:8]).
Adding EN signal on $memory\mem[592]$7751 ($dff) from module axi_ram (D = $0$memwr$\mem$rtl/axi_ram.v:102$856_DATA[31:0]$873 [23:16], Q = \mem[592] [23:16]).
Adding EN signal on $memory\mem[592]$7751 ($dff) from module axi_ram (D = $0$memwr$\mem$rtl/axi_ram.v:104$857_DATA[31:0]$876 [31:24], Q = \mem[592] [31:24]).
Adding EN signal on $memory\mem[591]$7749 ($dff) from module axi_ram (D = $0$memwr$\mem$rtl/axi_ram.v:97$854_DATA[31:0]$867 [7:0], Q = \mem[591] [7:0]).
Adding EN signal on $memory\mem[591]$7749 ($dff) from module axi_ram (D = $0$memwr$\mem$rtl/axi_ram.v:100$855_DATA[31:0]$870 [15:8], Q = \mem[591] [15:8]).
Adding EN signal on $memory\mem[591]$7749 ($dff) from module axi_ram (D = $0$memwr$\mem$rtl/axi_ram.v:102$856_DATA[31:0]$873 [23:16], Q = \mem[591] [23:16]).
Adding EN signal on $memory\mem[591]$7749 ($dff) from module axi_ram (D = $0$memwr$\mem$rtl/axi_ram.v:104$857_DATA[31:0]$876 [31:24], Q = \mem[591] [31:24]).
Adding EN signal on $memory\mem[590]$7747 ($dff) from module axi_ram (D = $0$memwr$\mem$rtl/axi_ram.v:97$854_DATA[31:0]$867 [7:0], Q = \mem[590] [7:0]).
Adding EN signal on $memory\mem[590]$7747 ($dff) from module axi_ram (D = $0$memwr$\mem$rtl/axi_ram.v:100$855_DATA[31:0]$870 [15:8], Q = \mem[590] [15:8]).
Adding EN signal on $memory\mem[590]$7747 ($dff) from module axi_ram (D = $0$memwr$\mem$rtl/axi_ram.v:102$856_DATA[31:0]$873 [23:16], Q = \mem[590] [23:16]).
Adding EN signal on $memory\mem[590]$7747 ($dff) from module axi_ram (D = $0$memwr$\mem$rtl/axi_ram.v:104$857_DATA[31:0]$876 [31:24], Q = \mem[590] [31:24]).
Adding EN signal on $memory\mem[58]$6683 ($dff) from module axi_ram (D = $0$memwr$\mem$rtl/axi_ram.v:97$854_DATA[31:0]$867 [7:0], Q = \mem[58] [7:0]).
Adding EN signal on $memory\mem[58]$6683 ($dff) from module axi_ram (D = $0$memwr$\mem$rtl/axi_ram.v:100$855_DATA[31:0]$870 [15:8], Q = \mem[58] [15:8]).
Adding EN signal on $memory\mem[58]$6683 ($dff) from module axi_ram (D = $0$memwr$\mem$rtl/axi_ram.v:102$856_DATA[31:0]$873 [23:16], Q = \mem[58] [23:16]).
Adding EN signal on $memory\mem[58]$6683 ($dff) from module axi_ram (D = $0$memwr$\mem$rtl/axi_ram.v:104$857_DATA[31:0]$876 [31:24], Q = \mem[58] [31:24]).
Adding EN signal on $memory\mem[589]$7745 ($dff) from module axi_ram (D = $0$memwr$\mem$rtl/axi_ram.v:97$854_DATA[31:0]$867 [7:0], Q = \mem[589] [7:0]).
Adding EN signal on $memory\mem[589]$7745 ($dff) from module axi_ram (D = $0$memwr$\mem$rtl/axi_ram.v:100$855_DATA[31:0]$870 [15:8], Q = \mem[589] [15:8]).
Adding EN signal on $memory\mem[589]$7745 ($dff) from module axi_ram (D = $0$memwr$\mem$rtl/axi_ram.v:102$856_DATA[31:0]$873 [23:16], Q = \mem[589] [23:16]).
Adding EN signal on $memory\mem[589]$7745 ($dff) from module axi_ram (D = $0$memwr$\mem$rtl/axi_ram.v:104$857_DATA[31:0]$876 [31:24], Q = \mem[589] [31:24]).
Adding EN signal on $memory\mem[588]$7743 ($dff) from module axi_ram (D = $0$memwr$\mem$rtl/axi_ram.v:97$854_DATA[31:0]$867 [7:0], Q = \mem[588] [7:0]).
Adding EN signal on $memory\mem[588]$7743 ($dff) from module axi_ram (D = $0$memwr$\mem$rtl/axi_ram.v:100$855_DATA[31:0]$870 [15:8], Q = \mem[588] [15:8]).
Adding EN signal on $memory\mem[588]$7743 ($dff) from module axi_ram (D = $0$memwr$\mem$rtl/axi_ram.v:102$856_DATA[31:0]$873 [23:16], Q = \mem[588] [23:16]).
Adding EN signal on $memory\mem[588]$7743 ($dff) from module axi_ram (D = $0$memwr$\mem$rtl/axi_ram.v:104$857_DATA[31:0]$876 [31:24], Q = \mem[588] [31:24]).
Adding EN signal on $memory\mem[587]$7741 ($dff) from module axi_ram (D = $0$memwr$\mem$rtl/axi_ram.v:97$854_DATA[31:0]$867 [7:0], Q = \mem[587] [7:0]).
Adding EN signal on $memory\mem[587]$7741 ($dff) from module axi_ram (D = $0$memwr$\mem$rtl/axi_ram.v:100$855_DATA[31:0]$870 [15:8], Q = \mem[587] [15:8]).
Adding EN signal on $memory\mem[587]$7741 ($dff) from module axi_ram (D = $0$memwr$\mem$rtl/axi_ram.v:102$856_DATA[31:0]$873 [23:16], Q = \mem[587] [23:16]).
Adding EN signal on $memory\mem[587]$7741 ($dff) from module axi_ram (D = $0$memwr$\mem$rtl/axi_ram.v:104$857_DATA[31:0]$876 [31:24], Q = \mem[587] [31:24]).
Adding EN signal on $memory\mem[586]$7739 ($dff) from module axi_ram (D = $0$memwr$\mem$rtl/axi_ram.v:97$854_DATA[31:0]$867 [7:0], Q = \mem[586] [7:0]).
Adding EN signal on $memory\mem[586]$7739 ($dff) from module axi_ram (D = $0$memwr$\mem$rtl/axi_ram.v:100$855_DATA[31:0]$870 [15:8], Q = \mem[586] [15:8]).
Adding EN signal on $memory\mem[586]$7739 ($dff) from module axi_ram (D = $0$memwr$\mem$rtl/axi_ram.v:102$856_DATA[31:0]$873 [23:16], Q = \mem[586] [23:16]).
Adding EN signal on $memory\mem[586]$7739 ($dff) from module axi_ram (D = $0$memwr$\mem$rtl/axi_ram.v:104$857_DATA[31:0]$876 [31:24], Q = \mem[586] [31:24]).
Adding EN signal on $memory\mem[585]$7737 ($dff) from module axi_ram (D = $0$memwr$\mem$rtl/axi_ram.v:97$854_DATA[31:0]$867 [7:0], Q = \mem[585] [7:0]).
Adding EN signal on $memory\mem[585]$7737 ($dff) from module axi_ram (D = $0$memwr$\mem$rtl/axi_ram.v:100$855_DATA[31:0]$870 [15:8], Q = \mem[585] [15:8]).
Adding EN signal on $memory\mem[585]$7737 ($dff) from module axi_ram (D = $0$memwr$\mem$rtl/axi_ram.v:102$856_DATA[31:0]$873 [23:16], Q = \mem[585] [23:16]).
Adding EN signal on $memory\mem[585]$7737 ($dff) from module axi_ram (D = $0$memwr$\mem$rtl/axi_ram.v:104$857_DATA[31:0]$876 [31:24], Q = \mem[585] [31:24]).
Adding EN signal on $memory\mem[584]$7735 ($dff) from module axi_ram (D = $0$memwr$\mem$rtl/axi_ram.v:97$854_DATA[31:0]$867 [7:0], Q = \mem[584] [7:0]).
Adding EN signal on $memory\mem[584]$7735 ($dff) from module axi_ram (D = $0$memwr$\mem$rtl/axi_ram.v:100$855_DATA[31:0]$870 [15:8], Q = \mem[584] [15:8]).
Adding EN signal on $memory\mem[584]$7735 ($dff) from module axi_ram (D = $0$memwr$\mem$rtl/axi_ram.v:102$856_DATA[31:0]$873 [23:16], Q = \mem[584] [23:16]).
Adding EN signal on $memory\mem[584]$7735 ($dff) from module axi_ram (D = $0$memwr$\mem$rtl/axi_ram.v:104$857_DATA[31:0]$876 [31:24], Q = \mem[584] [31:24]).
Adding EN signal on $memory\mem[583]$7733 ($dff) from module axi_ram (D = $0$memwr$\mem$rtl/axi_ram.v:97$854_DATA[31:0]$867 [7:0], Q = \mem[583] [7:0]).
Adding EN signal on $memory\mem[583]$7733 ($dff) from module axi_ram (D = $0$memwr$\mem$rtl/axi_ram.v:100$855_DATA[31:0]$870 [15:8], Q = \mem[583] [15:8]).
Adding EN signal on $memory\mem[583]$7733 ($dff) from module axi_ram (D = $0$memwr$\mem$rtl/axi_ram.v:102$856_DATA[31:0]$873 [23:16], Q = \mem[583] [23:16]).
Adding EN signal on $memory\mem[583]$7733 ($dff) from module axi_ram (D = $0$memwr$\mem$rtl/axi_ram.v:104$857_DATA[31:0]$876 [31:24], Q = \mem[583] [31:24]).
Adding EN signal on $memory\mem[582]$7731 ($dff) from module axi_ram (D = $0$memwr$\mem$rtl/axi_ram.v:97$854_DATA[31:0]$867 [7:0], Q = \mem[582] [7:0]).
Adding EN signal on $memory\mem[582]$7731 ($dff) from module axi_ram (D = $0$memwr$\mem$rtl/axi_ram.v:100$855_DATA[31:0]$870 [15:8], Q = \mem[582] [15:8]).
Adding EN signal on $memory\mem[582]$7731 ($dff) from module axi_ram (D = $0$memwr$\mem$rtl/axi_ram.v:102$856_DATA[31:0]$873 [23:16], Q = \mem[582] [23:16]).
Adding EN signal on $memory\mem[582]$7731 ($dff) from module axi_ram (D = $0$memwr$\mem$rtl/axi_ram.v:104$857_DATA[31:0]$876 [31:24], Q = \mem[582] [31:24]).
Adding EN signal on $memory\mem[581]$7729 ($dff) from module axi_ram (D = $0$memwr$\mem$rtl/axi_ram.v:97$854_DATA[31:0]$867 [7:0], Q = \mem[581] [7:0]).
Adding EN signal on $memory\mem[581]$7729 ($dff) from module axi_ram (D = $0$memwr$\mem$rtl/axi_ram.v:100$855_DATA[31:0]$870 [15:8], Q = \mem[581] [15:8]).
Adding EN signal on $memory\mem[581]$7729 ($dff) from module axi_ram (D = $0$memwr$\mem$rtl/axi_ram.v:102$856_DATA[31:0]$873 [23:16], Q = \mem[581] [23:16]).
Adding EN signal on $memory\mem[581]$7729 ($dff) from module axi_ram (D = $0$memwr$\mem$rtl/axi_ram.v:104$857_DATA[31:0]$876 [31:24], Q = \mem[581] [31:24]).
Adding EN signal on $memory\mem[580]$7727 ($dff) from module axi_ram (D = $0$memwr$\mem$rtl/axi_ram.v:97$854_DATA[31:0]$867 [7:0], Q = \mem[580] [7:0]).
Adding EN signal on $memory\mem[580]$7727 ($dff) from module axi_ram (D = $0$memwr$\mem$rtl/axi_ram.v:100$855_DATA[31:0]$870 [15:8], Q = \mem[580] [15:8]).
Adding EN signal on $memory\mem[580]$7727 ($dff) from module axi_ram (D = $0$memwr$\mem$rtl/axi_ram.v:102$856_DATA[31:0]$873 [23:16], Q = \mem[580] [23:16]).
Adding EN signal on $memory\mem[580]$7727 ($dff) from module axi_ram (D = $0$memwr$\mem$rtl/axi_ram.v:104$857_DATA[31:0]$876 [31:24], Q = \mem[580] [31:24]).
Adding EN signal on $memory\mem[57]$6681 ($dff) from module axi_ram (D = $0$memwr$\mem$rtl/axi_ram.v:97$854_DATA[31:0]$867 [7:0], Q = \mem[57] [7:0]).
Adding EN signal on $memory\mem[57]$6681 ($dff) from module axi_ram (D = $0$memwr$\mem$rtl/axi_ram.v:100$855_DATA[31:0]$870 [15:8], Q = \mem[57] [15:8]).
Adding EN signal on $memory\mem[57]$6681 ($dff) from module axi_ram (D = $0$memwr$\mem$rtl/axi_ram.v:102$856_DATA[31:0]$873 [23:16], Q = \mem[57] [23:16]).
Adding EN signal on $memory\mem[57]$6681 ($dff) from module axi_ram (D = $0$memwr$\mem$rtl/axi_ram.v:104$857_DATA[31:0]$876 [31:24], Q = \mem[57] [31:24]).
Adding EN signal on $memory\mem[579]$7725 ($dff) from module axi_ram (D = $0$memwr$\mem$rtl/axi_ram.v:97$854_DATA[31:0]$867 [7:0], Q = \mem[579] [7:0]).
Adding EN signal on $memory\mem[579]$7725 ($dff) from module axi_ram (D = $0$memwr$\mem$rtl/axi_ram.v:100$855_DATA[31:0]$870 [15:8], Q = \mem[579] [15:8]).
Adding EN signal on $memory\mem[579]$7725 ($dff) from module axi_ram (D = $0$memwr$\mem$rtl/axi_ram.v:102$856_DATA[31:0]$873 [23:16], Q = \mem[579] [23:16]).
Adding EN signal on $memory\mem[579]$7725 ($dff) from module axi_ram (D = $0$memwr$\mem$rtl/axi_ram.v:104$857_DATA[31:0]$876 [31:24], Q = \mem[579] [31:24]).
Adding EN signal on $memory\mem[578]$7723 ($dff) from module axi_ram (D = $0$memwr$\mem$rtl/axi_ram.v:97$854_DATA[31:0]$867 [7:0], Q = \mem[578] [7:0]).
Adding EN signal on $memory\mem[578]$7723 ($dff) from module axi_ram (D = $0$memwr$\mem$rtl/axi_ram.v:100$855_DATA[31:0]$870 [15:8], Q = \mem[578] [15:8]).
Adding EN signal on $memory\mem[578]$7723 ($dff) from module axi_ram (D = $0$memwr$\mem$rtl/axi_ram.v:102$856_DATA[31:0]$873 [23:16], Q = \mem[578] [23:16]).
Adding EN signal on $memory\mem[578]$7723 ($dff) from module axi_ram (D = $0$memwr$\mem$rtl/axi_ram.v:104$857_DATA[31:0]$876 [31:24], Q = \mem[578] [31:24]).
Adding EN signal on $memory\mem[577]$7721 ($dff) from module axi_ram (D = $0$memwr$\mem$rtl/axi_ram.v:97$854_DATA[31:0]$867 [7:0], Q = \mem[577] [7:0]).
Adding EN signal on $memory\mem[577]$7721 ($dff) from module axi_ram (D = $0$memwr$\mem$rtl/axi_ram.v:100$855_DATA[31:0]$870 [15:8], Q = \mem[577] [15:8]).
Adding EN signal on $memory\mem[577]$7721 ($dff) from module axi_ram (D = $0$memwr$\mem$rtl/axi_ram.v:102$856_DATA[31:0]$873 [23:16], Q = \mem[577] [23:16]).
Adding EN signal on $memory\mem[577]$7721 ($dff) from module axi_ram (D = $0$memwr$\mem$rtl/axi_ram.v:104$857_DATA[31:0]$876 [31:24], Q = \mem[577] [31:24]).
Adding EN signal on $memory\mem[576]$7719 ($dff) from module axi_ram (D = $0$memwr$\mem$rtl/axi_ram.v:97$854_DATA[31:0]$867 [7:0], Q = \mem[576] [7:0]).
Adding EN signal on $memory\mem[576]$7719 ($dff) from module axi_ram (D = $0$memwr$\mem$rtl/axi_ram.v:100$855_DATA[31:0]$870 [15:8], Q = \mem[576] [15:8]).
Adding EN signal on $memory\mem[576]$7719 ($dff) from module axi_ram (D = $0$memwr$\mem$rtl/axi_ram.v:102$856_DATA[31:0]$873 [23:16], Q = \mem[576] [23:16]).
Adding EN signal on $memory\mem[576]$7719 ($dff) from module axi_ram (D = $0$memwr$\mem$rtl/axi_ram.v:104$857_DATA[31:0]$876 [31:24], Q = \mem[576] [31:24]).
Adding EN signal on $memory\mem[575]$7717 ($dff) from module axi_ram (D = $0$memwr$\mem$rtl/axi_ram.v:97$854_DATA[31:0]$867 [7:0], Q = \mem[575] [7:0]).
Adding EN signal on $memory\mem[575]$7717 ($dff) from module axi_ram (D = $0$memwr$\mem$rtl/axi_ram.v:100$855_DATA[31:0]$870 [15:8], Q = \mem[575] [15:8]).
Adding EN signal on $memory\mem[575]$7717 ($dff) from module axi_ram (D = $0$memwr$\mem$rtl/axi_ram.v:102$856_DATA[31:0]$873 [23:16], Q = \mem[575] [23:16]).
Adding EN signal on $memory\mem[575]$7717 ($dff) from module axi_ram (D = $0$memwr$\mem$rtl/axi_ram.v:104$857_DATA[31:0]$876 [31:24], Q = \mem[575] [31:24]).
Adding EN signal on $memory\mem[574]$7715 ($dff) from module axi_ram (D = $0$memwr$\mem$rtl/axi_ram.v:97$854_DATA[31:0]$867 [7:0], Q = \mem[574] [7:0]).
Adding EN signal on $memory\mem[574]$7715 ($dff) from module axi_ram (D = $0$memwr$\mem$rtl/axi_ram.v:100$855_DATA[31:0]$870 [15:8], Q = \mem[574] [15:8]).
Adding EN signal on $memory\mem[574]$7715 ($dff) from module axi_ram (D = $0$memwr$\mem$rtl/axi_ram.v:102$856_DATA[31:0]$873 [23:16], Q = \mem[574] [23:16]).
Adding EN signal on $memory\mem[574]$7715 ($dff) from module axi_ram (D = $0$memwr$\mem$rtl/axi_ram.v:104$857_DATA[31:0]$876 [31:24], Q = \mem[574] [31:24]).
Adding EN signal on $memory\mem[573]$7713 ($dff) from module axi_ram (D = $0$memwr$\mem$rtl/axi_ram.v:97$854_DATA[31:0]$867 [7:0], Q = \mem[573] [7:0]).
Adding EN signal on $memory\mem[573]$7713 ($dff) from module axi_ram (D = $0$memwr$\mem$rtl/axi_ram.v:100$855_DATA[31:0]$870 [15:8], Q = \mem[573] [15:8]).
Adding EN signal on $memory\mem[573]$7713 ($dff) from module axi_ram (D = $0$memwr$\mem$rtl/axi_ram.v:102$856_DATA[31:0]$873 [23:16], Q = \mem[573] [23:16]).
Adding EN signal on $memory\mem[573]$7713 ($dff) from module axi_ram (D = $0$memwr$\mem$rtl/axi_ram.v:104$857_DATA[31:0]$876 [31:24], Q = \mem[573] [31:24]).
Adding EN signal on $memory\mem[572]$7711 ($dff) from module axi_ram (D = $0$memwr$\mem$rtl/axi_ram.v:97$854_DATA[31:0]$867 [7:0], Q = \mem[572] [7:0]).
Adding EN signal on $memory\mem[572]$7711 ($dff) from module axi_ram (D = $0$memwr$\mem$rtl/axi_ram.v:100$855_DATA[31:0]$870 [15:8], Q = \mem[572] [15:8]).
Adding EN signal on $memory\mem[572]$7711 ($dff) from module axi_ram (D = $0$memwr$\mem$rtl/axi_ram.v:102$856_DATA[31:0]$873 [23:16], Q = \mem[572] [23:16]).
Adding EN signal on $memory\mem[572]$7711 ($dff) from module axi_ram (D = $0$memwr$\mem$rtl/axi_ram.v:104$857_DATA[31:0]$876 [31:24], Q = \mem[572] [31:24]).
Adding EN signal on $memory\mem[571]$7709 ($dff) from module axi_ram (D = $0$memwr$\mem$rtl/axi_ram.v:97$854_DATA[31:0]$867 [7:0], Q = \mem[571] [7:0]).
Adding EN signal on $memory\mem[571]$7709 ($dff) from module axi_ram (D = $0$memwr$\mem$rtl/axi_ram.v:100$855_DATA[31:0]$870 [15:8], Q = \mem[571] [15:8]).
Adding EN signal on $memory\mem[571]$7709 ($dff) from module axi_ram (D = $0$memwr$\mem$rtl/axi_ram.v:102$856_DATA[31:0]$873 [23:16], Q = \mem[571] [23:16]).
Adding EN signal on $memory\mem[571]$7709 ($dff) from module axi_ram (D = $0$memwr$\mem$rtl/axi_ram.v:104$857_DATA[31:0]$876 [31:24], Q = \mem[571] [31:24]).
Adding EN signal on $memory\mem[570]$7707 ($dff) from module axi_ram (D = $0$memwr$\mem$rtl/axi_ram.v:97$854_DATA[31:0]$867 [7:0], Q = \mem[570] [7:0]).
Adding EN signal on $memory\mem[570]$7707 ($dff) from module axi_ram (D = $0$memwr$\mem$rtl/axi_ram.v:100$855_DATA[31:0]$870 [15:8], Q = \mem[570] [15:8]).
Adding EN signal on $memory\mem[570]$7707 ($dff) from module axi_ram (D = $0$memwr$\mem$rtl/axi_ram.v:102$856_DATA[31:0]$873 [23:16], Q = \mem[570] [23:16]).
Adding EN signal on $memory\mem[570]$7707 ($dff) from module axi_ram (D = $0$memwr$\mem$rtl/axi_ram.v:104$857_DATA[31:0]$876 [31:24], Q = \mem[570] [31:24]).
Adding EN signal on $memory\mem[56]$6679 ($dff) from module axi_ram (D = $0$memwr$\mem$rtl/axi_ram.v:97$854_DATA[31:0]$867 [7:0], Q = \mem[56] [7:0]).
Adding EN signal on $memory\mem[56]$6679 ($dff) from module axi_ram (D = $0$memwr$\mem$rtl/axi_ram.v:100$855_DATA[31:0]$870 [15:8], Q = \mem[56] [15:8]).
Adding EN signal on $memory\mem[56]$6679 ($dff) from module axi_ram (D = $0$memwr$\mem$rtl/axi_ram.v:102$856_DATA[31:0]$873 [23:16], Q = \mem[56] [23:16]).
Adding EN signal on $memory\mem[56]$6679 ($dff) from module axi_ram (D = $0$memwr$\mem$rtl/axi_ram.v:104$857_DATA[31:0]$876 [31:24], Q = \mem[56] [31:24]).
Adding EN signal on $memory\mem[569]$7705 ($dff) from module axi_ram (D = $0$memwr$\mem$rtl/axi_ram.v:97$854_DATA[31:0]$867 [7:0], Q = \mem[569] [7:0]).
Adding EN signal on $memory\mem[569]$7705 ($dff) from module axi_ram (D = $0$memwr$\mem$rtl/axi_ram.v:100$855_DATA[31:0]$870 [15:8], Q = \mem[569] [15:8]).
Adding EN signal on $memory\mem[569]$7705 ($dff) from module axi_ram (D = $0$memwr$\mem$rtl/axi_ram.v:102$856_DATA[31:0]$873 [23:16], Q = \mem[569] [23:16]).
Adding EN signal on $memory\mem[569]$7705 ($dff) from module axi_ram (D = $0$memwr$\mem$rtl/axi_ram.v:104$857_DATA[31:0]$876 [31:24], Q = \mem[569] [31:24]).
Adding EN signal on $memory\mem[568]$7703 ($dff) from module axi_ram (D = $0$memwr$\mem$rtl/axi_ram.v:97$854_DATA[31:0]$867 [7:0], Q = \mem[568] [7:0]).
Adding EN signal on $memory\mem[568]$7703 ($dff) from module axi_ram (D = $0$memwr$\mem$rtl/axi_ram.v:100$855_DATA[31:0]$870 [15:8], Q = \mem[568] [15:8]).
Adding EN signal on $memory\mem[568]$7703 ($dff) from module axi_ram (D = $0$memwr$\mem$rtl/axi_ram.v:102$856_DATA[31:0]$873 [23:16], Q = \mem[568] [23:16]).
Adding EN signal on $memory\mem[568]$7703 ($dff) from module axi_ram (D = $0$memwr$\mem$rtl/axi_ram.v:104$857_DATA[31:0]$876 [31:24], Q = \mem[568] [31:24]).
Adding EN signal on $memory\mem[567]$7701 ($dff) from module axi_ram (D = $0$memwr$\mem$rtl/axi_ram.v:97$854_DATA[31:0]$867 [7:0], Q = \mem[567] [7:0]).
Adding EN signal on $memory\mem[567]$7701 ($dff) from module axi_ram (D = $0$memwr$\mem$rtl/axi_ram.v:100$855_DATA[31:0]$870 [15:8], Q = \mem[567] [15:8]).
Adding EN signal on $memory\mem[567]$7701 ($dff) from module axi_ram (D = $0$memwr$\mem$rtl/axi_ram.v:102$856_DATA[31:0]$873 [23:16], Q = \mem[567] [23:16]).
Adding EN signal on $memory\mem[567]$7701 ($dff) from module axi_ram (D = $0$memwr$\mem$rtl/axi_ram.v:104$857_DATA[31:0]$876 [31:24], Q = \mem[567] [31:24]).
Adding EN signal on $memory\mem[566]$7699 ($dff) from module axi_ram (D = $0$memwr$\mem$rtl/axi_ram.v:97$854_DATA[31:0]$867 [7:0], Q = \mem[566] [7:0]).
Adding EN signal on $memory\mem[566]$7699 ($dff) from module axi_ram (D = $0$memwr$\mem$rtl/axi_ram.v:100$855_DATA[31:0]$870 [15:8], Q = \mem[566] [15:8]).
Adding EN signal on $memory\mem[566]$7699 ($dff) from module axi_ram (D = $0$memwr$\mem$rtl/axi_ram.v:102$856_DATA[31:0]$873 [23:16], Q = \mem[566] [23:16]).
Adding EN signal on $memory\mem[566]$7699 ($dff) from module axi_ram (D = $0$memwr$\mem$rtl/axi_ram.v:104$857_DATA[31:0]$876 [31:24], Q = \mem[566] [31:24]).
Adding EN signal on $memory\mem[565]$7697 ($dff) from module axi_ram (D = $0$memwr$\mem$rtl/axi_ram.v:97$854_DATA[31:0]$867 [7:0], Q = \mem[565] [7:0]).
Adding EN signal on $memory\mem[565]$7697 ($dff) from module axi_ram (D = $0$memwr$\mem$rtl/axi_ram.v:100$855_DATA[31:0]$870 [15:8], Q = \mem[565] [15:8]).
Adding EN signal on $memory\mem[565]$7697 ($dff) from module axi_ram (D = $0$memwr$\mem$rtl/axi_ram.v:102$856_DATA[31:0]$873 [23:16], Q = \mem[565] [23:16]).
Adding EN signal on $memory\mem[565]$7697 ($dff) from module axi_ram (D = $0$memwr$\mem$rtl/axi_ram.v:104$857_DATA[31:0]$876 [31:24], Q = \mem[565] [31:24]).
Adding EN signal on $memory\mem[564]$7695 ($dff) from module axi_ram (D = $0$memwr$\mem$rtl/axi_ram.v:97$854_DATA[31:0]$867 [7:0], Q = \mem[564] [7:0]).
Adding EN signal on $memory\mem[564]$7695 ($dff) from module axi_ram (D = $0$memwr$\mem$rtl/axi_ram.v:100$855_DATA[31:0]$870 [15:8], Q = \mem[564] [15:8]).
Adding EN signal on $memory\mem[564]$7695 ($dff) from module axi_ram (D = $0$memwr$\mem$rtl/axi_ram.v:102$856_DATA[31:0]$873 [23:16], Q = \mem[564] [23:16]).
Adding EN signal on $memory\mem[564]$7695 ($dff) from module axi_ram (D = $0$memwr$\mem$rtl/axi_ram.v:104$857_DATA[31:0]$876 [31:24], Q = \mem[564] [31:24]).
Adding EN signal on $memory\mem[563]$7693 ($dff) from module axi_ram (D = $0$memwr$\mem$rtl/axi_ram.v:97$854_DATA[31:0]$867 [7:0], Q = \mem[563] [7:0]).
Adding EN signal on $memory\mem[563]$7693 ($dff) from module axi_ram (D = $0$memwr$\mem$rtl/axi_ram.v:100$855_DATA[31:0]$870 [15:8], Q = \mem[563] [15:8]).
Adding EN signal on $memory\mem[563]$7693 ($dff) from module axi_ram (D = $0$memwr$\mem$rtl/axi_ram.v:102$856_DATA[31:0]$873 [23:16], Q = \mem[563] [23:16]).
Adding EN signal on $memory\mem[563]$7693 ($dff) from module axi_ram (D = $0$memwr$\mem$rtl/axi_ram.v:104$857_DATA[31:0]$876 [31:24], Q = \mem[563] [31:24]).
Adding EN signal on $memory\mem[562]$7691 ($dff) from module axi_ram (D = $0$memwr$\mem$rtl/axi_ram.v:97$854_DATA[31:0]$867 [7:0], Q = \mem[562] [7:0]).
Adding EN signal on $memory\mem[562]$7691 ($dff) from module axi_ram (D = $0$memwr$\mem$rtl/axi_ram.v:100$855_DATA[31:0]$870 [15:8], Q = \mem[562] [15:8]).
Adding EN signal on $memory\mem[562]$7691 ($dff) from module axi_ram (D = $0$memwr$\mem$rtl/axi_ram.v:102$856_DATA[31:0]$873 [23:16], Q = \mem[562] [23:16]).
Adding EN signal on $memory\mem[562]$7691 ($dff) from module axi_ram (D = $0$memwr$\mem$rtl/axi_ram.v:104$857_DATA[31:0]$876 [31:24], Q = \mem[562] [31:24]).
Adding EN signal on $memory\mem[561]$7689 ($dff) from module axi_ram (D = $0$memwr$\mem$rtl/axi_ram.v:97$854_DATA[31:0]$867 [7:0], Q = \mem[561] [7:0]).
Adding EN signal on $memory\mem[561]$7689 ($dff) from module axi_ram (D = $0$memwr$\mem$rtl/axi_ram.v:100$855_DATA[31:0]$870 [15:8], Q = \mem[561] [15:8]).
Adding EN signal on $memory\mem[561]$7689 ($dff) from module axi_ram (D = $0$memwr$\mem$rtl/axi_ram.v:102$856_DATA[31:0]$873 [23:16], Q = \mem[561] [23:16]).
Adding EN signal on $memory\mem[561]$7689 ($dff) from module axi_ram (D = $0$memwr$\mem$rtl/axi_ram.v:104$857_DATA[31:0]$876 [31:24], Q = \mem[561] [31:24]).
Adding EN signal on $memory\mem[560]$7687 ($dff) from module axi_ram (D = $0$memwr$\mem$rtl/axi_ram.v:97$854_DATA[31:0]$867 [7:0], Q = \mem[560] [7:0]).
Adding EN signal on $memory\mem[560]$7687 ($dff) from module axi_ram (D = $0$memwr$\mem$rtl/axi_ram.v:100$855_DATA[31:0]$870 [15:8], Q = \mem[560] [15:8]).
Adding EN signal on $memory\mem[560]$7687 ($dff) from module axi_ram (D = $0$memwr$\mem$rtl/axi_ram.v:102$856_DATA[31:0]$873 [23:16], Q = \mem[560] [23:16]).
Adding EN signal on $memory\mem[560]$7687 ($dff) from module axi_ram (D = $0$memwr$\mem$rtl/axi_ram.v:104$857_DATA[31:0]$876 [31:24], Q = \mem[560] [31:24]).
Adding EN signal on $memory\mem[55]$6677 ($dff) from module axi_ram (D = $0$memwr$\mem$rtl/axi_ram.v:97$854_DATA[31:0]$867 [7:0], Q = \mem[55] [7:0]).
Adding EN signal on $memory\mem[55]$6677 ($dff) from module axi_ram (D = $0$memwr$\mem$rtl/axi_ram.v:100$855_DATA[31:0]$870 [15:8], Q = \mem[55] [15:8]).
Adding EN signal on $memory\mem[55]$6677 ($dff) from module axi_ram (D = $0$memwr$\mem$rtl/axi_ram.v:102$856_DATA[31:0]$873 [23:16], Q = \mem[55] [23:16]).
Adding EN signal on $memory\mem[55]$6677 ($dff) from module axi_ram (D = $0$memwr$\mem$rtl/axi_ram.v:104$857_DATA[31:0]$876 [31:24], Q = \mem[55] [31:24]).
Adding EN signal on $memory\mem[559]$7685 ($dff) from module axi_ram (D = $0$memwr$\mem$rtl/axi_ram.v:97$854_DATA[31:0]$867 [7:0], Q = \mem[559] [7:0]).
Adding EN signal on $memory\mem[559]$7685 ($dff) from module axi_ram (D = $0$memwr$\mem$rtl/axi_ram.v:100$855_DATA[31:0]$870 [15:8], Q = \mem[559] [15:8]).
Adding EN signal on $memory\mem[559]$7685 ($dff) from module axi_ram (D = $0$memwr$\mem$rtl/axi_ram.v:102$856_DATA[31:0]$873 [23:16], Q = \mem[559] [23:16]).
Adding EN signal on $memory\mem[559]$7685 ($dff) from module axi_ram (D = $0$memwr$\mem$rtl/axi_ram.v:104$857_DATA[31:0]$876 [31:24], Q = \mem[559] [31:24]).
Adding EN signal on $memory\mem[558]$7683 ($dff) from module axi_ram (D = $0$memwr$\mem$rtl/axi_ram.v:97$854_DATA[31:0]$867 [7:0], Q = \mem[558] [7:0]).
Adding EN signal on $memory\mem[558]$7683 ($dff) from module axi_ram (D = $0$memwr$\mem$rtl/axi_ram.v:100$855_DATA[31:0]$870 [15:8], Q = \mem[558] [15:8]).
Adding EN signal on $memory\mem[558]$7683 ($dff) from module axi_ram (D = $0$memwr$\mem$rtl/axi_ram.v:102$856_DATA[31:0]$873 [23:16], Q = \mem[558] [23:16]).
Adding EN signal on $memory\mem[558]$7683 ($dff) from module axi_ram (D = $0$memwr$\mem$rtl/axi_ram.v:104$857_DATA[31:0]$876 [31:24], Q = \mem[558] [31:24]).
Adding EN signal on $memory\mem[557]$7681 ($dff) from module axi_ram (D = $0$memwr$\mem$rtl/axi_ram.v:97$854_DATA[31:0]$867 [7:0], Q = \mem[557] [7:0]).
Adding EN signal on $memory\mem[557]$7681 ($dff) from module axi_ram (D = $0$memwr$\mem$rtl/axi_ram.v:100$855_DATA[31:0]$870 [15:8], Q = \mem[557] [15:8]).
Adding EN signal on $memory\mem[557]$7681 ($dff) from module axi_ram (D = $0$memwr$\mem$rtl/axi_ram.v:102$856_DATA[31:0]$873 [23:16], Q = \mem[557] [23:16]).
Adding EN signal on $memory\mem[557]$7681 ($dff) from module axi_ram (D = $0$memwr$\mem$rtl/axi_ram.v:104$857_DATA[31:0]$876 [31:24], Q = \mem[557] [31:24]).
Adding EN signal on $memory\mem[556]$7679 ($dff) from module axi_ram (D = $0$memwr$\mem$rtl/axi_ram.v:97$854_DATA[31:0]$867 [7:0], Q = \mem[556] [7:0]).
Adding EN signal on $memory\mem[556]$7679 ($dff) from module axi_ram (D = $0$memwr$\mem$rtl/axi_ram.v:100$855_DATA[31:0]$870 [15:8], Q = \mem[556] [15:8]).
Adding EN signal on $memory\mem[556]$7679 ($dff) from module axi_ram (D = $0$memwr$\mem$rtl/axi_ram.v:102$856_DATA[31:0]$873 [23:16], Q = \mem[556] [23:16]).
Adding EN signal on $memory\mem[556]$7679 ($dff) from module axi_ram (D = $0$memwr$\mem$rtl/axi_ram.v:104$857_DATA[31:0]$876 [31:24], Q = \mem[556] [31:24]).
Adding EN signal on $memory\mem[555]$7677 ($dff) from module axi_ram (D = $0$memwr$\mem$rtl/axi_ram.v:97$854_DATA[31:0]$867 [7:0], Q = \mem[555] [7:0]).
Adding EN signal on $memory\mem[555]$7677 ($dff) from module axi_ram (D = $0$memwr$\mem$rtl/axi_ram.v:100$855_DATA[31:0]$870 [15:8], Q = \mem[555] [15:8]).
Adding EN signal on $memory\mem[555]$7677 ($dff) from module axi_ram (D = $0$memwr$\mem$rtl/axi_ram.v:102$856_DATA[31:0]$873 [23:16], Q = \mem[555] [23:16]).
Adding EN signal on $memory\mem[555]$7677 ($dff) from module axi_ram (D = $0$memwr$\mem$rtl/axi_ram.v:104$857_DATA[31:0]$876 [31:24], Q = \mem[555] [31:24]).
Adding EN signal on $memory\mem[554]$7675 ($dff) from module axi_ram (D = $0$memwr$\mem$rtl/axi_ram.v:97$854_DATA[31:0]$867 [7:0], Q = \mem[554] [7:0]).
Adding EN signal on $memory\mem[554]$7675 ($dff) from module axi_ram (D = $0$memwr$\mem$rtl/axi_ram.v:100$855_DATA[31:0]$870 [15:8], Q = \mem[554] [15:8]).
Adding EN signal on $memory\mem[554]$7675 ($dff) from module axi_ram (D = $0$memwr$\mem$rtl/axi_ram.v:102$856_DATA[31:0]$873 [23:16], Q = \mem[554] [23:16]).
Adding EN signal on $memory\mem[554]$7675 ($dff) from module axi_ram (D = $0$memwr$\mem$rtl/axi_ram.v:104$857_DATA[31:0]$876 [31:24], Q = \mem[554] [31:24]).
Adding EN signal on $memory\mem[553]$7673 ($dff) from module axi_ram (D = $0$memwr$\mem$rtl/axi_ram.v:97$854_DATA[31:0]$867 [7:0], Q = \mem[553] [7:0]).
Adding EN signal on $memory\mem[553]$7673 ($dff) from module axi_ram (D = $0$memwr$\mem$rtl/axi_ram.v:100$855_DATA[31:0]$870 [15:8], Q = \mem[553] [15:8]).
Adding EN signal on $memory\mem[553]$7673 ($dff) from module axi_ram (D = $0$memwr$\mem$rtl/axi_ram.v:102$856_DATA[31:0]$873 [23:16], Q = \mem[553] [23:16]).
Adding EN signal on $memory\mem[553]$7673 ($dff) from module axi_ram (D = $0$memwr$\mem$rtl/axi_ram.v:104$857_DATA[31:0]$876 [31:24], Q = \mem[553] [31:24]).
Adding EN signal on $memory\mem[552]$7671 ($dff) from module axi_ram (D = $0$memwr$\mem$rtl/axi_ram.v:97$854_DATA[31:0]$867 [7:0], Q = \mem[552] [7:0]).
Adding EN signal on $memory\mem[552]$7671 ($dff) from module axi_ram (D = $0$memwr$\mem$rtl/axi_ram.v:100$855_DATA[31:0]$870 [15:8], Q = \mem[552] [15:8]).
Adding EN signal on $memory\mem[552]$7671 ($dff) from module axi_ram (D = $0$memwr$\mem$rtl/axi_ram.v:102$856_DATA[31:0]$873 [23:16], Q = \mem[552] [23:16]).
Adding EN signal on $memory\mem[552]$7671 ($dff) from module axi_ram (D = $0$memwr$\mem$rtl/axi_ram.v:104$857_DATA[31:0]$876 [31:24], Q = \mem[552] [31:24]).
Adding EN signal on $memory\mem[551]$7669 ($dff) from module axi_ram (D = $0$memwr$\mem$rtl/axi_ram.v:97$854_DATA[31:0]$867 [7:0], Q = \mem[551] [7:0]).
Adding EN signal on $memory\mem[551]$7669 ($dff) from module axi_ram (D = $0$memwr$\mem$rtl/axi_ram.v:100$855_DATA[31:0]$870 [15:8], Q = \mem[551] [15:8]).
Adding EN signal on $memory\mem[551]$7669 ($dff) from module axi_ram (D = $0$memwr$\mem$rtl/axi_ram.v:102$856_DATA[31:0]$873 [23:16], Q = \mem[551] [23:16]).
Adding EN signal on $memory\mem[551]$7669 ($dff) from module axi_ram (D = $0$memwr$\mem$rtl/axi_ram.v:104$857_DATA[31:0]$876 [31:24], Q = \mem[551] [31:24]).
Adding EN signal on $memory\mem[550]$7667 ($dff) from module axi_ram (D = $0$memwr$\mem$rtl/axi_ram.v:97$854_DATA[31:0]$867 [7:0], Q = \mem[550] [7:0]).
Adding EN signal on $memory\mem[550]$7667 ($dff) from module axi_ram (D = $0$memwr$\mem$rtl/axi_ram.v:100$855_DATA[31:0]$870 [15:8], Q = \mem[550] [15:8]).
Adding EN signal on $memory\mem[550]$7667 ($dff) from module axi_ram (D = $0$memwr$\mem$rtl/axi_ram.v:102$856_DATA[31:0]$873 [23:16], Q = \mem[550] [23:16]).
Adding EN signal on $memory\mem[550]$7667 ($dff) from module axi_ram (D = $0$memwr$\mem$rtl/axi_ram.v:104$857_DATA[31:0]$876 [31:24], Q = \mem[550] [31:24]).
Adding EN signal on $memory\mem[54]$6675 ($dff) from module axi_ram (D = $0$memwr$\mem$rtl/axi_ram.v:97$854_DATA[31:0]$867 [7:0], Q = \mem[54] [7:0]).
Adding EN signal on $memory\mem[54]$6675 ($dff) from module axi_ram (D = $0$memwr$\mem$rtl/axi_ram.v:100$855_DATA[31:0]$870 [15:8], Q = \mem[54] [15:8]).
Adding EN signal on $memory\mem[54]$6675 ($dff) from module axi_ram (D = $0$memwr$\mem$rtl/axi_ram.v:102$856_DATA[31:0]$873 [23:16], Q = \mem[54] [23:16]).
Adding EN signal on $memory\mem[54]$6675 ($dff) from module axi_ram (D = $0$memwr$\mem$rtl/axi_ram.v:104$857_DATA[31:0]$876 [31:24], Q = \mem[54] [31:24]).
Adding EN signal on $memory\mem[549]$7665 ($dff) from module axi_ram (D = $0$memwr$\mem$rtl/axi_ram.v:97$854_DATA[31:0]$867 [7:0], Q = \mem[549] [7:0]).
Adding EN signal on $memory\mem[549]$7665 ($dff) from module axi_ram (D = $0$memwr$\mem$rtl/axi_ram.v:100$855_DATA[31:0]$870 [15:8], Q = \mem[549] [15:8]).
Adding EN signal on $memory\mem[549]$7665 ($dff) from module axi_ram (D = $0$memwr$\mem$rtl/axi_ram.v:102$856_DATA[31:0]$873 [23:16], Q = \mem[549] [23:16]).
Adding EN signal on $memory\mem[549]$7665 ($dff) from module axi_ram (D = $0$memwr$\mem$rtl/axi_ram.v:104$857_DATA[31:0]$876 [31:24], Q = \mem[549] [31:24]).
Adding EN signal on $memory\mem[548]$7663 ($dff) from module axi_ram (D = $0$memwr$\mem$rtl/axi_ram.v:97$854_DATA[31:0]$867 [7:0], Q = \mem[548] [7:0]).
Adding EN signal on $memory\mem[548]$7663 ($dff) from module axi_ram (D = $0$memwr$\mem$rtl/axi_ram.v:100$855_DATA[31:0]$870 [15:8], Q = \mem[548] [15:8]).
Adding EN signal on $memory\mem[548]$7663 ($dff) from module axi_ram (D = $0$memwr$\mem$rtl/axi_ram.v:102$856_DATA[31:0]$873 [23:16], Q = \mem[548] [23:16]).
Adding EN signal on $memory\mem[548]$7663 ($dff) from module axi_ram (D = $0$memwr$\mem$rtl/axi_ram.v:104$857_DATA[31:0]$876 [31:24], Q = \mem[548] [31:24]).
Adding EN signal on $memory\mem[547]$7661 ($dff) from module axi_ram (D = $0$memwr$\mem$rtl/axi_ram.v:97$854_DATA[31:0]$867 [7:0], Q = \mem[547] [7:0]).
Adding EN signal on $memory\mem[547]$7661 ($dff) from module axi_ram (D = $0$memwr$\mem$rtl/axi_ram.v:100$855_DATA[31:0]$870 [15:8], Q = \mem[547] [15:8]).
Adding EN signal on $memory\mem[547]$7661 ($dff) from module axi_ram (D = $0$memwr$\mem$rtl/axi_ram.v:102$856_DATA[31:0]$873 [23:16], Q = \mem[547] [23:16]).
Adding EN signal on $memory\mem[547]$7661 ($dff) from module axi_ram (D = $0$memwr$\mem$rtl/axi_ram.v:104$857_DATA[31:0]$876 [31:24], Q = \mem[547] [31:24]).
Adding EN signal on $memory\mem[546]$7659 ($dff) from module axi_ram (D = $0$memwr$\mem$rtl/axi_ram.v:97$854_DATA[31:0]$867 [7:0], Q = \mem[546] [7:0]).
Adding EN signal on $memory\mem[546]$7659 ($dff) from module axi_ram (D = $0$memwr$\mem$rtl/axi_ram.v:100$855_DATA[31:0]$870 [15:8], Q = \mem[546] [15:8]).
Adding EN signal on $memory\mem[546]$7659 ($dff) from module axi_ram (D = $0$memwr$\mem$rtl/axi_ram.v:102$856_DATA[31:0]$873 [23:16], Q = \mem[546] [23:16]).
Adding EN signal on $memory\mem[546]$7659 ($dff) from module axi_ram (D = $0$memwr$\mem$rtl/axi_ram.v:104$857_DATA[31:0]$876 [31:24], Q = \mem[546] [31:24]).
Adding EN signal on $memory\mem[545]$7657 ($dff) from module axi_ram (D = $0$memwr$\mem$rtl/axi_ram.v:97$854_DATA[31:0]$867 [7:0], Q = \mem[545] [7:0]).
Adding EN signal on $memory\mem[545]$7657 ($dff) from module axi_ram (D = $0$memwr$\mem$rtl/axi_ram.v:100$855_DATA[31:0]$870 [15:8], Q = \mem[545] [15:8]).
Adding EN signal on $memory\mem[545]$7657 ($dff) from module axi_ram (D = $0$memwr$\mem$rtl/axi_ram.v:102$856_DATA[31:0]$873 [23:16], Q = \mem[545] [23:16]).
Adding EN signal on $memory\mem[545]$7657 ($dff) from module axi_ram (D = $0$memwr$\mem$rtl/axi_ram.v:104$857_DATA[31:0]$876 [31:24], Q = \mem[545] [31:24]).
Adding EN signal on $memory\mem[544]$7655 ($dff) from module axi_ram (D = $0$memwr$\mem$rtl/axi_ram.v:97$854_DATA[31:0]$867 [7:0], Q = \mem[544] [7:0]).
Adding EN signal on $memory\mem[544]$7655 ($dff) from module axi_ram (D = $0$memwr$\mem$rtl/axi_ram.v:100$855_DATA[31:0]$870 [15:8], Q = \mem[544] [15:8]).
Adding EN signal on $memory\mem[544]$7655 ($dff) from module axi_ram (D = $0$memwr$\mem$rtl/axi_ram.v:102$856_DATA[31:0]$873 [23:16], Q = \mem[544] [23:16]).
Adding EN signal on $memory\mem[544]$7655 ($dff) from module axi_ram (D = $0$memwr$\mem$rtl/axi_ram.v:104$857_DATA[31:0]$876 [31:24], Q = \mem[544] [31:24]).
Adding EN signal on $memory\mem[543]$7653 ($dff) from module axi_ram (D = $0$memwr$\mem$rtl/axi_ram.v:97$854_DATA[31:0]$867 [7:0], Q = \mem[543] [7:0]).
Adding EN signal on $memory\mem[543]$7653 ($dff) from module axi_ram (D = $0$memwr$\mem$rtl/axi_ram.v:100$855_DATA[31:0]$870 [15:8], Q = \mem[543] [15:8]).
Adding EN signal on $memory\mem[543]$7653 ($dff) from module axi_ram (D = $0$memwr$\mem$rtl/axi_ram.v:102$856_DATA[31:0]$873 [23:16], Q = \mem[543] [23:16]).
Adding EN signal on $memory\mem[543]$7653 ($dff) from module axi_ram (D = $0$memwr$\mem$rtl/axi_ram.v:104$857_DATA[31:0]$876 [31:24], Q = \mem[543] [31:24]).
Adding EN signal on $memory\mem[542]$7651 ($dff) from module axi_ram (D = $0$memwr$\mem$rtl/axi_ram.v:97$854_DATA[31:0]$867 [7:0], Q = \mem[542] [7:0]).
Adding EN signal on $memory\mem[542]$7651 ($dff) from module axi_ram (D = $0$memwr$\mem$rtl/axi_ram.v:100$855_DATA[31:0]$870 [15:8], Q = \mem[542] [15:8]).
Adding EN signal on $memory\mem[542]$7651 ($dff) from module axi_ram (D = $0$memwr$\mem$rtl/axi_ram.v:102$856_DATA[31:0]$873 [23:16], Q = \mem[542] [23:16]).
Adding EN signal on $memory\mem[542]$7651 ($dff) from module axi_ram (D = $0$memwr$\mem$rtl/axi_ram.v:104$857_DATA[31:0]$876 [31:24], Q = \mem[542] [31:24]).
Adding EN signal on $memory\mem[541]$7649 ($dff) from module axi_ram (D = $0$memwr$\mem$rtl/axi_ram.v:97$854_DATA[31:0]$867 [7:0], Q = \mem[541] [7:0]).
Adding EN signal on $memory\mem[541]$7649 ($dff) from module axi_ram (D = $0$memwr$\mem$rtl/axi_ram.v:100$855_DATA[31:0]$870 [15:8], Q = \mem[541] [15:8]).
Adding EN signal on $memory\mem[541]$7649 ($dff) from module axi_ram (D = $0$memwr$\mem$rtl/axi_ram.v:102$856_DATA[31:0]$873 [23:16], Q = \mem[541] [23:16]).
Adding EN signal on $memory\mem[541]$7649 ($dff) from module axi_ram (D = $0$memwr$\mem$rtl/axi_ram.v:104$857_DATA[31:0]$876 [31:24], Q = \mem[541] [31:24]).
Adding EN signal on $memory\mem[540]$7647 ($dff) from module axi_ram (D = $0$memwr$\mem$rtl/axi_ram.v:97$854_DATA[31:0]$867 [7:0], Q = \mem[540] [7:0]).
Adding EN signal on $memory\mem[540]$7647 ($dff) from module axi_ram (D = $0$memwr$\mem$rtl/axi_ram.v:100$855_DATA[31:0]$870 [15:8], Q = \mem[540] [15:8]).
Adding EN signal on $memory\mem[540]$7647 ($dff) from module axi_ram (D = $0$memwr$\mem$rtl/axi_ram.v:102$856_DATA[31:0]$873 [23:16], Q = \mem[540] [23:16]).
Adding EN signal on $memory\mem[540]$7647 ($dff) from module axi_ram (D = $0$memwr$\mem$rtl/axi_ram.v:104$857_DATA[31:0]$876 [31:24], Q = \mem[540] [31:24]).
Adding EN signal on $memory\mem[53]$6673 ($dff) from module axi_ram (D = $0$memwr$\mem$rtl/axi_ram.v:97$854_DATA[31:0]$867 [7:0], Q = \mem[53] [7:0]).
Adding EN signal on $memory\mem[53]$6673 ($dff) from module axi_ram (D = $0$memwr$\mem$rtl/axi_ram.v:100$855_DATA[31:0]$870 [15:8], Q = \mem[53] [15:8]).
Adding EN signal on $memory\mem[53]$6673 ($dff) from module axi_ram (D = $0$memwr$\mem$rtl/axi_ram.v:102$856_DATA[31:0]$873 [23:16], Q = \mem[53] [23:16]).
Adding EN signal on $memory\mem[53]$6673 ($dff) from module axi_ram (D = $0$memwr$\mem$rtl/axi_ram.v:104$857_DATA[31:0]$876 [31:24], Q = \mem[53] [31:24]).
Adding EN signal on $memory\mem[539]$7645 ($dff) from module axi_ram (D = $0$memwr$\mem$rtl/axi_ram.v:97$854_DATA[31:0]$867 [7:0], Q = \mem[539] [7:0]).
Adding EN signal on $memory\mem[539]$7645 ($dff) from module axi_ram (D = $0$memwr$\mem$rtl/axi_ram.v:100$855_DATA[31:0]$870 [15:8], Q = \mem[539] [15:8]).
Adding EN signal on $memory\mem[539]$7645 ($dff) from module axi_ram (D = $0$memwr$\mem$rtl/axi_ram.v:102$856_DATA[31:0]$873 [23:16], Q = \mem[539] [23:16]).
Adding EN signal on $memory\mem[539]$7645 ($dff) from module axi_ram (D = $0$memwr$\mem$rtl/axi_ram.v:104$857_DATA[31:0]$876 [31:24], Q = \mem[539] [31:24]).
Adding EN signal on $memory\mem[538]$7643 ($dff) from module axi_ram (D = $0$memwr$\mem$rtl/axi_ram.v:97$854_DATA[31:0]$867 [7:0], Q = \mem[538] [7:0]).
Adding EN signal on $memory\mem[538]$7643 ($dff) from module axi_ram (D = $0$memwr$\mem$rtl/axi_ram.v:100$855_DATA[31:0]$870 [15:8], Q = \mem[538] [15:8]).
Adding EN signal on $memory\mem[538]$7643 ($dff) from module axi_ram (D = $0$memwr$\mem$rtl/axi_ram.v:102$856_DATA[31:0]$873 [23:16], Q = \mem[538] [23:16]).
Adding EN signal on $memory\mem[538]$7643 ($dff) from module axi_ram (D = $0$memwr$\mem$rtl/axi_ram.v:104$857_DATA[31:0]$876 [31:24], Q = \mem[538] [31:24]).
Adding EN signal on $memory\mem[537]$7641 ($dff) from module axi_ram (D = $0$memwr$\mem$rtl/axi_ram.v:97$854_DATA[31:0]$867 [7:0], Q = \mem[537] [7:0]).
Adding EN signal on $memory\mem[537]$7641 ($dff) from module axi_ram (D = $0$memwr$\mem$rtl/axi_ram.v:100$855_DATA[31:0]$870 [15:8], Q = \mem[537] [15:8]).
Adding EN signal on $memory\mem[537]$7641 ($dff) from module axi_ram (D = $0$memwr$\mem$rtl/axi_ram.v:102$856_DATA[31:0]$873 [23:16], Q = \mem[537] [23:16]).
Adding EN signal on $memory\mem[537]$7641 ($dff) from module axi_ram (D = $0$memwr$\mem$rtl/axi_ram.v:104$857_DATA[31:0]$876 [31:24], Q = \mem[537] [31:24]).
Adding EN signal on $memory\mem[536]$7639 ($dff) from module axi_ram (D = $0$memwr$\mem$rtl/axi_ram.v:97$854_DATA[31:0]$867 [7:0], Q = \mem[536] [7:0]).
Adding EN signal on $memory\mem[536]$7639 ($dff) from module axi_ram (D = $0$memwr$\mem$rtl/axi_ram.v:100$855_DATA[31:0]$870 [15:8], Q = \mem[536] [15:8]).
Adding EN signal on $memory\mem[536]$7639 ($dff) from module axi_ram (D = $0$memwr$\mem$rtl/axi_ram.v:102$856_DATA[31:0]$873 [23:16], Q = \mem[536] [23:16]).
Adding EN signal on $memory\mem[536]$7639 ($dff) from module axi_ram (D = $0$memwr$\mem$rtl/axi_ram.v:104$857_DATA[31:0]$876 [31:24], Q = \mem[536] [31:24]).
Adding EN signal on $memory\mem[535]$7637 ($dff) from module axi_ram (D = $0$memwr$\mem$rtl/axi_ram.v:97$854_DATA[31:0]$867 [7:0], Q = \mem[535] [7:0]).
Adding EN signal on $memory\mem[535]$7637 ($dff) from module axi_ram (D = $0$memwr$\mem$rtl/axi_ram.v:100$855_DATA[31:0]$870 [15:8], Q = \mem[535] [15:8]).
Adding EN signal on $memory\mem[535]$7637 ($dff) from module axi_ram (D = $0$memwr$\mem$rtl/axi_ram.v:102$856_DATA[31:0]$873 [23:16], Q = \mem[535] [23:16]).
Adding EN signal on $memory\mem[535]$7637 ($dff) from module axi_ram (D = $0$memwr$\mem$rtl/axi_ram.v:104$857_DATA[31:0]$876 [31:24], Q = \mem[535] [31:24]).
Adding EN signal on $memory\mem[534]$7635 ($dff) from module axi_ram (D = $0$memwr$\mem$rtl/axi_ram.v:97$854_DATA[31:0]$867 [7:0], Q = \mem[534] [7:0]).
Adding EN signal on $memory\mem[534]$7635 ($dff) from module axi_ram (D = $0$memwr$\mem$rtl/axi_ram.v:100$855_DATA[31:0]$870 [15:8], Q = \mem[534] [15:8]).
Adding EN signal on $memory\mem[534]$7635 ($dff) from module axi_ram (D = $0$memwr$\mem$rtl/axi_ram.v:102$856_DATA[31:0]$873 [23:16], Q = \mem[534] [23:16]).
Adding EN signal on $memory\mem[534]$7635 ($dff) from module axi_ram (D = $0$memwr$\mem$rtl/axi_ram.v:104$857_DATA[31:0]$876 [31:24], Q = \mem[534] [31:24]).
Adding EN signal on $memory\mem[533]$7633 ($dff) from module axi_ram (D = $0$memwr$\mem$rtl/axi_ram.v:97$854_DATA[31:0]$867 [7:0], Q = \mem[533] [7:0]).
Adding EN signal on $memory\mem[533]$7633 ($dff) from module axi_ram (D = $0$memwr$\mem$rtl/axi_ram.v:100$855_DATA[31:0]$870 [15:8], Q = \mem[533] [15:8]).
Adding EN signal on $memory\mem[533]$7633 ($dff) from module axi_ram (D = $0$memwr$\mem$rtl/axi_ram.v:102$856_DATA[31:0]$873 [23:16], Q = \mem[533] [23:16]).
Adding EN signal on $memory\mem[533]$7633 ($dff) from module axi_ram (D = $0$memwr$\mem$rtl/axi_ram.v:104$857_DATA[31:0]$876 [31:24], Q = \mem[533] [31:24]).
Adding EN signal on $memory\mem[532]$7631 ($dff) from module axi_ram (D = $0$memwr$\mem$rtl/axi_ram.v:97$854_DATA[31:0]$867 [7:0], Q = \mem[532] [7:0]).
Adding EN signal on $memory\mem[532]$7631 ($dff) from module axi_ram (D = $0$memwr$\mem$rtl/axi_ram.v:100$855_DATA[31:0]$870 [15:8], Q = \mem[532] [15:8]).
Adding EN signal on $memory\mem[532]$7631 ($dff) from module axi_ram (D = $0$memwr$\mem$rtl/axi_ram.v:102$856_DATA[31:0]$873 [23:16], Q = \mem[532] [23:16]).
Adding EN signal on $memory\mem[532]$7631 ($dff) from module axi_ram (D = $0$memwr$\mem$rtl/axi_ram.v:104$857_DATA[31:0]$876 [31:24], Q = \mem[532] [31:24]).
Adding EN signal on $memory\mem[531]$7629 ($dff) from module axi_ram (D = $0$memwr$\mem$rtl/axi_ram.v:97$854_DATA[31:0]$867 [7:0], Q = \mem[531] [7:0]).
Adding EN signal on $memory\mem[531]$7629 ($dff) from module axi_ram (D = $0$memwr$\mem$rtl/axi_ram.v:100$855_DATA[31:0]$870 [15:8], Q = \mem[531] [15:8]).
Adding EN signal on $memory\mem[531]$7629 ($dff) from module axi_ram (D = $0$memwr$\mem$rtl/axi_ram.v:102$856_DATA[31:0]$873 [23:16], Q = \mem[531] [23:16]).
Adding EN signal on $memory\mem[531]$7629 ($dff) from module axi_ram (D = $0$memwr$\mem$rtl/axi_ram.v:104$857_DATA[31:0]$876 [31:24], Q = \mem[531] [31:24]).
Adding EN signal on $memory\mem[530]$7627 ($dff) from module axi_ram (D = $0$memwr$\mem$rtl/axi_ram.v:97$854_DATA[31:0]$867 [7:0], Q = \mem[530] [7:0]).
Adding EN signal on $memory\mem[530]$7627 ($dff) from module axi_ram (D = $0$memwr$\mem$rtl/axi_ram.v:100$855_DATA[31:0]$870 [15:8], Q = \mem[530] [15:8]).
Adding EN signal on $memory\mem[530]$7627 ($dff) from module axi_ram (D = $0$memwr$\mem$rtl/axi_ram.v:102$856_DATA[31:0]$873 [23:16], Q = \mem[530] [23:16]).
Adding EN signal on $memory\mem[530]$7627 ($dff) from module axi_ram (D = $0$memwr$\mem$rtl/axi_ram.v:104$857_DATA[31:0]$876 [31:24], Q = \mem[530] [31:24]).
Adding EN signal on $memory\mem[52]$6671 ($dff) from module axi_ram (D = $0$memwr$\mem$rtl/axi_ram.v:97$854_DATA[31:0]$867 [7:0], Q = \mem[52] [7:0]).
Adding EN signal on $memory\mem[52]$6671 ($dff) from module axi_ram (D = $0$memwr$\mem$rtl/axi_ram.v:100$855_DATA[31:0]$870 [15:8], Q = \mem[52] [15:8]).
Adding EN signal on $memory\mem[52]$6671 ($dff) from module axi_ram (D = $0$memwr$\mem$rtl/axi_ram.v:102$856_DATA[31:0]$873 [23:16], Q = \mem[52] [23:16]).
Adding EN signal on $memory\mem[52]$6671 ($dff) from module axi_ram (D = $0$memwr$\mem$rtl/axi_ram.v:104$857_DATA[31:0]$876 [31:24], Q = \mem[52] [31:24]).
Adding EN signal on $memory\mem[529]$7625 ($dff) from module axi_ram (D = $0$memwr$\mem$rtl/axi_ram.v:97$854_DATA[31:0]$867 [7:0], Q = \mem[529] [7:0]).
Adding EN signal on $memory\mem[529]$7625 ($dff) from module axi_ram (D = $0$memwr$\mem$rtl/axi_ram.v:100$855_DATA[31:0]$870 [15:8], Q = \mem[529] [15:8]).
Adding EN signal on $memory\mem[529]$7625 ($dff) from module axi_ram (D = $0$memwr$\mem$rtl/axi_ram.v:102$856_DATA[31:0]$873 [23:16], Q = \mem[529] [23:16]).
Adding EN signal on $memory\mem[529]$7625 ($dff) from module axi_ram (D = $0$memwr$\mem$rtl/axi_ram.v:104$857_DATA[31:0]$876 [31:24], Q = \mem[529] [31:24]).
Adding EN signal on $memory\mem[528]$7623 ($dff) from module axi_ram (D = $0$memwr$\mem$rtl/axi_ram.v:97$854_DATA[31:0]$867 [7:0], Q = \mem[528] [7:0]).
Adding EN signal on $memory\mem[528]$7623 ($dff) from module axi_ram (D = $0$memwr$\mem$rtl/axi_ram.v:100$855_DATA[31:0]$870 [15:8], Q = \mem[528] [15:8]).
Adding EN signal on $memory\mem[528]$7623 ($dff) from module axi_ram (D = $0$memwr$\mem$rtl/axi_ram.v:102$856_DATA[31:0]$873 [23:16], Q = \mem[528] [23:16]).
Adding EN signal on $memory\mem[528]$7623 ($dff) from module axi_ram (D = $0$memwr$\mem$rtl/axi_ram.v:104$857_DATA[31:0]$876 [31:24], Q = \mem[528] [31:24]).
Adding EN signal on $memory\mem[527]$7621 ($dff) from module axi_ram (D = $0$memwr$\mem$rtl/axi_ram.v:97$854_DATA[31:0]$867 [7:0], Q = \mem[527] [7:0]).
Adding EN signal on $memory\mem[527]$7621 ($dff) from module axi_ram (D = $0$memwr$\mem$rtl/axi_ram.v:100$855_DATA[31:0]$870 [15:8], Q = \mem[527] [15:8]).
Adding EN signal on $memory\mem[527]$7621 ($dff) from module axi_ram (D = $0$memwr$\mem$rtl/axi_ram.v:102$856_DATA[31:0]$873 [23:16], Q = \mem[527] [23:16]).
Adding EN signal on $memory\mem[527]$7621 ($dff) from module axi_ram (D = $0$memwr$\mem$rtl/axi_ram.v:104$857_DATA[31:0]$876 [31:24], Q = \mem[527] [31:24]).
Adding EN signal on $memory\mem[526]$7619 ($dff) from module axi_ram (D = $0$memwr$\mem$rtl/axi_ram.v:97$854_DATA[31:0]$867 [7:0], Q = \mem[526] [7:0]).
Adding EN signal on $memory\mem[526]$7619 ($dff) from module axi_ram (D = $0$memwr$\mem$rtl/axi_ram.v:100$855_DATA[31:0]$870 [15:8], Q = \mem[526] [15:8]).
Adding EN signal on $memory\mem[526]$7619 ($dff) from module axi_ram (D = $0$memwr$\mem$rtl/axi_ram.v:102$856_DATA[31:0]$873 [23:16], Q = \mem[526] [23:16]).
Adding EN signal on $memory\mem[526]$7619 ($dff) from module axi_ram (D = $0$memwr$\mem$rtl/axi_ram.v:104$857_DATA[31:0]$876 [31:24], Q = \mem[526] [31:24]).
Adding EN signal on $memory\mem[525]$7617 ($dff) from module axi_ram (D = $0$memwr$\mem$rtl/axi_ram.v:97$854_DATA[31:0]$867 [7:0], Q = \mem[525] [7:0]).
Adding EN signal on $memory\mem[525]$7617 ($dff) from module axi_ram (D = $0$memwr$\mem$rtl/axi_ram.v:100$855_DATA[31:0]$870 [15:8], Q = \mem[525] [15:8]).
Adding EN signal on $memory\mem[525]$7617 ($dff) from module axi_ram (D = $0$memwr$\mem$rtl/axi_ram.v:102$856_DATA[31:0]$873 [23:16], Q = \mem[525] [23:16]).
Adding EN signal on $memory\mem[525]$7617 ($dff) from module axi_ram (D = $0$memwr$\mem$rtl/axi_ram.v:104$857_DATA[31:0]$876 [31:24], Q = \mem[525] [31:24]).
Adding EN signal on $memory\mem[524]$7615 ($dff) from module axi_ram (D = $0$memwr$\mem$rtl/axi_ram.v:97$854_DATA[31:0]$867 [7:0], Q = \mem[524] [7:0]).
Adding EN signal on $memory\mem[524]$7615 ($dff) from module axi_ram (D = $0$memwr$\mem$rtl/axi_ram.v:100$855_DATA[31:0]$870 [15:8], Q = \mem[524] [15:8]).
Adding EN signal on $memory\mem[524]$7615 ($dff) from module axi_ram (D = $0$memwr$\mem$rtl/axi_ram.v:102$856_DATA[31:0]$873 [23:16], Q = \mem[524] [23:16]).
Adding EN signal on $memory\mem[524]$7615 ($dff) from module axi_ram (D = $0$memwr$\mem$rtl/axi_ram.v:104$857_DATA[31:0]$876 [31:24], Q = \mem[524] [31:24]).
Adding EN signal on $memory\mem[523]$7613 ($dff) from module axi_ram (D = $0$memwr$\mem$rtl/axi_ram.v:97$854_DATA[31:0]$867 [7:0], Q = \mem[523] [7:0]).
Adding EN signal on $memory\mem[523]$7613 ($dff) from module axi_ram (D = $0$memwr$\mem$rtl/axi_ram.v:100$855_DATA[31:0]$870 [15:8], Q = \mem[523] [15:8]).
Adding EN signal on $memory\mem[523]$7613 ($dff) from module axi_ram (D = $0$memwr$\mem$rtl/axi_ram.v:102$856_DATA[31:0]$873 [23:16], Q = \mem[523] [23:16]).
Adding EN signal on $memory\mem[523]$7613 ($dff) from module axi_ram (D = $0$memwr$\mem$rtl/axi_ram.v:104$857_DATA[31:0]$876 [31:24], Q = \mem[523] [31:24]).
Adding EN signal on $memory\mem[522]$7611 ($dff) from module axi_ram (D = $0$memwr$\mem$rtl/axi_ram.v:97$854_DATA[31:0]$867 [7:0], Q = \mem[522] [7:0]).
Adding EN signal on $memory\mem[522]$7611 ($dff) from module axi_ram (D = $0$memwr$\mem$rtl/axi_ram.v:100$855_DATA[31:0]$870 [15:8], Q = \mem[522] [15:8]).
Adding EN signal on $memory\mem[522]$7611 ($dff) from module axi_ram (D = $0$memwr$\mem$rtl/axi_ram.v:102$856_DATA[31:0]$873 [23:16], Q = \mem[522] [23:16]).
Adding EN signal on $memory\mem[522]$7611 ($dff) from module axi_ram (D = $0$memwr$\mem$rtl/axi_ram.v:104$857_DATA[31:0]$876 [31:24], Q = \mem[522] [31:24]).
Adding EN signal on $memory\mem[521]$7609 ($dff) from module axi_ram (D = $0$memwr$\mem$rtl/axi_ram.v:97$854_DATA[31:0]$867 [7:0], Q = \mem[521] [7:0]).
Adding EN signal on $memory\mem[521]$7609 ($dff) from module axi_ram (D = $0$memwr$\mem$rtl/axi_ram.v:100$855_DATA[31:0]$870 [15:8], Q = \mem[521] [15:8]).
Adding EN signal on $memory\mem[521]$7609 ($dff) from module axi_ram (D = $0$memwr$\mem$rtl/axi_ram.v:102$856_DATA[31:0]$873 [23:16], Q = \mem[521] [23:16]).
Adding EN signal on $memory\mem[521]$7609 ($dff) from module axi_ram (D = $0$memwr$\mem$rtl/axi_ram.v:104$857_DATA[31:0]$876 [31:24], Q = \mem[521] [31:24]).
Adding EN signal on $memory\mem[520]$7607 ($dff) from module axi_ram (D = $0$memwr$\mem$rtl/axi_ram.v:97$854_DATA[31:0]$867 [7:0], Q = \mem[520] [7:0]).
Adding EN signal on $memory\mem[520]$7607 ($dff) from module axi_ram (D = $0$memwr$\mem$rtl/axi_ram.v:100$855_DATA[31:0]$870 [15:8], Q = \mem[520] [15:8]).
Adding EN signal on $memory\mem[520]$7607 ($dff) from module axi_ram (D = $0$memwr$\mem$rtl/axi_ram.v:102$856_DATA[31:0]$873 [23:16], Q = \mem[520] [23:16]).
Adding EN signal on $memory\mem[520]$7607 ($dff) from module axi_ram (D = $0$memwr$\mem$rtl/axi_ram.v:104$857_DATA[31:0]$876 [31:24], Q = \mem[520] [31:24]).
Adding EN signal on $memory\mem[51]$6669 ($dff) from module axi_ram (D = $0$memwr$\mem$rtl/axi_ram.v:97$854_DATA[31:0]$867 [7:0], Q = \mem[51] [7:0]).
Adding EN signal on $memory\mem[51]$6669 ($dff) from module axi_ram (D = $0$memwr$\mem$rtl/axi_ram.v:100$855_DATA[31:0]$870 [15:8], Q = \mem[51] [15:8]).
Adding EN signal on $memory\mem[51]$6669 ($dff) from module axi_ram (D = $0$memwr$\mem$rtl/axi_ram.v:102$856_DATA[31:0]$873 [23:16], Q = \mem[51] [23:16]).
Adding EN signal on $memory\mem[51]$6669 ($dff) from module axi_ram (D = $0$memwr$\mem$rtl/axi_ram.v:104$857_DATA[31:0]$876 [31:24], Q = \mem[51] [31:24]).
Adding EN signal on $memory\mem[519]$7605 ($dff) from module axi_ram (D = $0$memwr$\mem$rtl/axi_ram.v:97$854_DATA[31:0]$867 [7:0], Q = \mem[519] [7:0]).
Adding EN signal on $memory\mem[519]$7605 ($dff) from module axi_ram (D = $0$memwr$\mem$rtl/axi_ram.v:100$855_DATA[31:0]$870 [15:8], Q = \mem[519] [15:8]).
Adding EN signal on $memory\mem[519]$7605 ($dff) from module axi_ram (D = $0$memwr$\mem$rtl/axi_ram.v:102$856_DATA[31:0]$873 [23:16], Q = \mem[519] [23:16]).
Adding EN signal on $memory\mem[519]$7605 ($dff) from module axi_ram (D = $0$memwr$\mem$rtl/axi_ram.v:104$857_DATA[31:0]$876 [31:24], Q = \mem[519] [31:24]).
Adding EN signal on $memory\mem[518]$7603 ($dff) from module axi_ram (D = $0$memwr$\mem$rtl/axi_ram.v:97$854_DATA[31:0]$867 [7:0], Q = \mem[518] [7:0]).
Adding EN signal on $memory\mem[518]$7603 ($dff) from module axi_ram (D = $0$memwr$\mem$rtl/axi_ram.v:100$855_DATA[31:0]$870 [15:8], Q = \mem[518] [15:8]).
Adding EN signal on $memory\mem[518]$7603 ($dff) from module axi_ram (D = $0$memwr$\mem$rtl/axi_ram.v:102$856_DATA[31:0]$873 [23:16], Q = \mem[518] [23:16]).
Adding EN signal on $memory\mem[518]$7603 ($dff) from module axi_ram (D = $0$memwr$\mem$rtl/axi_ram.v:104$857_DATA[31:0]$876 [31:24], Q = \mem[518] [31:24]).
Adding EN signal on $memory\mem[517]$7601 ($dff) from module axi_ram (D = $0$memwr$\mem$rtl/axi_ram.v:97$854_DATA[31:0]$867 [7:0], Q = \mem[517] [7:0]).
Adding EN signal on $memory\mem[517]$7601 ($dff) from module axi_ram (D = $0$memwr$\mem$rtl/axi_ram.v:100$855_DATA[31:0]$870 [15:8], Q = \mem[517] [15:8]).
Adding EN signal on $memory\mem[517]$7601 ($dff) from module axi_ram (D = $0$memwr$\mem$rtl/axi_ram.v:102$856_DATA[31:0]$873 [23:16], Q = \mem[517] [23:16]).
Adding EN signal on $memory\mem[517]$7601 ($dff) from module axi_ram (D = $0$memwr$\mem$rtl/axi_ram.v:104$857_DATA[31:0]$876 [31:24], Q = \mem[517] [31:24]).
Adding EN signal on $memory\mem[516]$7599 ($dff) from module axi_ram (D = $0$memwr$\mem$rtl/axi_ram.v:97$854_DATA[31:0]$867 [7:0], Q = \mem[516] [7:0]).
Adding EN signal on $memory\mem[516]$7599 ($dff) from module axi_ram (D = $0$memwr$\mem$rtl/axi_ram.v:100$855_DATA[31:0]$870 [15:8], Q = \mem[516] [15:8]).
Adding EN signal on $memory\mem[516]$7599 ($dff) from module axi_ram (D = $0$memwr$\mem$rtl/axi_ram.v:102$856_DATA[31:0]$873 [23:16], Q = \mem[516] [23:16]).
Adding EN signal on $memory\mem[516]$7599 ($dff) from module axi_ram (D = $0$memwr$\mem$rtl/axi_ram.v:104$857_DATA[31:0]$876 [31:24], Q = \mem[516] [31:24]).
Adding EN signal on $memory\mem[515]$7597 ($dff) from module axi_ram (D = $0$memwr$\mem$rtl/axi_ram.v:97$854_DATA[31:0]$867 [7:0], Q = \mem[515] [7:0]).
Adding EN signal on $memory\mem[515]$7597 ($dff) from module axi_ram (D = $0$memwr$\mem$rtl/axi_ram.v:100$855_DATA[31:0]$870 [15:8], Q = \mem[515] [15:8]).
Adding EN signal on $memory\mem[515]$7597 ($dff) from module axi_ram (D = $0$memwr$\mem$rtl/axi_ram.v:102$856_DATA[31:0]$873 [23:16], Q = \mem[515] [23:16]).
Adding EN signal on $memory\mem[515]$7597 ($dff) from module axi_ram (D = $0$memwr$\mem$rtl/axi_ram.v:104$857_DATA[31:0]$876 [31:24], Q = \mem[515] [31:24]).
Adding EN signal on $memory\mem[514]$7595 ($dff) from module axi_ram (D = $0$memwr$\mem$rtl/axi_ram.v:97$854_DATA[31:0]$867 [7:0], Q = \mem[514] [7:0]).
Adding EN signal on $memory\mem[514]$7595 ($dff) from module axi_ram (D = $0$memwr$\mem$rtl/axi_ram.v:100$855_DATA[31:0]$870 [15:8], Q = \mem[514] [15:8]).
Adding EN signal on $memory\mem[514]$7595 ($dff) from module axi_ram (D = $0$memwr$\mem$rtl/axi_ram.v:102$856_DATA[31:0]$873 [23:16], Q = \mem[514] [23:16]).
Adding EN signal on $memory\mem[514]$7595 ($dff) from module axi_ram (D = $0$memwr$\mem$rtl/axi_ram.v:104$857_DATA[31:0]$876 [31:24], Q = \mem[514] [31:24]).
Adding EN signal on $memory\mem[513]$7593 ($dff) from module axi_ram (D = $0$memwr$\mem$rtl/axi_ram.v:97$854_DATA[31:0]$867 [7:0], Q = \mem[513] [7:0]).
Adding EN signal on $memory\mem[513]$7593 ($dff) from module axi_ram (D = $0$memwr$\mem$rtl/axi_ram.v:100$855_DATA[31:0]$870 [15:8], Q = \mem[513] [15:8]).
Adding EN signal on $memory\mem[513]$7593 ($dff) from module axi_ram (D = $0$memwr$\mem$rtl/axi_ram.v:102$856_DATA[31:0]$873 [23:16], Q = \mem[513] [23:16]).
Adding EN signal on $memory\mem[513]$7593 ($dff) from module axi_ram (D = $0$memwr$\mem$rtl/axi_ram.v:104$857_DATA[31:0]$876 [31:24], Q = \mem[513] [31:24]).
Adding EN signal on $memory\mem[512]$7591 ($dff) from module axi_ram (D = $0$memwr$\mem$rtl/axi_ram.v:97$854_DATA[31:0]$867 [7:0], Q = \mem[512] [7:0]).
Adding EN signal on $memory\mem[512]$7591 ($dff) from module axi_ram (D = $0$memwr$\mem$rtl/axi_ram.v:100$855_DATA[31:0]$870 [15:8], Q = \mem[512] [15:8]).
Adding EN signal on $memory\mem[512]$7591 ($dff) from module axi_ram (D = $0$memwr$\mem$rtl/axi_ram.v:102$856_DATA[31:0]$873 [23:16], Q = \mem[512] [23:16]).
Adding EN signal on $memory\mem[512]$7591 ($dff) from module axi_ram (D = $0$memwr$\mem$rtl/axi_ram.v:104$857_DATA[31:0]$876 [31:24], Q = \mem[512] [31:24]).
Adding EN signal on $memory\mem[511]$7589 ($dff) from module axi_ram (D = $0$memwr$\mem$rtl/axi_ram.v:97$854_DATA[31:0]$867 [7:0], Q = \mem[511] [7:0]).
Adding EN signal on $memory\mem[511]$7589 ($dff) from module axi_ram (D = $0$memwr$\mem$rtl/axi_ram.v:100$855_DATA[31:0]$870 [15:8], Q = \mem[511] [15:8]).
Adding EN signal on $memory\mem[511]$7589 ($dff) from module axi_ram (D = $0$memwr$\mem$rtl/axi_ram.v:102$856_DATA[31:0]$873 [23:16], Q = \mem[511] [23:16]).
Adding EN signal on $memory\mem[511]$7589 ($dff) from module axi_ram (D = $0$memwr$\mem$rtl/axi_ram.v:104$857_DATA[31:0]$876 [31:24], Q = \mem[511] [31:24]).
Adding EN signal on $memory\mem[510]$7587 ($dff) from module axi_ram (D = $0$memwr$\mem$rtl/axi_ram.v:97$854_DATA[31:0]$867 [7:0], Q = \mem[510] [7:0]).
Adding EN signal on $memory\mem[510]$7587 ($dff) from module axi_ram (D = $0$memwr$\mem$rtl/axi_ram.v:100$855_DATA[31:0]$870 [15:8], Q = \mem[510] [15:8]).
Adding EN signal on $memory\mem[510]$7587 ($dff) from module axi_ram (D = $0$memwr$\mem$rtl/axi_ram.v:102$856_DATA[31:0]$873 [23:16], Q = \mem[510] [23:16]).
Adding EN signal on $memory\mem[510]$7587 ($dff) from module axi_ram (D = $0$memwr$\mem$rtl/axi_ram.v:104$857_DATA[31:0]$876 [31:24], Q = \mem[510] [31:24]).
Adding EN signal on $memory\mem[50]$6667 ($dff) from module axi_ram (D = $0$memwr$\mem$rtl/axi_ram.v:97$854_DATA[31:0]$867 [7:0], Q = \mem[50] [7:0]).
Adding EN signal on $memory\mem[50]$6667 ($dff) from module axi_ram (D = $0$memwr$\mem$rtl/axi_ram.v:100$855_DATA[31:0]$870 [15:8], Q = \mem[50] [15:8]).
Adding EN signal on $memory\mem[50]$6667 ($dff) from module axi_ram (D = $0$memwr$\mem$rtl/axi_ram.v:102$856_DATA[31:0]$873 [23:16], Q = \mem[50] [23:16]).
Adding EN signal on $memory\mem[50]$6667 ($dff) from module axi_ram (D = $0$memwr$\mem$rtl/axi_ram.v:104$857_DATA[31:0]$876 [31:24], Q = \mem[50] [31:24]).
Adding EN signal on $memory\mem[509]$7585 ($dff) from module axi_ram (D = $0$memwr$\mem$rtl/axi_ram.v:97$854_DATA[31:0]$867 [7:0], Q = \mem[509] [7:0]).
Adding EN signal on $memory\mem[509]$7585 ($dff) from module axi_ram (D = $0$memwr$\mem$rtl/axi_ram.v:100$855_DATA[31:0]$870 [15:8], Q = \mem[509] [15:8]).
Adding EN signal on $memory\mem[509]$7585 ($dff) from module axi_ram (D = $0$memwr$\mem$rtl/axi_ram.v:102$856_DATA[31:0]$873 [23:16], Q = \mem[509] [23:16]).
Adding EN signal on $memory\mem[509]$7585 ($dff) from module axi_ram (D = $0$memwr$\mem$rtl/axi_ram.v:104$857_DATA[31:0]$876 [31:24], Q = \mem[509] [31:24]).
Adding EN signal on $memory\mem[508]$7583 ($dff) from module axi_ram (D = $0$memwr$\mem$rtl/axi_ram.v:97$854_DATA[31:0]$867 [7:0], Q = \mem[508] [7:0]).
Adding EN signal on $memory\mem[508]$7583 ($dff) from module axi_ram (D = $0$memwr$\mem$rtl/axi_ram.v:100$855_DATA[31:0]$870 [15:8], Q = \mem[508] [15:8]).
Adding EN signal on $memory\mem[508]$7583 ($dff) from module axi_ram (D = $0$memwr$\mem$rtl/axi_ram.v:102$856_DATA[31:0]$873 [23:16], Q = \mem[508] [23:16]).
Adding EN signal on $memory\mem[508]$7583 ($dff) from module axi_ram (D = $0$memwr$\mem$rtl/axi_ram.v:104$857_DATA[31:0]$876 [31:24], Q = \mem[508] [31:24]).
Adding EN signal on $memory\mem[507]$7581 ($dff) from module axi_ram (D = $0$memwr$\mem$rtl/axi_ram.v:97$854_DATA[31:0]$867 [7:0], Q = \mem[507] [7:0]).
Adding EN signal on $memory\mem[507]$7581 ($dff) from module axi_ram (D = $0$memwr$\mem$rtl/axi_ram.v:100$855_DATA[31:0]$870 [15:8], Q = \mem[507] [15:8]).
Adding EN signal on $memory\mem[507]$7581 ($dff) from module axi_ram (D = $0$memwr$\mem$rtl/axi_ram.v:102$856_DATA[31:0]$873 [23:16], Q = \mem[507] [23:16]).
Adding EN signal on $memory\mem[507]$7581 ($dff) from module axi_ram (D = $0$memwr$\mem$rtl/axi_ram.v:104$857_DATA[31:0]$876 [31:24], Q = \mem[507] [31:24]).
Adding EN signal on $memory\mem[506]$7579 ($dff) from module axi_ram (D = $0$memwr$\mem$rtl/axi_ram.v:97$854_DATA[31:0]$867 [7:0], Q = \mem[506] [7:0]).
Adding EN signal on $memory\mem[506]$7579 ($dff) from module axi_ram (D = $0$memwr$\mem$rtl/axi_ram.v:100$855_DATA[31:0]$870 [15:8], Q = \mem[506] [15:8]).
Adding EN signal on $memory\mem[506]$7579 ($dff) from module axi_ram (D = $0$memwr$\mem$rtl/axi_ram.v:102$856_DATA[31:0]$873 [23:16], Q = \mem[506] [23:16]).
Adding EN signal on $memory\mem[506]$7579 ($dff) from module axi_ram (D = $0$memwr$\mem$rtl/axi_ram.v:104$857_DATA[31:0]$876 [31:24], Q = \mem[506] [31:24]).
Adding EN signal on $memory\mem[505]$7577 ($dff) from module axi_ram (D = $0$memwr$\mem$rtl/axi_ram.v:97$854_DATA[31:0]$867 [7:0], Q = \mem[505] [7:0]).
Adding EN signal on $memory\mem[505]$7577 ($dff) from module axi_ram (D = $0$memwr$\mem$rtl/axi_ram.v:100$855_DATA[31:0]$870 [15:8], Q = \mem[505] [15:8]).
Adding EN signal on $memory\mem[505]$7577 ($dff) from module axi_ram (D = $0$memwr$\mem$rtl/axi_ram.v:102$856_DATA[31:0]$873 [23:16], Q = \mem[505] [23:16]).
Adding EN signal on $memory\mem[505]$7577 ($dff) from module axi_ram (D = $0$memwr$\mem$rtl/axi_ram.v:104$857_DATA[31:0]$876 [31:24], Q = \mem[505] [31:24]).
Adding EN signal on $memory\mem[504]$7575 ($dff) from module axi_ram (D = $0$memwr$\mem$rtl/axi_ram.v:97$854_DATA[31:0]$867 [7:0], Q = \mem[504] [7:0]).
Adding EN signal on $memory\mem[504]$7575 ($dff) from module axi_ram (D = $0$memwr$\mem$rtl/axi_ram.v:100$855_DATA[31:0]$870 [15:8], Q = \mem[504] [15:8]).
Adding EN signal on $memory\mem[504]$7575 ($dff) from module axi_ram (D = $0$memwr$\mem$rtl/axi_ram.v:102$856_DATA[31:0]$873 [23:16], Q = \mem[504] [23:16]).
Adding EN signal on $memory\mem[504]$7575 ($dff) from module axi_ram (D = $0$memwr$\mem$rtl/axi_ram.v:104$857_DATA[31:0]$876 [31:24], Q = \mem[504] [31:24]).
Adding EN signal on $memory\mem[503]$7573 ($dff) from module axi_ram (D = $0$memwr$\mem$rtl/axi_ram.v:97$854_DATA[31:0]$867 [7:0], Q = \mem[503] [7:0]).
Adding EN signal on $memory\mem[503]$7573 ($dff) from module axi_ram (D = $0$memwr$\mem$rtl/axi_ram.v:100$855_DATA[31:0]$870 [15:8], Q = \mem[503] [15:8]).
Adding EN signal on $memory\mem[503]$7573 ($dff) from module axi_ram (D = $0$memwr$\mem$rtl/axi_ram.v:102$856_DATA[31:0]$873 [23:16], Q = \mem[503] [23:16]).
Adding EN signal on $memory\mem[503]$7573 ($dff) from module axi_ram (D = $0$memwr$\mem$rtl/axi_ram.v:104$857_DATA[31:0]$876 [31:24], Q = \mem[503] [31:24]).
Adding EN signal on $memory\mem[502]$7571 ($dff) from module axi_ram (D = $0$memwr$\mem$rtl/axi_ram.v:97$854_DATA[31:0]$867 [7:0], Q = \mem[502] [7:0]).
Adding EN signal on $memory\mem[502]$7571 ($dff) from module axi_ram (D = $0$memwr$\mem$rtl/axi_ram.v:100$855_DATA[31:0]$870 [15:8], Q = \mem[502] [15:8]).
Adding EN signal on $memory\mem[502]$7571 ($dff) from module axi_ram (D = $0$memwr$\mem$rtl/axi_ram.v:102$856_DATA[31:0]$873 [23:16], Q = \mem[502] [23:16]).
Adding EN signal on $memory\mem[502]$7571 ($dff) from module axi_ram (D = $0$memwr$\mem$rtl/axi_ram.v:104$857_DATA[31:0]$876 [31:24], Q = \mem[502] [31:24]).
Adding EN signal on $memory\mem[501]$7569 ($dff) from module axi_ram (D = $0$memwr$\mem$rtl/axi_ram.v:97$854_DATA[31:0]$867 [7:0], Q = \mem[501] [7:0]).
Adding EN signal on $memory\mem[501]$7569 ($dff) from module axi_ram (D = $0$memwr$\mem$rtl/axi_ram.v:100$855_DATA[31:0]$870 [15:8], Q = \mem[501] [15:8]).
Adding EN signal on $memory\mem[501]$7569 ($dff) from module axi_ram (D = $0$memwr$\mem$rtl/axi_ram.v:102$856_DATA[31:0]$873 [23:16], Q = \mem[501] [23:16]).
Adding EN signal on $memory\mem[501]$7569 ($dff) from module axi_ram (D = $0$memwr$\mem$rtl/axi_ram.v:104$857_DATA[31:0]$876 [31:24], Q = \mem[501] [31:24]).
Adding EN signal on $memory\mem[500]$7567 ($dff) from module axi_ram (D = $0$memwr$\mem$rtl/axi_ram.v:97$854_DATA[31:0]$867 [7:0], Q = \mem[500] [7:0]).
Adding EN signal on $memory\mem[500]$7567 ($dff) from module axi_ram (D = $0$memwr$\mem$rtl/axi_ram.v:100$855_DATA[31:0]$870 [15:8], Q = \mem[500] [15:8]).
Adding EN signal on $memory\mem[500]$7567 ($dff) from module axi_ram (D = $0$memwr$\mem$rtl/axi_ram.v:102$856_DATA[31:0]$873 [23:16], Q = \mem[500] [23:16]).
Adding EN signal on $memory\mem[500]$7567 ($dff) from module axi_ram (D = $0$memwr$\mem$rtl/axi_ram.v:104$857_DATA[31:0]$876 [31:24], Q = \mem[500] [31:24]).
Adding EN signal on $memory\mem[4]$6575 ($dff) from module axi_ram (D = $0$memwr$\mem$rtl/axi_ram.v:97$854_DATA[31:0]$867 [7:0], Q = \mem[4] [7:0]).
Adding EN signal on $memory\mem[4]$6575 ($dff) from module axi_ram (D = $0$memwr$\mem$rtl/axi_ram.v:100$855_DATA[31:0]$870 [15:8], Q = \mem[4] [15:8]).
Adding EN signal on $memory\mem[4]$6575 ($dff) from module axi_ram (D = $0$memwr$\mem$rtl/axi_ram.v:102$856_DATA[31:0]$873 [23:16], Q = \mem[4] [23:16]).
Adding EN signal on $memory\mem[4]$6575 ($dff) from module axi_ram (D = $0$memwr$\mem$rtl/axi_ram.v:104$857_DATA[31:0]$876 [31:24], Q = \mem[4] [31:24]).
Adding EN signal on $memory\mem[49]$6665 ($dff) from module axi_ram (D = $0$memwr$\mem$rtl/axi_ram.v:97$854_DATA[31:0]$867 [7:0], Q = \mem[49] [7:0]).
Adding EN signal on $memory\mem[49]$6665 ($dff) from module axi_ram (D = $0$memwr$\mem$rtl/axi_ram.v:100$855_DATA[31:0]$870 [15:8], Q = \mem[49] [15:8]).
Adding EN signal on $memory\mem[49]$6665 ($dff) from module axi_ram (D = $0$memwr$\mem$rtl/axi_ram.v:102$856_DATA[31:0]$873 [23:16], Q = \mem[49] [23:16]).
Adding EN signal on $memory\mem[49]$6665 ($dff) from module axi_ram (D = $0$memwr$\mem$rtl/axi_ram.v:104$857_DATA[31:0]$876 [31:24], Q = \mem[49] [31:24]).
Adding EN signal on $memory\mem[499]$7565 ($dff) from module axi_ram (D = $0$memwr$\mem$rtl/axi_ram.v:97$854_DATA[31:0]$867 [7:0], Q = \mem[499] [7:0]).
Adding EN signal on $memory\mem[499]$7565 ($dff) from module axi_ram (D = $0$memwr$\mem$rtl/axi_ram.v:100$855_DATA[31:0]$870 [15:8], Q = \mem[499] [15:8]).
Adding EN signal on $memory\mem[499]$7565 ($dff) from module axi_ram (D = $0$memwr$\mem$rtl/axi_ram.v:102$856_DATA[31:0]$873 [23:16], Q = \mem[499] [23:16]).
Adding EN signal on $memory\mem[499]$7565 ($dff) from module axi_ram (D = $0$memwr$\mem$rtl/axi_ram.v:104$857_DATA[31:0]$876 [31:24], Q = \mem[499] [31:24]).
Adding EN signal on $memory\mem[498]$7563 ($dff) from module axi_ram (D = $0$memwr$\mem$rtl/axi_ram.v:97$854_DATA[31:0]$867 [7:0], Q = \mem[498] [7:0]).
Adding EN signal on $memory\mem[498]$7563 ($dff) from module axi_ram (D = $0$memwr$\mem$rtl/axi_ram.v:100$855_DATA[31:0]$870 [15:8], Q = \mem[498] [15:8]).
Adding EN signal on $memory\mem[498]$7563 ($dff) from module axi_ram (D = $0$memwr$\mem$rtl/axi_ram.v:102$856_DATA[31:0]$873 [23:16], Q = \mem[498] [23:16]).
Adding EN signal on $memory\mem[498]$7563 ($dff) from module axi_ram (D = $0$memwr$\mem$rtl/axi_ram.v:104$857_DATA[31:0]$876 [31:24], Q = \mem[498] [31:24]).
Adding EN signal on $memory\mem[497]$7561 ($dff) from module axi_ram (D = $0$memwr$\mem$rtl/axi_ram.v:97$854_DATA[31:0]$867 [7:0], Q = \mem[497] [7:0]).
Adding EN signal on $memory\mem[497]$7561 ($dff) from module axi_ram (D = $0$memwr$\mem$rtl/axi_ram.v:100$855_DATA[31:0]$870 [15:8], Q = \mem[497] [15:8]).
Adding EN signal on $memory\mem[497]$7561 ($dff) from module axi_ram (D = $0$memwr$\mem$rtl/axi_ram.v:102$856_DATA[31:0]$873 [23:16], Q = \mem[497] [23:16]).
Adding EN signal on $memory\mem[497]$7561 ($dff) from module axi_ram (D = $0$memwr$\mem$rtl/axi_ram.v:104$857_DATA[31:0]$876 [31:24], Q = \mem[497] [31:24]).
Adding EN signal on $memory\mem[496]$7559 ($dff) from module axi_ram (D = $0$memwr$\mem$rtl/axi_ram.v:97$854_DATA[31:0]$867 [7:0], Q = \mem[496] [7:0]).
Adding EN signal on $memory\mem[496]$7559 ($dff) from module axi_ram (D = $0$memwr$\mem$rtl/axi_ram.v:100$855_DATA[31:0]$870 [15:8], Q = \mem[496] [15:8]).
Adding EN signal on $memory\mem[496]$7559 ($dff) from module axi_ram (D = $0$memwr$\mem$rtl/axi_ram.v:102$856_DATA[31:0]$873 [23:16], Q = \mem[496] [23:16]).
Adding EN signal on $memory\mem[496]$7559 ($dff) from module axi_ram (D = $0$memwr$\mem$rtl/axi_ram.v:104$857_DATA[31:0]$876 [31:24], Q = \mem[496] [31:24]).
Adding EN signal on $memory\mem[495]$7557 ($dff) from module axi_ram (D = $0$memwr$\mem$rtl/axi_ram.v:97$854_DATA[31:0]$867 [7:0], Q = \mem[495] [7:0]).
Adding EN signal on $memory\mem[495]$7557 ($dff) from module axi_ram (D = $0$memwr$\mem$rtl/axi_ram.v:100$855_DATA[31:0]$870 [15:8], Q = \mem[495] [15:8]).
Adding EN signal on $memory\mem[495]$7557 ($dff) from module axi_ram (D = $0$memwr$\mem$rtl/axi_ram.v:102$856_DATA[31:0]$873 [23:16], Q = \mem[495] [23:16]).
Adding EN signal on $memory\mem[495]$7557 ($dff) from module axi_ram (D = $0$memwr$\mem$rtl/axi_ram.v:104$857_DATA[31:0]$876 [31:24], Q = \mem[495] [31:24]).
Adding EN signal on $memory\mem[494]$7555 ($dff) from module axi_ram (D = $0$memwr$\mem$rtl/axi_ram.v:97$854_DATA[31:0]$867 [7:0], Q = \mem[494] [7:0]).
Adding EN signal on $memory\mem[494]$7555 ($dff) from module axi_ram (D = $0$memwr$\mem$rtl/axi_ram.v:100$855_DATA[31:0]$870 [15:8], Q = \mem[494] [15:8]).
Adding EN signal on $memory\mem[494]$7555 ($dff) from module axi_ram (D = $0$memwr$\mem$rtl/axi_ram.v:102$856_DATA[31:0]$873 [23:16], Q = \mem[494] [23:16]).
Adding EN signal on $memory\mem[494]$7555 ($dff) from module axi_ram (D = $0$memwr$\mem$rtl/axi_ram.v:104$857_DATA[31:0]$876 [31:24], Q = \mem[494] [31:24]).
Adding EN signal on $memory\mem[493]$7553 ($dff) from module axi_ram (D = $0$memwr$\mem$rtl/axi_ram.v:97$854_DATA[31:0]$867 [7:0], Q = \mem[493] [7:0]).
Adding EN signal on $memory\mem[493]$7553 ($dff) from module axi_ram (D = $0$memwr$\mem$rtl/axi_ram.v:100$855_DATA[31:0]$870 [15:8], Q = \mem[493] [15:8]).
Adding EN signal on $memory\mem[493]$7553 ($dff) from module axi_ram (D = $0$memwr$\mem$rtl/axi_ram.v:102$856_DATA[31:0]$873 [23:16], Q = \mem[493] [23:16]).
Adding EN signal on $memory\mem[493]$7553 ($dff) from module axi_ram (D = $0$memwr$\mem$rtl/axi_ram.v:104$857_DATA[31:0]$876 [31:24], Q = \mem[493] [31:24]).
Adding EN signal on $memory\mem[492]$7551 ($dff) from module axi_ram (D = $0$memwr$\mem$rtl/axi_ram.v:97$854_DATA[31:0]$867 [7:0], Q = \mem[492] [7:0]).
Adding EN signal on $memory\mem[492]$7551 ($dff) from module axi_ram (D = $0$memwr$\mem$rtl/axi_ram.v:100$855_DATA[31:0]$870 [15:8], Q = \mem[492] [15:8]).
Adding EN signal on $memory\mem[492]$7551 ($dff) from module axi_ram (D = $0$memwr$\mem$rtl/axi_ram.v:102$856_DATA[31:0]$873 [23:16], Q = \mem[492] [23:16]).
Adding EN signal on $memory\mem[492]$7551 ($dff) from module axi_ram (D = $0$memwr$\mem$rtl/axi_ram.v:104$857_DATA[31:0]$876 [31:24], Q = \mem[492] [31:24]).
Adding EN signal on $memory\mem[491]$7549 ($dff) from module axi_ram (D = $0$memwr$\mem$rtl/axi_ram.v:97$854_DATA[31:0]$867 [7:0], Q = \mem[491] [7:0]).
Adding EN signal on $memory\mem[491]$7549 ($dff) from module axi_ram (D = $0$memwr$\mem$rtl/axi_ram.v:100$855_DATA[31:0]$870 [15:8], Q = \mem[491] [15:8]).
Adding EN signal on $memory\mem[491]$7549 ($dff) from module axi_ram (D = $0$memwr$\mem$rtl/axi_ram.v:102$856_DATA[31:0]$873 [23:16], Q = \mem[491] [23:16]).
Adding EN signal on $memory\mem[491]$7549 ($dff) from module axi_ram (D = $0$memwr$\mem$rtl/axi_ram.v:104$857_DATA[31:0]$876 [31:24], Q = \mem[491] [31:24]).
Adding EN signal on $memory\mem[490]$7547 ($dff) from module axi_ram (D = $0$memwr$\mem$rtl/axi_ram.v:97$854_DATA[31:0]$867 [7:0], Q = \mem[490] [7:0]).
Adding EN signal on $memory\mem[490]$7547 ($dff) from module axi_ram (D = $0$memwr$\mem$rtl/axi_ram.v:100$855_DATA[31:0]$870 [15:8], Q = \mem[490] [15:8]).
Adding EN signal on $memory\mem[490]$7547 ($dff) from module axi_ram (D = $0$memwr$\mem$rtl/axi_ram.v:102$856_DATA[31:0]$873 [23:16], Q = \mem[490] [23:16]).
Adding EN signal on $memory\mem[490]$7547 ($dff) from module axi_ram (D = $0$memwr$\mem$rtl/axi_ram.v:104$857_DATA[31:0]$876 [31:24], Q = \mem[490] [31:24]).
Adding EN signal on $memory\mem[48]$6663 ($dff) from module axi_ram (D = $0$memwr$\mem$rtl/axi_ram.v:97$854_DATA[31:0]$867 [7:0], Q = \mem[48] [7:0]).
Adding EN signal on $memory\mem[48]$6663 ($dff) from module axi_ram (D = $0$memwr$\mem$rtl/axi_ram.v:100$855_DATA[31:0]$870 [15:8], Q = \mem[48] [15:8]).
Adding EN signal on $memory\mem[48]$6663 ($dff) from module axi_ram (D = $0$memwr$\mem$rtl/axi_ram.v:102$856_DATA[31:0]$873 [23:16], Q = \mem[48] [23:16]).
Adding EN signal on $memory\mem[48]$6663 ($dff) from module axi_ram (D = $0$memwr$\mem$rtl/axi_ram.v:104$857_DATA[31:0]$876 [31:24], Q = \mem[48] [31:24]).
Adding EN signal on $memory\mem[489]$7545 ($dff) from module axi_ram (D = $0$memwr$\mem$rtl/axi_ram.v:97$854_DATA[31:0]$867 [7:0], Q = \mem[489] [7:0]).
Adding EN signal on $memory\mem[489]$7545 ($dff) from module axi_ram (D = $0$memwr$\mem$rtl/axi_ram.v:100$855_DATA[31:0]$870 [15:8], Q = \mem[489] [15:8]).
Adding EN signal on $memory\mem[489]$7545 ($dff) from module axi_ram (D = $0$memwr$\mem$rtl/axi_ram.v:102$856_DATA[31:0]$873 [23:16], Q = \mem[489] [23:16]).
Adding EN signal on $memory\mem[489]$7545 ($dff) from module axi_ram (D = $0$memwr$\mem$rtl/axi_ram.v:104$857_DATA[31:0]$876 [31:24], Q = \mem[489] [31:24]).
Adding EN signal on $memory\mem[488]$7543 ($dff) from module axi_ram (D = $0$memwr$\mem$rtl/axi_ram.v:97$854_DATA[31:0]$867 [7:0], Q = \mem[488] [7:0]).
Adding EN signal on $memory\mem[488]$7543 ($dff) from module axi_ram (D = $0$memwr$\mem$rtl/axi_ram.v:100$855_DATA[31:0]$870 [15:8], Q = \mem[488] [15:8]).
Adding EN signal on $memory\mem[488]$7543 ($dff) from module axi_ram (D = $0$memwr$\mem$rtl/axi_ram.v:102$856_DATA[31:0]$873 [23:16], Q = \mem[488] [23:16]).
Adding EN signal on $memory\mem[488]$7543 ($dff) from module axi_ram (D = $0$memwr$\mem$rtl/axi_ram.v:104$857_DATA[31:0]$876 [31:24], Q = \mem[488] [31:24]).
Adding EN signal on $memory\mem[487]$7541 ($dff) from module axi_ram (D = $0$memwr$\mem$rtl/axi_ram.v:97$854_DATA[31:0]$867 [7:0], Q = \mem[487] [7:0]).
Adding EN signal on $memory\mem[487]$7541 ($dff) from module axi_ram (D = $0$memwr$\mem$rtl/axi_ram.v:100$855_DATA[31:0]$870 [15:8], Q = \mem[487] [15:8]).
Adding EN signal on $memory\mem[487]$7541 ($dff) from module axi_ram (D = $0$memwr$\mem$rtl/axi_ram.v:102$856_DATA[31:0]$873 [23:16], Q = \mem[487] [23:16]).
Adding EN signal on $memory\mem[487]$7541 ($dff) from module axi_ram (D = $0$memwr$\mem$rtl/axi_ram.v:104$857_DATA[31:0]$876 [31:24], Q = \mem[487] [31:24]).
Adding EN signal on $memory\mem[486]$7539 ($dff) from module axi_ram (D = $0$memwr$\mem$rtl/axi_ram.v:97$854_DATA[31:0]$867 [7:0], Q = \mem[486] [7:0]).
Adding EN signal on $memory\mem[486]$7539 ($dff) from module axi_ram (D = $0$memwr$\mem$rtl/axi_ram.v:100$855_DATA[31:0]$870 [15:8], Q = \mem[486] [15:8]).
Adding EN signal on $memory\mem[486]$7539 ($dff) from module axi_ram (D = $0$memwr$\mem$rtl/axi_ram.v:102$856_DATA[31:0]$873 [23:16], Q = \mem[486] [23:16]).
Adding EN signal on $memory\mem[486]$7539 ($dff) from module axi_ram (D = $0$memwr$\mem$rtl/axi_ram.v:104$857_DATA[31:0]$876 [31:24], Q = \mem[486] [31:24]).
Adding EN signal on $memory\mem[485]$7537 ($dff) from module axi_ram (D = $0$memwr$\mem$rtl/axi_ram.v:97$854_DATA[31:0]$867 [7:0], Q = \mem[485] [7:0]).
Adding EN signal on $memory\mem[485]$7537 ($dff) from module axi_ram (D = $0$memwr$\mem$rtl/axi_ram.v:100$855_DATA[31:0]$870 [15:8], Q = \mem[485] [15:8]).
Adding EN signal on $memory\mem[485]$7537 ($dff) from module axi_ram (D = $0$memwr$\mem$rtl/axi_ram.v:102$856_DATA[31:0]$873 [23:16], Q = \mem[485] [23:16]).
Adding EN signal on $memory\mem[485]$7537 ($dff) from module axi_ram (D = $0$memwr$\mem$rtl/axi_ram.v:104$857_DATA[31:0]$876 [31:24], Q = \mem[485] [31:24]).
Adding EN signal on $memory\mem[484]$7535 ($dff) from module axi_ram (D = $0$memwr$\mem$rtl/axi_ram.v:97$854_DATA[31:0]$867 [7:0], Q = \mem[484] [7:0]).
Adding EN signal on $memory\mem[484]$7535 ($dff) from module axi_ram (D = $0$memwr$\mem$rtl/axi_ram.v:100$855_DATA[31:0]$870 [15:8], Q = \mem[484] [15:8]).
Adding EN signal on $memory\mem[484]$7535 ($dff) from module axi_ram (D = $0$memwr$\mem$rtl/axi_ram.v:102$856_DATA[31:0]$873 [23:16], Q = \mem[484] [23:16]).
Adding EN signal on $memory\mem[484]$7535 ($dff) from module axi_ram (D = $0$memwr$\mem$rtl/axi_ram.v:104$857_DATA[31:0]$876 [31:24], Q = \mem[484] [31:24]).
Adding EN signal on $memory\mem[483]$7533 ($dff) from module axi_ram (D = $0$memwr$\mem$rtl/axi_ram.v:97$854_DATA[31:0]$867 [7:0], Q = \mem[483] [7:0]).
Adding EN signal on $memory\mem[483]$7533 ($dff) from module axi_ram (D = $0$memwr$\mem$rtl/axi_ram.v:100$855_DATA[31:0]$870 [15:8], Q = \mem[483] [15:8]).
Adding EN signal on $memory\mem[483]$7533 ($dff) from module axi_ram (D = $0$memwr$\mem$rtl/axi_ram.v:102$856_DATA[31:0]$873 [23:16], Q = \mem[483] [23:16]).
Adding EN signal on $memory\mem[483]$7533 ($dff) from module axi_ram (D = $0$memwr$\mem$rtl/axi_ram.v:104$857_DATA[31:0]$876 [31:24], Q = \mem[483] [31:24]).
Adding EN signal on $memory\mem[482]$7531 ($dff) from module axi_ram (D = $0$memwr$\mem$rtl/axi_ram.v:97$854_DATA[31:0]$867 [7:0], Q = \mem[482] [7:0]).
Adding EN signal on $memory\mem[482]$7531 ($dff) from module axi_ram (D = $0$memwr$\mem$rtl/axi_ram.v:100$855_DATA[31:0]$870 [15:8], Q = \mem[482] [15:8]).
Adding EN signal on $memory\mem[482]$7531 ($dff) from module axi_ram (D = $0$memwr$\mem$rtl/axi_ram.v:102$856_DATA[31:0]$873 [23:16], Q = \mem[482] [23:16]).
Adding EN signal on $memory\mem[482]$7531 ($dff) from module axi_ram (D = $0$memwr$\mem$rtl/axi_ram.v:104$857_DATA[31:0]$876 [31:24], Q = \mem[482] [31:24]).
Adding EN signal on $memory\mem[481]$7529 ($dff) from module axi_ram (D = $0$memwr$\mem$rtl/axi_ram.v:97$854_DATA[31:0]$867 [7:0], Q = \mem[481] [7:0]).
Adding EN signal on $memory\mem[481]$7529 ($dff) from module axi_ram (D = $0$memwr$\mem$rtl/axi_ram.v:100$855_DATA[31:0]$870 [15:8], Q = \mem[481] [15:8]).
Adding EN signal on $memory\mem[481]$7529 ($dff) from module axi_ram (D = $0$memwr$\mem$rtl/axi_ram.v:102$856_DATA[31:0]$873 [23:16], Q = \mem[481] [23:16]).
Adding EN signal on $memory\mem[481]$7529 ($dff) from module axi_ram (D = $0$memwr$\mem$rtl/axi_ram.v:104$857_DATA[31:0]$876 [31:24], Q = \mem[481] [31:24]).
Adding EN signal on $memory\mem[480]$7527 ($dff) from module axi_ram (D = $0$memwr$\mem$rtl/axi_ram.v:97$854_DATA[31:0]$867 [7:0], Q = \mem[480] [7:0]).
Adding EN signal on $memory\mem[480]$7527 ($dff) from module axi_ram (D = $0$memwr$\mem$rtl/axi_ram.v:100$855_DATA[31:0]$870 [15:8], Q = \mem[480] [15:8]).
Adding EN signal on $memory\mem[480]$7527 ($dff) from module axi_ram (D = $0$memwr$\mem$rtl/axi_ram.v:102$856_DATA[31:0]$873 [23:16], Q = \mem[480] [23:16]).
Adding EN signal on $memory\mem[480]$7527 ($dff) from module axi_ram (D = $0$memwr$\mem$rtl/axi_ram.v:104$857_DATA[31:0]$876 [31:24], Q = \mem[480] [31:24]).
Adding EN signal on $memory\mem[47]$6661 ($dff) from module axi_ram (D = $0$memwr$\mem$rtl/axi_ram.v:97$854_DATA[31:0]$867 [7:0], Q = \mem[47] [7:0]).
Adding EN signal on $memory\mem[47]$6661 ($dff) from module axi_ram (D = $0$memwr$\mem$rtl/axi_ram.v:100$855_DATA[31:0]$870 [15:8], Q = \mem[47] [15:8]).
Adding EN signal on $memory\mem[47]$6661 ($dff) from module axi_ram (D = $0$memwr$\mem$rtl/axi_ram.v:102$856_DATA[31:0]$873 [23:16], Q = \mem[47] [23:16]).
Adding EN signal on $memory\mem[47]$6661 ($dff) from module axi_ram (D = $0$memwr$\mem$rtl/axi_ram.v:104$857_DATA[31:0]$876 [31:24], Q = \mem[47] [31:24]).
Adding EN signal on $memory\mem[479]$7525 ($dff) from module axi_ram (D = $0$memwr$\mem$rtl/axi_ram.v:97$854_DATA[31:0]$867 [7:0], Q = \mem[479] [7:0]).
Adding EN signal on $memory\mem[479]$7525 ($dff) from module axi_ram (D = $0$memwr$\mem$rtl/axi_ram.v:100$855_DATA[31:0]$870 [15:8], Q = \mem[479] [15:8]).
Adding EN signal on $memory\mem[479]$7525 ($dff) from module axi_ram (D = $0$memwr$\mem$rtl/axi_ram.v:102$856_DATA[31:0]$873 [23:16], Q = \mem[479] [23:16]).
Adding EN signal on $memory\mem[479]$7525 ($dff) from module axi_ram (D = $0$memwr$\mem$rtl/axi_ram.v:104$857_DATA[31:0]$876 [31:24], Q = \mem[479] [31:24]).
Adding EN signal on $memory\mem[478]$7523 ($dff) from module axi_ram (D = $0$memwr$\mem$rtl/axi_ram.v:97$854_DATA[31:0]$867 [7:0], Q = \mem[478] [7:0]).
Adding EN signal on $memory\mem[478]$7523 ($dff) from module axi_ram (D = $0$memwr$\mem$rtl/axi_ram.v:100$855_DATA[31:0]$870 [15:8], Q = \mem[478] [15:8]).
Adding EN signal on $memory\mem[478]$7523 ($dff) from module axi_ram (D = $0$memwr$\mem$rtl/axi_ram.v:102$856_DATA[31:0]$873 [23:16], Q = \mem[478] [23:16]).
Adding EN signal on $memory\mem[478]$7523 ($dff) from module axi_ram (D = $0$memwr$\mem$rtl/axi_ram.v:104$857_DATA[31:0]$876 [31:24], Q = \mem[478] [31:24]).
Adding EN signal on $memory\mem[477]$7521 ($dff) from module axi_ram (D = $0$memwr$\mem$rtl/axi_ram.v:97$854_DATA[31:0]$867 [7:0], Q = \mem[477] [7:0]).
Adding EN signal on $memory\mem[477]$7521 ($dff) from module axi_ram (D = $0$memwr$\mem$rtl/axi_ram.v:100$855_DATA[31:0]$870 [15:8], Q = \mem[477] [15:8]).
Adding EN signal on $memory\mem[477]$7521 ($dff) from module axi_ram (D = $0$memwr$\mem$rtl/axi_ram.v:102$856_DATA[31:0]$873 [23:16], Q = \mem[477] [23:16]).
Adding EN signal on $memory\mem[477]$7521 ($dff) from module axi_ram (D = $0$memwr$\mem$rtl/axi_ram.v:104$857_DATA[31:0]$876 [31:24], Q = \mem[477] [31:24]).
Adding EN signal on $memory\mem[476]$7519 ($dff) from module axi_ram (D = $0$memwr$\mem$rtl/axi_ram.v:97$854_DATA[31:0]$867 [7:0], Q = \mem[476] [7:0]).
Adding EN signal on $memory\mem[476]$7519 ($dff) from module axi_ram (D = $0$memwr$\mem$rtl/axi_ram.v:100$855_DATA[31:0]$870 [15:8], Q = \mem[476] [15:8]).
Adding EN signal on $memory\mem[476]$7519 ($dff) from module axi_ram (D = $0$memwr$\mem$rtl/axi_ram.v:102$856_DATA[31:0]$873 [23:16], Q = \mem[476] [23:16]).
Adding EN signal on $memory\mem[476]$7519 ($dff) from module axi_ram (D = $0$memwr$\mem$rtl/axi_ram.v:104$857_DATA[31:0]$876 [31:24], Q = \mem[476] [31:24]).
Adding EN signal on $memory\mem[475]$7517 ($dff) from module axi_ram (D = $0$memwr$\mem$rtl/axi_ram.v:97$854_DATA[31:0]$867 [7:0], Q = \mem[475] [7:0]).
Adding EN signal on $memory\mem[475]$7517 ($dff) from module axi_ram (D = $0$memwr$\mem$rtl/axi_ram.v:100$855_DATA[31:0]$870 [15:8], Q = \mem[475] [15:8]).
Adding EN signal on $memory\mem[475]$7517 ($dff) from module axi_ram (D = $0$memwr$\mem$rtl/axi_ram.v:102$856_DATA[31:0]$873 [23:16], Q = \mem[475] [23:16]).
Adding EN signal on $memory\mem[475]$7517 ($dff) from module axi_ram (D = $0$memwr$\mem$rtl/axi_ram.v:104$857_DATA[31:0]$876 [31:24], Q = \mem[475] [31:24]).
Adding EN signal on $memory\mem[474]$7515 ($dff) from module axi_ram (D = $0$memwr$\mem$rtl/axi_ram.v:97$854_DATA[31:0]$867 [7:0], Q = \mem[474] [7:0]).
Adding EN signal on $memory\mem[474]$7515 ($dff) from module axi_ram (D = $0$memwr$\mem$rtl/axi_ram.v:100$855_DATA[31:0]$870 [15:8], Q = \mem[474] [15:8]).
Adding EN signal on $memory\mem[474]$7515 ($dff) from module axi_ram (D = $0$memwr$\mem$rtl/axi_ram.v:102$856_DATA[31:0]$873 [23:16], Q = \mem[474] [23:16]).
Adding EN signal on $memory\mem[474]$7515 ($dff) from module axi_ram (D = $0$memwr$\mem$rtl/axi_ram.v:104$857_DATA[31:0]$876 [31:24], Q = \mem[474] [31:24]).
Adding EN signal on $memory\mem[473]$7513 ($dff) from module axi_ram (D = $0$memwr$\mem$rtl/axi_ram.v:97$854_DATA[31:0]$867 [7:0], Q = \mem[473] [7:0]).
Adding EN signal on $memory\mem[473]$7513 ($dff) from module axi_ram (D = $0$memwr$\mem$rtl/axi_ram.v:100$855_DATA[31:0]$870 [15:8], Q = \mem[473] [15:8]).
Adding EN signal on $memory\mem[473]$7513 ($dff) from module axi_ram (D = $0$memwr$\mem$rtl/axi_ram.v:102$856_DATA[31:0]$873 [23:16], Q = \mem[473] [23:16]).
Adding EN signal on $memory\mem[473]$7513 ($dff) from module axi_ram (D = $0$memwr$\mem$rtl/axi_ram.v:104$857_DATA[31:0]$876 [31:24], Q = \mem[473] [31:24]).
Adding EN signal on $memory\mem[472]$7511 ($dff) from module axi_ram (D = $0$memwr$\mem$rtl/axi_ram.v:97$854_DATA[31:0]$867 [7:0], Q = \mem[472] [7:0]).
Adding EN signal on $memory\mem[472]$7511 ($dff) from module axi_ram (D = $0$memwr$\mem$rtl/axi_ram.v:100$855_DATA[31:0]$870 [15:8], Q = \mem[472] [15:8]).
Adding EN signal on $memory\mem[472]$7511 ($dff) from module axi_ram (D = $0$memwr$\mem$rtl/axi_ram.v:102$856_DATA[31:0]$873 [23:16], Q = \mem[472] [23:16]).
Adding EN signal on $memory\mem[472]$7511 ($dff) from module axi_ram (D = $0$memwr$\mem$rtl/axi_ram.v:104$857_DATA[31:0]$876 [31:24], Q = \mem[472] [31:24]).
Adding EN signal on $memory\mem[471]$7509 ($dff) from module axi_ram (D = $0$memwr$\mem$rtl/axi_ram.v:97$854_DATA[31:0]$867 [7:0], Q = \mem[471] [7:0]).
Adding EN signal on $memory\mem[471]$7509 ($dff) from module axi_ram (D = $0$memwr$\mem$rtl/axi_ram.v:100$855_DATA[31:0]$870 [15:8], Q = \mem[471] [15:8]).
Adding EN signal on $memory\mem[471]$7509 ($dff) from module axi_ram (D = $0$memwr$\mem$rtl/axi_ram.v:102$856_DATA[31:0]$873 [23:16], Q = \mem[471] [23:16]).
Adding EN signal on $memory\mem[471]$7509 ($dff) from module axi_ram (D = $0$memwr$\mem$rtl/axi_ram.v:104$857_DATA[31:0]$876 [31:24], Q = \mem[471] [31:24]).
Adding EN signal on $memory\mem[470]$7507 ($dff) from module axi_ram (D = $0$memwr$\mem$rtl/axi_ram.v:97$854_DATA[31:0]$867 [7:0], Q = \mem[470] [7:0]).
Adding EN signal on $memory\mem[470]$7507 ($dff) from module axi_ram (D = $0$memwr$\mem$rtl/axi_ram.v:100$855_DATA[31:0]$870 [15:8], Q = \mem[470] [15:8]).
Adding EN signal on $memory\mem[470]$7507 ($dff) from module axi_ram (D = $0$memwr$\mem$rtl/axi_ram.v:102$856_DATA[31:0]$873 [23:16], Q = \mem[470] [23:16]).
Adding EN signal on $memory\mem[470]$7507 ($dff) from module axi_ram (D = $0$memwr$\mem$rtl/axi_ram.v:104$857_DATA[31:0]$876 [31:24], Q = \mem[470] [31:24]).
Adding EN signal on $memory\mem[46]$6659 ($dff) from module axi_ram (D = $0$memwr$\mem$rtl/axi_ram.v:97$854_DATA[31:0]$867 [7:0], Q = \mem[46] [7:0]).
Adding EN signal on $memory\mem[46]$6659 ($dff) from module axi_ram (D = $0$memwr$\mem$rtl/axi_ram.v:100$855_DATA[31:0]$870 [15:8], Q = \mem[46] [15:8]).
Adding EN signal on $memory\mem[46]$6659 ($dff) from module axi_ram (D = $0$memwr$\mem$rtl/axi_ram.v:102$856_DATA[31:0]$873 [23:16], Q = \mem[46] [23:16]).
Adding EN signal on $memory\mem[46]$6659 ($dff) from module axi_ram (D = $0$memwr$\mem$rtl/axi_ram.v:104$857_DATA[31:0]$876 [31:24], Q = \mem[46] [31:24]).
Adding EN signal on $memory\mem[469]$7505 ($dff) from module axi_ram (D = $0$memwr$\mem$rtl/axi_ram.v:97$854_DATA[31:0]$867 [7:0], Q = \mem[469] [7:0]).
Adding EN signal on $memory\mem[469]$7505 ($dff) from module axi_ram (D = $0$memwr$\mem$rtl/axi_ram.v:100$855_DATA[31:0]$870 [15:8], Q = \mem[469] [15:8]).
Adding EN signal on $memory\mem[469]$7505 ($dff) from module axi_ram (D = $0$memwr$\mem$rtl/axi_ram.v:102$856_DATA[31:0]$873 [23:16], Q = \mem[469] [23:16]).
Adding EN signal on $memory\mem[469]$7505 ($dff) from module axi_ram (D = $0$memwr$\mem$rtl/axi_ram.v:104$857_DATA[31:0]$876 [31:24], Q = \mem[469] [31:24]).
Adding EN signal on $memory\mem[468]$7503 ($dff) from module axi_ram (D = $0$memwr$\mem$rtl/axi_ram.v:97$854_DATA[31:0]$867 [7:0], Q = \mem[468] [7:0]).
Adding EN signal on $memory\mem[468]$7503 ($dff) from module axi_ram (D = $0$memwr$\mem$rtl/axi_ram.v:100$855_DATA[31:0]$870 [15:8], Q = \mem[468] [15:8]).
Adding EN signal on $memory\mem[468]$7503 ($dff) from module axi_ram (D = $0$memwr$\mem$rtl/axi_ram.v:102$856_DATA[31:0]$873 [23:16], Q = \mem[468] [23:16]).
Adding EN signal on $memory\mem[468]$7503 ($dff) from module axi_ram (D = $0$memwr$\mem$rtl/axi_ram.v:104$857_DATA[31:0]$876 [31:24], Q = \mem[468] [31:24]).
Adding EN signal on $memory\mem[467]$7501 ($dff) from module axi_ram (D = $0$memwr$\mem$rtl/axi_ram.v:97$854_DATA[31:0]$867 [7:0], Q = \mem[467] [7:0]).
Adding EN signal on $memory\mem[467]$7501 ($dff) from module axi_ram (D = $0$memwr$\mem$rtl/axi_ram.v:100$855_DATA[31:0]$870 [15:8], Q = \mem[467] [15:8]).
Adding EN signal on $memory\mem[467]$7501 ($dff) from module axi_ram (D = $0$memwr$\mem$rtl/axi_ram.v:102$856_DATA[31:0]$873 [23:16], Q = \mem[467] [23:16]).
Adding EN signal on $memory\mem[467]$7501 ($dff) from module axi_ram (D = $0$memwr$\mem$rtl/axi_ram.v:104$857_DATA[31:0]$876 [31:24], Q = \mem[467] [31:24]).
Adding EN signal on $memory\mem[466]$7499 ($dff) from module axi_ram (D = $0$memwr$\mem$rtl/axi_ram.v:97$854_DATA[31:0]$867 [7:0], Q = \mem[466] [7:0]).
Adding EN signal on $memory\mem[466]$7499 ($dff) from module axi_ram (D = $0$memwr$\mem$rtl/axi_ram.v:100$855_DATA[31:0]$870 [15:8], Q = \mem[466] [15:8]).
Adding EN signal on $memory\mem[466]$7499 ($dff) from module axi_ram (D = $0$memwr$\mem$rtl/axi_ram.v:102$856_DATA[31:0]$873 [23:16], Q = \mem[466] [23:16]).
Adding EN signal on $memory\mem[466]$7499 ($dff) from module axi_ram (D = $0$memwr$\mem$rtl/axi_ram.v:104$857_DATA[31:0]$876 [31:24], Q = \mem[466] [31:24]).
Adding EN signal on $memory\mem[465]$7497 ($dff) from module axi_ram (D = $0$memwr$\mem$rtl/axi_ram.v:97$854_DATA[31:0]$867 [7:0], Q = \mem[465] [7:0]).
Adding EN signal on $memory\mem[465]$7497 ($dff) from module axi_ram (D = $0$memwr$\mem$rtl/axi_ram.v:100$855_DATA[31:0]$870 [15:8], Q = \mem[465] [15:8]).
Adding EN signal on $memory\mem[465]$7497 ($dff) from module axi_ram (D = $0$memwr$\mem$rtl/axi_ram.v:102$856_DATA[31:0]$873 [23:16], Q = \mem[465] [23:16]).
Adding EN signal on $memory\mem[465]$7497 ($dff) from module axi_ram (D = $0$memwr$\mem$rtl/axi_ram.v:104$857_DATA[31:0]$876 [31:24], Q = \mem[465] [31:24]).
Adding EN signal on $memory\mem[464]$7495 ($dff) from module axi_ram (D = $0$memwr$\mem$rtl/axi_ram.v:97$854_DATA[31:0]$867 [7:0], Q = \mem[464] [7:0]).
Adding EN signal on $memory\mem[464]$7495 ($dff) from module axi_ram (D = $0$memwr$\mem$rtl/axi_ram.v:100$855_DATA[31:0]$870 [15:8], Q = \mem[464] [15:8]).
Adding EN signal on $memory\mem[464]$7495 ($dff) from module axi_ram (D = $0$memwr$\mem$rtl/axi_ram.v:102$856_DATA[31:0]$873 [23:16], Q = \mem[464] [23:16]).
Adding EN signal on $memory\mem[464]$7495 ($dff) from module axi_ram (D = $0$memwr$\mem$rtl/axi_ram.v:104$857_DATA[31:0]$876 [31:24], Q = \mem[464] [31:24]).
Adding EN signal on $memory\mem[463]$7493 ($dff) from module axi_ram (D = $0$memwr$\mem$rtl/axi_ram.v:97$854_DATA[31:0]$867 [7:0], Q = \mem[463] [7:0]).
Adding EN signal on $memory\mem[463]$7493 ($dff) from module axi_ram (D = $0$memwr$\mem$rtl/axi_ram.v:100$855_DATA[31:0]$870 [15:8], Q = \mem[463] [15:8]).
Adding EN signal on $memory\mem[463]$7493 ($dff) from module axi_ram (D = $0$memwr$\mem$rtl/axi_ram.v:102$856_DATA[31:0]$873 [23:16], Q = \mem[463] [23:16]).
Adding EN signal on $memory\mem[463]$7493 ($dff) from module axi_ram (D = $0$memwr$\mem$rtl/axi_ram.v:104$857_DATA[31:0]$876 [31:24], Q = \mem[463] [31:24]).
Adding EN signal on $memory\mem[462]$7491 ($dff) from module axi_ram (D = $0$memwr$\mem$rtl/axi_ram.v:97$854_DATA[31:0]$867 [7:0], Q = \mem[462] [7:0]).
Adding EN signal on $memory\mem[462]$7491 ($dff) from module axi_ram (D = $0$memwr$\mem$rtl/axi_ram.v:100$855_DATA[31:0]$870 [15:8], Q = \mem[462] [15:8]).
Adding EN signal on $memory\mem[462]$7491 ($dff) from module axi_ram (D = $0$memwr$\mem$rtl/axi_ram.v:102$856_DATA[31:0]$873 [23:16], Q = \mem[462] [23:16]).
Adding EN signal on $memory\mem[462]$7491 ($dff) from module axi_ram (D = $0$memwr$\mem$rtl/axi_ram.v:104$857_DATA[31:0]$876 [31:24], Q = \mem[462] [31:24]).
Adding EN signal on $memory\mem[461]$7489 ($dff) from module axi_ram (D = $0$memwr$\mem$rtl/axi_ram.v:97$854_DATA[31:0]$867 [7:0], Q = \mem[461] [7:0]).
Adding EN signal on $memory\mem[461]$7489 ($dff) from module axi_ram (D = $0$memwr$\mem$rtl/axi_ram.v:100$855_DATA[31:0]$870 [15:8], Q = \mem[461] [15:8]).
Adding EN signal on $memory\mem[461]$7489 ($dff) from module axi_ram (D = $0$memwr$\mem$rtl/axi_ram.v:102$856_DATA[31:0]$873 [23:16], Q = \mem[461] [23:16]).
Adding EN signal on $memory\mem[461]$7489 ($dff) from module axi_ram (D = $0$memwr$\mem$rtl/axi_ram.v:104$857_DATA[31:0]$876 [31:24], Q = \mem[461] [31:24]).
Adding EN signal on $memory\mem[460]$7487 ($dff) from module axi_ram (D = $0$memwr$\mem$rtl/axi_ram.v:97$854_DATA[31:0]$867 [7:0], Q = \mem[460] [7:0]).
Adding EN signal on $memory\mem[460]$7487 ($dff) from module axi_ram (D = $0$memwr$\mem$rtl/axi_ram.v:100$855_DATA[31:0]$870 [15:8], Q = \mem[460] [15:8]).
Adding EN signal on $memory\mem[460]$7487 ($dff) from module axi_ram (D = $0$memwr$\mem$rtl/axi_ram.v:102$856_DATA[31:0]$873 [23:16], Q = \mem[460] [23:16]).
Adding EN signal on $memory\mem[460]$7487 ($dff) from module axi_ram (D = $0$memwr$\mem$rtl/axi_ram.v:104$857_DATA[31:0]$876 [31:24], Q = \mem[460] [31:24]).
Adding EN signal on $memory\mem[45]$6657 ($dff) from module axi_ram (D = $0$memwr$\mem$rtl/axi_ram.v:97$854_DATA[31:0]$867 [7:0], Q = \mem[45] [7:0]).
Adding EN signal on $memory\mem[45]$6657 ($dff) from module axi_ram (D = $0$memwr$\mem$rtl/axi_ram.v:100$855_DATA[31:0]$870 [15:8], Q = \mem[45] [15:8]).
Adding EN signal on $memory\mem[45]$6657 ($dff) from module axi_ram (D = $0$memwr$\mem$rtl/axi_ram.v:102$856_DATA[31:0]$873 [23:16], Q = \mem[45] [23:16]).
Adding EN signal on $memory\mem[45]$6657 ($dff) from module axi_ram (D = $0$memwr$\mem$rtl/axi_ram.v:104$857_DATA[31:0]$876 [31:24], Q = \mem[45] [31:24]).
Adding EN signal on $memory\mem[459]$7485 ($dff) from module axi_ram (D = $0$memwr$\mem$rtl/axi_ram.v:97$854_DATA[31:0]$867 [7:0], Q = \mem[459] [7:0]).
Adding EN signal on $memory\mem[459]$7485 ($dff) from module axi_ram (D = $0$memwr$\mem$rtl/axi_ram.v:100$855_DATA[31:0]$870 [15:8], Q = \mem[459] [15:8]).
Adding EN signal on $memory\mem[459]$7485 ($dff) from module axi_ram (D = $0$memwr$\mem$rtl/axi_ram.v:102$856_DATA[31:0]$873 [23:16], Q = \mem[459] [23:16]).
Adding EN signal on $memory\mem[459]$7485 ($dff) from module axi_ram (D = $0$memwr$\mem$rtl/axi_ram.v:104$857_DATA[31:0]$876 [31:24], Q = \mem[459] [31:24]).
Adding EN signal on $memory\mem[458]$7483 ($dff) from module axi_ram (D = $0$memwr$\mem$rtl/axi_ram.v:97$854_DATA[31:0]$867 [7:0], Q = \mem[458] [7:0]).
Adding EN signal on $memory\mem[458]$7483 ($dff) from module axi_ram (D = $0$memwr$\mem$rtl/axi_ram.v:100$855_DATA[31:0]$870 [15:8], Q = \mem[458] [15:8]).
Adding EN signal on $memory\mem[458]$7483 ($dff) from module axi_ram (D = $0$memwr$\mem$rtl/axi_ram.v:102$856_DATA[31:0]$873 [23:16], Q = \mem[458] [23:16]).
Adding EN signal on $memory\mem[458]$7483 ($dff) from module axi_ram (D = $0$memwr$\mem$rtl/axi_ram.v:104$857_DATA[31:0]$876 [31:24], Q = \mem[458] [31:24]).
Adding EN signal on $memory\mem[457]$7481 ($dff) from module axi_ram (D = $0$memwr$\mem$rtl/axi_ram.v:97$854_DATA[31:0]$867 [7:0], Q = \mem[457] [7:0]).
Adding EN signal on $memory\mem[457]$7481 ($dff) from module axi_ram (D = $0$memwr$\mem$rtl/axi_ram.v:100$855_DATA[31:0]$870 [15:8], Q = \mem[457] [15:8]).
Adding EN signal on $memory\mem[457]$7481 ($dff) from module axi_ram (D = $0$memwr$\mem$rtl/axi_ram.v:102$856_DATA[31:0]$873 [23:16], Q = \mem[457] [23:16]).
Adding EN signal on $memory\mem[457]$7481 ($dff) from module axi_ram (D = $0$memwr$\mem$rtl/axi_ram.v:104$857_DATA[31:0]$876 [31:24], Q = \mem[457] [31:24]).
Adding EN signal on $memory\mem[456]$7479 ($dff) from module axi_ram (D = $0$memwr$\mem$rtl/axi_ram.v:97$854_DATA[31:0]$867 [7:0], Q = \mem[456] [7:0]).
Adding EN signal on $memory\mem[456]$7479 ($dff) from module axi_ram (D = $0$memwr$\mem$rtl/axi_ram.v:100$855_DATA[31:0]$870 [15:8], Q = \mem[456] [15:8]).
Adding EN signal on $memory\mem[456]$7479 ($dff) from module axi_ram (D = $0$memwr$\mem$rtl/axi_ram.v:102$856_DATA[31:0]$873 [23:16], Q = \mem[456] [23:16]).
Adding EN signal on $memory\mem[456]$7479 ($dff) from module axi_ram (D = $0$memwr$\mem$rtl/axi_ram.v:104$857_DATA[31:0]$876 [31:24], Q = \mem[456] [31:24]).
Adding EN signal on $memory\mem[455]$7477 ($dff) from module axi_ram (D = $0$memwr$\mem$rtl/axi_ram.v:97$854_DATA[31:0]$867 [7:0], Q = \mem[455] [7:0]).
Adding EN signal on $memory\mem[455]$7477 ($dff) from module axi_ram (D = $0$memwr$\mem$rtl/axi_ram.v:100$855_DATA[31:0]$870 [15:8], Q = \mem[455] [15:8]).
Adding EN signal on $memory\mem[455]$7477 ($dff) from module axi_ram (D = $0$memwr$\mem$rtl/axi_ram.v:102$856_DATA[31:0]$873 [23:16], Q = \mem[455] [23:16]).
Adding EN signal on $memory\mem[455]$7477 ($dff) from module axi_ram (D = $0$memwr$\mem$rtl/axi_ram.v:104$857_DATA[31:0]$876 [31:24], Q = \mem[455] [31:24]).
Adding EN signal on $memory\mem[454]$7475 ($dff) from module axi_ram (D = $0$memwr$\mem$rtl/axi_ram.v:97$854_DATA[31:0]$867 [7:0], Q = \mem[454] [7:0]).
Adding EN signal on $memory\mem[454]$7475 ($dff) from module axi_ram (D = $0$memwr$\mem$rtl/axi_ram.v:100$855_DATA[31:0]$870 [15:8], Q = \mem[454] [15:8]).
Adding EN signal on $memory\mem[454]$7475 ($dff) from module axi_ram (D = $0$memwr$\mem$rtl/axi_ram.v:102$856_DATA[31:0]$873 [23:16], Q = \mem[454] [23:16]).
Adding EN signal on $memory\mem[454]$7475 ($dff) from module axi_ram (D = $0$memwr$\mem$rtl/axi_ram.v:104$857_DATA[31:0]$876 [31:24], Q = \mem[454] [31:24]).
Adding EN signal on $memory\mem[453]$7473 ($dff) from module axi_ram (D = $0$memwr$\mem$rtl/axi_ram.v:97$854_DATA[31:0]$867 [7:0], Q = \mem[453] [7:0]).
Adding EN signal on $memory\mem[453]$7473 ($dff) from module axi_ram (D = $0$memwr$\mem$rtl/axi_ram.v:100$855_DATA[31:0]$870 [15:8], Q = \mem[453] [15:8]).
Adding EN signal on $memory\mem[453]$7473 ($dff) from module axi_ram (D = $0$memwr$\mem$rtl/axi_ram.v:102$856_DATA[31:0]$873 [23:16], Q = \mem[453] [23:16]).
Adding EN signal on $memory\mem[453]$7473 ($dff) from module axi_ram (D = $0$memwr$\mem$rtl/axi_ram.v:104$857_DATA[31:0]$876 [31:24], Q = \mem[453] [31:24]).
Adding EN signal on $memory\mem[452]$7471 ($dff) from module axi_ram (D = $0$memwr$\mem$rtl/axi_ram.v:97$854_DATA[31:0]$867 [7:0], Q = \mem[452] [7:0]).
Adding EN signal on $memory\mem[452]$7471 ($dff) from module axi_ram (D = $0$memwr$\mem$rtl/axi_ram.v:100$855_DATA[31:0]$870 [15:8], Q = \mem[452] [15:8]).
Adding EN signal on $memory\mem[452]$7471 ($dff) from module axi_ram (D = $0$memwr$\mem$rtl/axi_ram.v:102$856_DATA[31:0]$873 [23:16], Q = \mem[452] [23:16]).
Adding EN signal on $memory\mem[452]$7471 ($dff) from module axi_ram (D = $0$memwr$\mem$rtl/axi_ram.v:104$857_DATA[31:0]$876 [31:24], Q = \mem[452] [31:24]).
Adding EN signal on $memory\mem[451]$7469 ($dff) from module axi_ram (D = $0$memwr$\mem$rtl/axi_ram.v:97$854_DATA[31:0]$867 [7:0], Q = \mem[451] [7:0]).
Adding EN signal on $memory\mem[451]$7469 ($dff) from module axi_ram (D = $0$memwr$\mem$rtl/axi_ram.v:100$855_DATA[31:0]$870 [15:8], Q = \mem[451] [15:8]).
Adding EN signal on $memory\mem[451]$7469 ($dff) from module axi_ram (D = $0$memwr$\mem$rtl/axi_ram.v:102$856_DATA[31:0]$873 [23:16], Q = \mem[451] [23:16]).
Adding EN signal on $memory\mem[451]$7469 ($dff) from module axi_ram (D = $0$memwr$\mem$rtl/axi_ram.v:104$857_DATA[31:0]$876 [31:24], Q = \mem[451] [31:24]).
Adding EN signal on $memory\mem[450]$7467 ($dff) from module axi_ram (D = $0$memwr$\mem$rtl/axi_ram.v:97$854_DATA[31:0]$867 [7:0], Q = \mem[450] [7:0]).
Adding EN signal on $memory\mem[450]$7467 ($dff) from module axi_ram (D = $0$memwr$\mem$rtl/axi_ram.v:100$855_DATA[31:0]$870 [15:8], Q = \mem[450] [15:8]).
Adding EN signal on $memory\mem[450]$7467 ($dff) from module axi_ram (D = $0$memwr$\mem$rtl/axi_ram.v:102$856_DATA[31:0]$873 [23:16], Q = \mem[450] [23:16]).
Adding EN signal on $memory\mem[450]$7467 ($dff) from module axi_ram (D = $0$memwr$\mem$rtl/axi_ram.v:104$857_DATA[31:0]$876 [31:24], Q = \mem[450] [31:24]).
Adding EN signal on $memory\mem[44]$6655 ($dff) from module axi_ram (D = $0$memwr$\mem$rtl/axi_ram.v:97$854_DATA[31:0]$867 [7:0], Q = \mem[44] [7:0]).
Adding EN signal on $memory\mem[44]$6655 ($dff) from module axi_ram (D = $0$memwr$\mem$rtl/axi_ram.v:100$855_DATA[31:0]$870 [15:8], Q = \mem[44] [15:8]).
Adding EN signal on $memory\mem[44]$6655 ($dff) from module axi_ram (D = $0$memwr$\mem$rtl/axi_ram.v:102$856_DATA[31:0]$873 [23:16], Q = \mem[44] [23:16]).
Adding EN signal on $memory\mem[44]$6655 ($dff) from module axi_ram (D = $0$memwr$\mem$rtl/axi_ram.v:104$857_DATA[31:0]$876 [31:24], Q = \mem[44] [31:24]).
Adding EN signal on $memory\mem[449]$7465 ($dff) from module axi_ram (D = $0$memwr$\mem$rtl/axi_ram.v:97$854_DATA[31:0]$867 [7:0], Q = \mem[449] [7:0]).
Adding EN signal on $memory\mem[449]$7465 ($dff) from module axi_ram (D = $0$memwr$\mem$rtl/axi_ram.v:100$855_DATA[31:0]$870 [15:8], Q = \mem[449] [15:8]).
Adding EN signal on $memory\mem[449]$7465 ($dff) from module axi_ram (D = $0$memwr$\mem$rtl/axi_ram.v:102$856_DATA[31:0]$873 [23:16], Q = \mem[449] [23:16]).
Adding EN signal on $memory\mem[449]$7465 ($dff) from module axi_ram (D = $0$memwr$\mem$rtl/axi_ram.v:104$857_DATA[31:0]$876 [31:24], Q = \mem[449] [31:24]).
Adding EN signal on $memory\mem[448]$7463 ($dff) from module axi_ram (D = $0$memwr$\mem$rtl/axi_ram.v:97$854_DATA[31:0]$867 [7:0], Q = \mem[448] [7:0]).
Adding EN signal on $memory\mem[448]$7463 ($dff) from module axi_ram (D = $0$memwr$\mem$rtl/axi_ram.v:100$855_DATA[31:0]$870 [15:8], Q = \mem[448] [15:8]).
Adding EN signal on $memory\mem[448]$7463 ($dff) from module axi_ram (D = $0$memwr$\mem$rtl/axi_ram.v:102$856_DATA[31:0]$873 [23:16], Q = \mem[448] [23:16]).
Adding EN signal on $memory\mem[448]$7463 ($dff) from module axi_ram (D = $0$memwr$\mem$rtl/axi_ram.v:104$857_DATA[31:0]$876 [31:24], Q = \mem[448] [31:24]).
Adding EN signal on $memory\mem[447]$7461 ($dff) from module axi_ram (D = $0$memwr$\mem$rtl/axi_ram.v:97$854_DATA[31:0]$867 [7:0], Q = \mem[447] [7:0]).
Adding EN signal on $memory\mem[447]$7461 ($dff) from module axi_ram (D = $0$memwr$\mem$rtl/axi_ram.v:100$855_DATA[31:0]$870 [15:8], Q = \mem[447] [15:8]).
Adding EN signal on $memory\mem[447]$7461 ($dff) from module axi_ram (D = $0$memwr$\mem$rtl/axi_ram.v:102$856_DATA[31:0]$873 [23:16], Q = \mem[447] [23:16]).
Adding EN signal on $memory\mem[447]$7461 ($dff) from module axi_ram (D = $0$memwr$\mem$rtl/axi_ram.v:104$857_DATA[31:0]$876 [31:24], Q = \mem[447] [31:24]).
Adding EN signal on $memory\mem[446]$7459 ($dff) from module axi_ram (D = $0$memwr$\mem$rtl/axi_ram.v:97$854_DATA[31:0]$867 [7:0], Q = \mem[446] [7:0]).
Adding EN signal on $memory\mem[446]$7459 ($dff) from module axi_ram (D = $0$memwr$\mem$rtl/axi_ram.v:100$855_DATA[31:0]$870 [15:8], Q = \mem[446] [15:8]).
Adding EN signal on $memory\mem[446]$7459 ($dff) from module axi_ram (D = $0$memwr$\mem$rtl/axi_ram.v:102$856_DATA[31:0]$873 [23:16], Q = \mem[446] [23:16]).
Adding EN signal on $memory\mem[446]$7459 ($dff) from module axi_ram (D = $0$memwr$\mem$rtl/axi_ram.v:104$857_DATA[31:0]$876 [31:24], Q = \mem[446] [31:24]).
Adding EN signal on $memory\mem[445]$7457 ($dff) from module axi_ram (D = $0$memwr$\mem$rtl/axi_ram.v:97$854_DATA[31:0]$867 [7:0], Q = \mem[445] [7:0]).
Adding EN signal on $memory\mem[445]$7457 ($dff) from module axi_ram (D = $0$memwr$\mem$rtl/axi_ram.v:100$855_DATA[31:0]$870 [15:8], Q = \mem[445] [15:8]).
Adding EN signal on $memory\mem[445]$7457 ($dff) from module axi_ram (D = $0$memwr$\mem$rtl/axi_ram.v:102$856_DATA[31:0]$873 [23:16], Q = \mem[445] [23:16]).
Adding EN signal on $memory\mem[445]$7457 ($dff) from module axi_ram (D = $0$memwr$\mem$rtl/axi_ram.v:104$857_DATA[31:0]$876 [31:24], Q = \mem[445] [31:24]).
Adding EN signal on $memory\mem[444]$7455 ($dff) from module axi_ram (D = $0$memwr$\mem$rtl/axi_ram.v:97$854_DATA[31:0]$867 [7:0], Q = \mem[444] [7:0]).
Adding EN signal on $memory\mem[444]$7455 ($dff) from module axi_ram (D = $0$memwr$\mem$rtl/axi_ram.v:100$855_DATA[31:0]$870 [15:8], Q = \mem[444] [15:8]).
Adding EN signal on $memory\mem[444]$7455 ($dff) from module axi_ram (D = $0$memwr$\mem$rtl/axi_ram.v:102$856_DATA[31:0]$873 [23:16], Q = \mem[444] [23:16]).
Adding EN signal on $memory\mem[444]$7455 ($dff) from module axi_ram (D = $0$memwr$\mem$rtl/axi_ram.v:104$857_DATA[31:0]$876 [31:24], Q = \mem[444] [31:24]).
Adding EN signal on $memory\mem[443]$7453 ($dff) from module axi_ram (D = $0$memwr$\mem$rtl/axi_ram.v:97$854_DATA[31:0]$867 [7:0], Q = \mem[443] [7:0]).
Adding EN signal on $memory\mem[443]$7453 ($dff) from module axi_ram (D = $0$memwr$\mem$rtl/axi_ram.v:100$855_DATA[31:0]$870 [15:8], Q = \mem[443] [15:8]).
Adding EN signal on $memory\mem[443]$7453 ($dff) from module axi_ram (D = $0$memwr$\mem$rtl/axi_ram.v:102$856_DATA[31:0]$873 [23:16], Q = \mem[443] [23:16]).
Adding EN signal on $memory\mem[443]$7453 ($dff) from module axi_ram (D = $0$memwr$\mem$rtl/axi_ram.v:104$857_DATA[31:0]$876 [31:24], Q = \mem[443] [31:24]).
Adding EN signal on $memory\mem[442]$7451 ($dff) from module axi_ram (D = $0$memwr$\mem$rtl/axi_ram.v:97$854_DATA[31:0]$867 [7:0], Q = \mem[442] [7:0]).
Adding EN signal on $memory\mem[442]$7451 ($dff) from module axi_ram (D = $0$memwr$\mem$rtl/axi_ram.v:100$855_DATA[31:0]$870 [15:8], Q = \mem[442] [15:8]).
Adding EN signal on $memory\mem[442]$7451 ($dff) from module axi_ram (D = $0$memwr$\mem$rtl/axi_ram.v:102$856_DATA[31:0]$873 [23:16], Q = \mem[442] [23:16]).
Adding EN signal on $memory\mem[442]$7451 ($dff) from module axi_ram (D = $0$memwr$\mem$rtl/axi_ram.v:104$857_DATA[31:0]$876 [31:24], Q = \mem[442] [31:24]).
Adding EN signal on $memory\mem[441]$7449 ($dff) from module axi_ram (D = $0$memwr$\mem$rtl/axi_ram.v:97$854_DATA[31:0]$867 [7:0], Q = \mem[441] [7:0]).
Adding EN signal on $memory\mem[441]$7449 ($dff) from module axi_ram (D = $0$memwr$\mem$rtl/axi_ram.v:100$855_DATA[31:0]$870 [15:8], Q = \mem[441] [15:8]).
Adding EN signal on $memory\mem[441]$7449 ($dff) from module axi_ram (D = $0$memwr$\mem$rtl/axi_ram.v:102$856_DATA[31:0]$873 [23:16], Q = \mem[441] [23:16]).
Adding EN signal on $memory\mem[441]$7449 ($dff) from module axi_ram (D = $0$memwr$\mem$rtl/axi_ram.v:104$857_DATA[31:0]$876 [31:24], Q = \mem[441] [31:24]).
Adding EN signal on $memory\mem[440]$7447 ($dff) from module axi_ram (D = $0$memwr$\mem$rtl/axi_ram.v:97$854_DATA[31:0]$867 [7:0], Q = \mem[440] [7:0]).
Adding EN signal on $memory\mem[440]$7447 ($dff) from module axi_ram (D = $0$memwr$\mem$rtl/axi_ram.v:100$855_DATA[31:0]$870 [15:8], Q = \mem[440] [15:8]).
Adding EN signal on $memory\mem[440]$7447 ($dff) from module axi_ram (D = $0$memwr$\mem$rtl/axi_ram.v:102$856_DATA[31:0]$873 [23:16], Q = \mem[440] [23:16]).
Adding EN signal on $memory\mem[440]$7447 ($dff) from module axi_ram (D = $0$memwr$\mem$rtl/axi_ram.v:104$857_DATA[31:0]$876 [31:24], Q = \mem[440] [31:24]).
Adding EN signal on $memory\mem[43]$6653 ($dff) from module axi_ram (D = $0$memwr$\mem$rtl/axi_ram.v:97$854_DATA[31:0]$867 [7:0], Q = \mem[43] [7:0]).
Adding EN signal on $memory\mem[43]$6653 ($dff) from module axi_ram (D = $0$memwr$\mem$rtl/axi_ram.v:100$855_DATA[31:0]$870 [15:8], Q = \mem[43] [15:8]).
Adding EN signal on $memory\mem[43]$6653 ($dff) from module axi_ram (D = $0$memwr$\mem$rtl/axi_ram.v:102$856_DATA[31:0]$873 [23:16], Q = \mem[43] [23:16]).
Adding EN signal on $memory\mem[43]$6653 ($dff) from module axi_ram (D = $0$memwr$\mem$rtl/axi_ram.v:104$857_DATA[31:0]$876 [31:24], Q = \mem[43] [31:24]).
Adding EN signal on $memory\mem[439]$7445 ($dff) from module axi_ram (D = $0$memwr$\mem$rtl/axi_ram.v:97$854_DATA[31:0]$867 [7:0], Q = \mem[439] [7:0]).
Adding EN signal on $memory\mem[439]$7445 ($dff) from module axi_ram (D = $0$memwr$\mem$rtl/axi_ram.v:100$855_DATA[31:0]$870 [15:8], Q = \mem[439] [15:8]).
Adding EN signal on $memory\mem[439]$7445 ($dff) from module axi_ram (D = $0$memwr$\mem$rtl/axi_ram.v:102$856_DATA[31:0]$873 [23:16], Q = \mem[439] [23:16]).
Adding EN signal on $memory\mem[439]$7445 ($dff) from module axi_ram (D = $0$memwr$\mem$rtl/axi_ram.v:104$857_DATA[31:0]$876 [31:24], Q = \mem[439] [31:24]).
Adding EN signal on $memory\mem[438]$7443 ($dff) from module axi_ram (D = $0$memwr$\mem$rtl/axi_ram.v:97$854_DATA[31:0]$867 [7:0], Q = \mem[438] [7:0]).
Adding EN signal on $memory\mem[438]$7443 ($dff) from module axi_ram (D = $0$memwr$\mem$rtl/axi_ram.v:100$855_DATA[31:0]$870 [15:8], Q = \mem[438] [15:8]).
Adding EN signal on $memory\mem[438]$7443 ($dff) from module axi_ram (D = $0$memwr$\mem$rtl/axi_ram.v:102$856_DATA[31:0]$873 [23:16], Q = \mem[438] [23:16]).
Adding EN signal on $memory\mem[438]$7443 ($dff) from module axi_ram (D = $0$memwr$\mem$rtl/axi_ram.v:104$857_DATA[31:0]$876 [31:24], Q = \mem[438] [31:24]).
Adding EN signal on $memory\mem[437]$7441 ($dff) from module axi_ram (D = $0$memwr$\mem$rtl/axi_ram.v:97$854_DATA[31:0]$867 [7:0], Q = \mem[437] [7:0]).
Adding EN signal on $memory\mem[437]$7441 ($dff) from module axi_ram (D = $0$memwr$\mem$rtl/axi_ram.v:100$855_DATA[31:0]$870 [15:8], Q = \mem[437] [15:8]).
Adding EN signal on $memory\mem[437]$7441 ($dff) from module axi_ram (D = $0$memwr$\mem$rtl/axi_ram.v:102$856_DATA[31:0]$873 [23:16], Q = \mem[437] [23:16]).
Adding EN signal on $memory\mem[437]$7441 ($dff) from module axi_ram (D = $0$memwr$\mem$rtl/axi_ram.v:104$857_DATA[31:0]$876 [31:24], Q = \mem[437] [31:24]).
Adding EN signal on $memory\mem[436]$7439 ($dff) from module axi_ram (D = $0$memwr$\mem$rtl/axi_ram.v:97$854_DATA[31:0]$867 [7:0], Q = \mem[436] [7:0]).
Adding EN signal on $memory\mem[436]$7439 ($dff) from module axi_ram (D = $0$memwr$\mem$rtl/axi_ram.v:100$855_DATA[31:0]$870 [15:8], Q = \mem[436] [15:8]).
Adding EN signal on $memory\mem[436]$7439 ($dff) from module axi_ram (D = $0$memwr$\mem$rtl/axi_ram.v:102$856_DATA[31:0]$873 [23:16], Q = \mem[436] [23:16]).
Adding EN signal on $memory\mem[436]$7439 ($dff) from module axi_ram (D = $0$memwr$\mem$rtl/axi_ram.v:104$857_DATA[31:0]$876 [31:24], Q = \mem[436] [31:24]).
Adding EN signal on $memory\mem[435]$7437 ($dff) from module axi_ram (D = $0$memwr$\mem$rtl/axi_ram.v:97$854_DATA[31:0]$867 [7:0], Q = \mem[435] [7:0]).
Adding EN signal on $memory\mem[435]$7437 ($dff) from module axi_ram (D = $0$memwr$\mem$rtl/axi_ram.v:100$855_DATA[31:0]$870 [15:8], Q = \mem[435] [15:8]).
Adding EN signal on $memory\mem[435]$7437 ($dff) from module axi_ram (D = $0$memwr$\mem$rtl/axi_ram.v:102$856_DATA[31:0]$873 [23:16], Q = \mem[435] [23:16]).
Adding EN signal on $memory\mem[435]$7437 ($dff) from module axi_ram (D = $0$memwr$\mem$rtl/axi_ram.v:104$857_DATA[31:0]$876 [31:24], Q = \mem[435] [31:24]).
Adding EN signal on $memory\mem[434]$7435 ($dff) from module axi_ram (D = $0$memwr$\mem$rtl/axi_ram.v:97$854_DATA[31:0]$867 [7:0], Q = \mem[434] [7:0]).
Adding EN signal on $memory\mem[434]$7435 ($dff) from module axi_ram (D = $0$memwr$\mem$rtl/axi_ram.v:100$855_DATA[31:0]$870 [15:8], Q = \mem[434] [15:8]).
Adding EN signal on $memory\mem[434]$7435 ($dff) from module axi_ram (D = $0$memwr$\mem$rtl/axi_ram.v:102$856_DATA[31:0]$873 [23:16], Q = \mem[434] [23:16]).
Adding EN signal on $memory\mem[434]$7435 ($dff) from module axi_ram (D = $0$memwr$\mem$rtl/axi_ram.v:104$857_DATA[31:0]$876 [31:24], Q = \mem[434] [31:24]).
Adding EN signal on $memory\mem[433]$7433 ($dff) from module axi_ram (D = $0$memwr$\mem$rtl/axi_ram.v:97$854_DATA[31:0]$867 [7:0], Q = \mem[433] [7:0]).
Adding EN signal on $memory\mem[433]$7433 ($dff) from module axi_ram (D = $0$memwr$\mem$rtl/axi_ram.v:100$855_DATA[31:0]$870 [15:8], Q = \mem[433] [15:8]).
Adding EN signal on $memory\mem[433]$7433 ($dff) from module axi_ram (D = $0$memwr$\mem$rtl/axi_ram.v:102$856_DATA[31:0]$873 [23:16], Q = \mem[433] [23:16]).
Adding EN signal on $memory\mem[433]$7433 ($dff) from module axi_ram (D = $0$memwr$\mem$rtl/axi_ram.v:104$857_DATA[31:0]$876 [31:24], Q = \mem[433] [31:24]).
Adding EN signal on $memory\mem[432]$7431 ($dff) from module axi_ram (D = $0$memwr$\mem$rtl/axi_ram.v:97$854_DATA[31:0]$867 [7:0], Q = \mem[432] [7:0]).
Adding EN signal on $memory\mem[432]$7431 ($dff) from module axi_ram (D = $0$memwr$\mem$rtl/axi_ram.v:100$855_DATA[31:0]$870 [15:8], Q = \mem[432] [15:8]).
Adding EN signal on $memory\mem[432]$7431 ($dff) from module axi_ram (D = $0$memwr$\mem$rtl/axi_ram.v:102$856_DATA[31:0]$873 [23:16], Q = \mem[432] [23:16]).
Adding EN signal on $memory\mem[432]$7431 ($dff) from module axi_ram (D = $0$memwr$\mem$rtl/axi_ram.v:104$857_DATA[31:0]$876 [31:24], Q = \mem[432] [31:24]).
Adding EN signal on $memory\mem[431]$7429 ($dff) from module axi_ram (D = $0$memwr$\mem$rtl/axi_ram.v:97$854_DATA[31:0]$867 [7:0], Q = \mem[431] [7:0]).
Adding EN signal on $memory\mem[431]$7429 ($dff) from module axi_ram (D = $0$memwr$\mem$rtl/axi_ram.v:100$855_DATA[31:0]$870 [15:8], Q = \mem[431] [15:8]).
Adding EN signal on $memory\mem[431]$7429 ($dff) from module axi_ram (D = $0$memwr$\mem$rtl/axi_ram.v:102$856_DATA[31:0]$873 [23:16], Q = \mem[431] [23:16]).
Adding EN signal on $memory\mem[431]$7429 ($dff) from module axi_ram (D = $0$memwr$\mem$rtl/axi_ram.v:104$857_DATA[31:0]$876 [31:24], Q = \mem[431] [31:24]).
Adding EN signal on $memory\mem[430]$7427 ($dff) from module axi_ram (D = $0$memwr$\mem$rtl/axi_ram.v:97$854_DATA[31:0]$867 [7:0], Q = \mem[430] [7:0]).
Adding EN signal on $memory\mem[430]$7427 ($dff) from module axi_ram (D = $0$memwr$\mem$rtl/axi_ram.v:100$855_DATA[31:0]$870 [15:8], Q = \mem[430] [15:8]).
Adding EN signal on $memory\mem[430]$7427 ($dff) from module axi_ram (D = $0$memwr$\mem$rtl/axi_ram.v:102$856_DATA[31:0]$873 [23:16], Q = \mem[430] [23:16]).
Adding EN signal on $memory\mem[430]$7427 ($dff) from module axi_ram (D = $0$memwr$\mem$rtl/axi_ram.v:104$857_DATA[31:0]$876 [31:24], Q = \mem[430] [31:24]).
Adding EN signal on $memory\mem[42]$6651 ($dff) from module axi_ram (D = $0$memwr$\mem$rtl/axi_ram.v:97$854_DATA[31:0]$867 [7:0], Q = \mem[42] [7:0]).
Adding EN signal on $memory\mem[42]$6651 ($dff) from module axi_ram (D = $0$memwr$\mem$rtl/axi_ram.v:100$855_DATA[31:0]$870 [15:8], Q = \mem[42] [15:8]).
Adding EN signal on $memory\mem[42]$6651 ($dff) from module axi_ram (D = $0$memwr$\mem$rtl/axi_ram.v:102$856_DATA[31:0]$873 [23:16], Q = \mem[42] [23:16]).
Adding EN signal on $memory\mem[42]$6651 ($dff) from module axi_ram (D = $0$memwr$\mem$rtl/axi_ram.v:104$857_DATA[31:0]$876 [31:24], Q = \mem[42] [31:24]).
Adding EN signal on $memory\mem[429]$7425 ($dff) from module axi_ram (D = $0$memwr$\mem$rtl/axi_ram.v:97$854_DATA[31:0]$867 [7:0], Q = \mem[429] [7:0]).
Adding EN signal on $memory\mem[429]$7425 ($dff) from module axi_ram (D = $0$memwr$\mem$rtl/axi_ram.v:100$855_DATA[31:0]$870 [15:8], Q = \mem[429] [15:8]).
Adding EN signal on $memory\mem[429]$7425 ($dff) from module axi_ram (D = $0$memwr$\mem$rtl/axi_ram.v:102$856_DATA[31:0]$873 [23:16], Q = \mem[429] [23:16]).
Adding EN signal on $memory\mem[429]$7425 ($dff) from module axi_ram (D = $0$memwr$\mem$rtl/axi_ram.v:104$857_DATA[31:0]$876 [31:24], Q = \mem[429] [31:24]).
Adding EN signal on $memory\mem[428]$7423 ($dff) from module axi_ram (D = $0$memwr$\mem$rtl/axi_ram.v:97$854_DATA[31:0]$867 [7:0], Q = \mem[428] [7:0]).
Adding EN signal on $memory\mem[428]$7423 ($dff) from module axi_ram (D = $0$memwr$\mem$rtl/axi_ram.v:100$855_DATA[31:0]$870 [15:8], Q = \mem[428] [15:8]).
Adding EN signal on $memory\mem[428]$7423 ($dff) from module axi_ram (D = $0$memwr$\mem$rtl/axi_ram.v:102$856_DATA[31:0]$873 [23:16], Q = \mem[428] [23:16]).
Adding EN signal on $memory\mem[428]$7423 ($dff) from module axi_ram (D = $0$memwr$\mem$rtl/axi_ram.v:104$857_DATA[31:0]$876 [31:24], Q = \mem[428] [31:24]).
Adding EN signal on $memory\mem[427]$7421 ($dff) from module axi_ram (D = $0$memwr$\mem$rtl/axi_ram.v:97$854_DATA[31:0]$867 [7:0], Q = \mem[427] [7:0]).
Adding EN signal on $memory\mem[427]$7421 ($dff) from module axi_ram (D = $0$memwr$\mem$rtl/axi_ram.v:100$855_DATA[31:0]$870 [15:8], Q = \mem[427] [15:8]).
Adding EN signal on $memory\mem[427]$7421 ($dff) from module axi_ram (D = $0$memwr$\mem$rtl/axi_ram.v:102$856_DATA[31:0]$873 [23:16], Q = \mem[427] [23:16]).
Adding EN signal on $memory\mem[427]$7421 ($dff) from module axi_ram (D = $0$memwr$\mem$rtl/axi_ram.v:104$857_DATA[31:0]$876 [31:24], Q = \mem[427] [31:24]).
Adding EN signal on $memory\mem[426]$7419 ($dff) from module axi_ram (D = $0$memwr$\mem$rtl/axi_ram.v:97$854_DATA[31:0]$867 [7:0], Q = \mem[426] [7:0]).
Adding EN signal on $memory\mem[426]$7419 ($dff) from module axi_ram (D = $0$memwr$\mem$rtl/axi_ram.v:100$855_DATA[31:0]$870 [15:8], Q = \mem[426] [15:8]).
Adding EN signal on $memory\mem[426]$7419 ($dff) from module axi_ram (D = $0$memwr$\mem$rtl/axi_ram.v:102$856_DATA[31:0]$873 [23:16], Q = \mem[426] [23:16]).
Adding EN signal on $memory\mem[426]$7419 ($dff) from module axi_ram (D = $0$memwr$\mem$rtl/axi_ram.v:104$857_DATA[31:0]$876 [31:24], Q = \mem[426] [31:24]).
Adding EN signal on $memory\mem[425]$7417 ($dff) from module axi_ram (D = $0$memwr$\mem$rtl/axi_ram.v:97$854_DATA[31:0]$867 [7:0], Q = \mem[425] [7:0]).
Adding EN signal on $memory\mem[425]$7417 ($dff) from module axi_ram (D = $0$memwr$\mem$rtl/axi_ram.v:100$855_DATA[31:0]$870 [15:8], Q = \mem[425] [15:8]).
Adding EN signal on $memory\mem[425]$7417 ($dff) from module axi_ram (D = $0$memwr$\mem$rtl/axi_ram.v:102$856_DATA[31:0]$873 [23:16], Q = \mem[425] [23:16]).
Adding EN signal on $memory\mem[425]$7417 ($dff) from module axi_ram (D = $0$memwr$\mem$rtl/axi_ram.v:104$857_DATA[31:0]$876 [31:24], Q = \mem[425] [31:24]).
Adding EN signal on $memory\mem[424]$7415 ($dff) from module axi_ram (D = $0$memwr$\mem$rtl/axi_ram.v:97$854_DATA[31:0]$867 [7:0], Q = \mem[424] [7:0]).
Adding EN signal on $memory\mem[424]$7415 ($dff) from module axi_ram (D = $0$memwr$\mem$rtl/axi_ram.v:100$855_DATA[31:0]$870 [15:8], Q = \mem[424] [15:8]).
Adding EN signal on $memory\mem[424]$7415 ($dff) from module axi_ram (D = $0$memwr$\mem$rtl/axi_ram.v:102$856_DATA[31:0]$873 [23:16], Q = \mem[424] [23:16]).
Adding EN signal on $memory\mem[424]$7415 ($dff) from module axi_ram (D = $0$memwr$\mem$rtl/axi_ram.v:104$857_DATA[31:0]$876 [31:24], Q = \mem[424] [31:24]).
Adding EN signal on $memory\mem[423]$7413 ($dff) from module axi_ram (D = $0$memwr$\mem$rtl/axi_ram.v:97$854_DATA[31:0]$867 [7:0], Q = \mem[423] [7:0]).
Adding EN signal on $memory\mem[423]$7413 ($dff) from module axi_ram (D = $0$memwr$\mem$rtl/axi_ram.v:100$855_DATA[31:0]$870 [15:8], Q = \mem[423] [15:8]).
Adding EN signal on $memory\mem[423]$7413 ($dff) from module axi_ram (D = $0$memwr$\mem$rtl/axi_ram.v:102$856_DATA[31:0]$873 [23:16], Q = \mem[423] [23:16]).
Adding EN signal on $memory\mem[423]$7413 ($dff) from module axi_ram (D = $0$memwr$\mem$rtl/axi_ram.v:104$857_DATA[31:0]$876 [31:24], Q = \mem[423] [31:24]).
Adding EN signal on $memory\mem[422]$7411 ($dff) from module axi_ram (D = $0$memwr$\mem$rtl/axi_ram.v:97$854_DATA[31:0]$867 [7:0], Q = \mem[422] [7:0]).
Adding EN signal on $memory\mem[422]$7411 ($dff) from module axi_ram (D = $0$memwr$\mem$rtl/axi_ram.v:100$855_DATA[31:0]$870 [15:8], Q = \mem[422] [15:8]).
Adding EN signal on $memory\mem[422]$7411 ($dff) from module axi_ram (D = $0$memwr$\mem$rtl/axi_ram.v:102$856_DATA[31:0]$873 [23:16], Q = \mem[422] [23:16]).
Adding EN signal on $memory\mem[422]$7411 ($dff) from module axi_ram (D = $0$memwr$\mem$rtl/axi_ram.v:104$857_DATA[31:0]$876 [31:24], Q = \mem[422] [31:24]).
Adding EN signal on $memory\mem[421]$7409 ($dff) from module axi_ram (D = $0$memwr$\mem$rtl/axi_ram.v:97$854_DATA[31:0]$867 [7:0], Q = \mem[421] [7:0]).
Adding EN signal on $memory\mem[421]$7409 ($dff) from module axi_ram (D = $0$memwr$\mem$rtl/axi_ram.v:100$855_DATA[31:0]$870 [15:8], Q = \mem[421] [15:8]).
Adding EN signal on $memory\mem[421]$7409 ($dff) from module axi_ram (D = $0$memwr$\mem$rtl/axi_ram.v:102$856_DATA[31:0]$873 [23:16], Q = \mem[421] [23:16]).
Adding EN signal on $memory\mem[421]$7409 ($dff) from module axi_ram (D = $0$memwr$\mem$rtl/axi_ram.v:104$857_DATA[31:0]$876 [31:24], Q = \mem[421] [31:24]).
Adding EN signal on $memory\mem[420]$7407 ($dff) from module axi_ram (D = $0$memwr$\mem$rtl/axi_ram.v:97$854_DATA[31:0]$867 [7:0], Q = \mem[420] [7:0]).
Adding EN signal on $memory\mem[420]$7407 ($dff) from module axi_ram (D = $0$memwr$\mem$rtl/axi_ram.v:100$855_DATA[31:0]$870 [15:8], Q = \mem[420] [15:8]).
Adding EN signal on $memory\mem[420]$7407 ($dff) from module axi_ram (D = $0$memwr$\mem$rtl/axi_ram.v:102$856_DATA[31:0]$873 [23:16], Q = \mem[420] [23:16]).
Adding EN signal on $memory\mem[420]$7407 ($dff) from module axi_ram (D = $0$memwr$\mem$rtl/axi_ram.v:104$857_DATA[31:0]$876 [31:24], Q = \mem[420] [31:24]).
Adding EN signal on $memory\mem[41]$6649 ($dff) from module axi_ram (D = $0$memwr$\mem$rtl/axi_ram.v:97$854_DATA[31:0]$867 [7:0], Q = \mem[41] [7:0]).
Adding EN signal on $memory\mem[41]$6649 ($dff) from module axi_ram (D = $0$memwr$\mem$rtl/axi_ram.v:100$855_DATA[31:0]$870 [15:8], Q = \mem[41] [15:8]).
Adding EN signal on $memory\mem[41]$6649 ($dff) from module axi_ram (D = $0$memwr$\mem$rtl/axi_ram.v:102$856_DATA[31:0]$873 [23:16], Q = \mem[41] [23:16]).
Adding EN signal on $memory\mem[41]$6649 ($dff) from module axi_ram (D = $0$memwr$\mem$rtl/axi_ram.v:104$857_DATA[31:0]$876 [31:24], Q = \mem[41] [31:24]).
Adding EN signal on $memory\mem[419]$7405 ($dff) from module axi_ram (D = $0$memwr$\mem$rtl/axi_ram.v:97$854_DATA[31:0]$867 [7:0], Q = \mem[419] [7:0]).
Adding EN signal on $memory\mem[419]$7405 ($dff) from module axi_ram (D = $0$memwr$\mem$rtl/axi_ram.v:100$855_DATA[31:0]$870 [15:8], Q = \mem[419] [15:8]).
Adding EN signal on $memory\mem[419]$7405 ($dff) from module axi_ram (D = $0$memwr$\mem$rtl/axi_ram.v:102$856_DATA[31:0]$873 [23:16], Q = \mem[419] [23:16]).
Adding EN signal on $memory\mem[419]$7405 ($dff) from module axi_ram (D = $0$memwr$\mem$rtl/axi_ram.v:104$857_DATA[31:0]$876 [31:24], Q = \mem[419] [31:24]).
Adding EN signal on $memory\mem[418]$7403 ($dff) from module axi_ram (D = $0$memwr$\mem$rtl/axi_ram.v:97$854_DATA[31:0]$867 [7:0], Q = \mem[418] [7:0]).
Adding EN signal on $memory\mem[418]$7403 ($dff) from module axi_ram (D = $0$memwr$\mem$rtl/axi_ram.v:100$855_DATA[31:0]$870 [15:8], Q = \mem[418] [15:8]).
Adding EN signal on $memory\mem[418]$7403 ($dff) from module axi_ram (D = $0$memwr$\mem$rtl/axi_ram.v:102$856_DATA[31:0]$873 [23:16], Q = \mem[418] [23:16]).
Adding EN signal on $memory\mem[418]$7403 ($dff) from module axi_ram (D = $0$memwr$\mem$rtl/axi_ram.v:104$857_DATA[31:0]$876 [31:24], Q = \mem[418] [31:24]).
Adding EN signal on $memory\mem[417]$7401 ($dff) from module axi_ram (D = $0$memwr$\mem$rtl/axi_ram.v:97$854_DATA[31:0]$867 [7:0], Q = \mem[417] [7:0]).
Adding EN signal on $memory\mem[417]$7401 ($dff) from module axi_ram (D = $0$memwr$\mem$rtl/axi_ram.v:100$855_DATA[31:0]$870 [15:8], Q = \mem[417] [15:8]).
Adding EN signal on $memory\mem[417]$7401 ($dff) from module axi_ram (D = $0$memwr$\mem$rtl/axi_ram.v:102$856_DATA[31:0]$873 [23:16], Q = \mem[417] [23:16]).
Adding EN signal on $memory\mem[417]$7401 ($dff) from module axi_ram (D = $0$memwr$\mem$rtl/axi_ram.v:104$857_DATA[31:0]$876 [31:24], Q = \mem[417] [31:24]).
Adding EN signal on $memory\mem[416]$7399 ($dff) from module axi_ram (D = $0$memwr$\mem$rtl/axi_ram.v:97$854_DATA[31:0]$867 [7:0], Q = \mem[416] [7:0]).
Adding EN signal on $memory\mem[416]$7399 ($dff) from module axi_ram (D = $0$memwr$\mem$rtl/axi_ram.v:100$855_DATA[31:0]$870 [15:8], Q = \mem[416] [15:8]).
Adding EN signal on $memory\mem[416]$7399 ($dff) from module axi_ram (D = $0$memwr$\mem$rtl/axi_ram.v:102$856_DATA[31:0]$873 [23:16], Q = \mem[416] [23:16]).
Adding EN signal on $memory\mem[416]$7399 ($dff) from module axi_ram (D = $0$memwr$\mem$rtl/axi_ram.v:104$857_DATA[31:0]$876 [31:24], Q = \mem[416] [31:24]).
Adding EN signal on $memory\mem[415]$7397 ($dff) from module axi_ram (D = $0$memwr$\mem$rtl/axi_ram.v:97$854_DATA[31:0]$867 [7:0], Q = \mem[415] [7:0]).
Adding EN signal on $memory\mem[415]$7397 ($dff) from module axi_ram (D = $0$memwr$\mem$rtl/axi_ram.v:100$855_DATA[31:0]$870 [15:8], Q = \mem[415] [15:8]).
Adding EN signal on $memory\mem[415]$7397 ($dff) from module axi_ram (D = $0$memwr$\mem$rtl/axi_ram.v:102$856_DATA[31:0]$873 [23:16], Q = \mem[415] [23:16]).
Adding EN signal on $memory\mem[415]$7397 ($dff) from module axi_ram (D = $0$memwr$\mem$rtl/axi_ram.v:104$857_DATA[31:0]$876 [31:24], Q = \mem[415] [31:24]).
Adding EN signal on $memory\mem[414]$7395 ($dff) from module axi_ram (D = $0$memwr$\mem$rtl/axi_ram.v:97$854_DATA[31:0]$867 [7:0], Q = \mem[414] [7:0]).
Adding EN signal on $memory\mem[414]$7395 ($dff) from module axi_ram (D = $0$memwr$\mem$rtl/axi_ram.v:100$855_DATA[31:0]$870 [15:8], Q = \mem[414] [15:8]).
Adding EN signal on $memory\mem[414]$7395 ($dff) from module axi_ram (D = $0$memwr$\mem$rtl/axi_ram.v:102$856_DATA[31:0]$873 [23:16], Q = \mem[414] [23:16]).
Adding EN signal on $memory\mem[414]$7395 ($dff) from module axi_ram (D = $0$memwr$\mem$rtl/axi_ram.v:104$857_DATA[31:0]$876 [31:24], Q = \mem[414] [31:24]).
Adding EN signal on $memory\mem[413]$7393 ($dff) from module axi_ram (D = $0$memwr$\mem$rtl/axi_ram.v:97$854_DATA[31:0]$867 [7:0], Q = \mem[413] [7:0]).
Adding EN signal on $memory\mem[413]$7393 ($dff) from module axi_ram (D = $0$memwr$\mem$rtl/axi_ram.v:100$855_DATA[31:0]$870 [15:8], Q = \mem[413] [15:8]).
Adding EN signal on $memory\mem[413]$7393 ($dff) from module axi_ram (D = $0$memwr$\mem$rtl/axi_ram.v:102$856_DATA[31:0]$873 [23:16], Q = \mem[413] [23:16]).
Adding EN signal on $memory\mem[413]$7393 ($dff) from module axi_ram (D = $0$memwr$\mem$rtl/axi_ram.v:104$857_DATA[31:0]$876 [31:24], Q = \mem[413] [31:24]).
Adding EN signal on $memory\mem[412]$7391 ($dff) from module axi_ram (D = $0$memwr$\mem$rtl/axi_ram.v:97$854_DATA[31:0]$867 [7:0], Q = \mem[412] [7:0]).
Adding EN signal on $memory\mem[412]$7391 ($dff) from module axi_ram (D = $0$memwr$\mem$rtl/axi_ram.v:100$855_DATA[31:0]$870 [15:8], Q = \mem[412] [15:8]).
Adding EN signal on $memory\mem[412]$7391 ($dff) from module axi_ram (D = $0$memwr$\mem$rtl/axi_ram.v:102$856_DATA[31:0]$873 [23:16], Q = \mem[412] [23:16]).
Adding EN signal on $memory\mem[412]$7391 ($dff) from module axi_ram (D = $0$memwr$\mem$rtl/axi_ram.v:104$857_DATA[31:0]$876 [31:24], Q = \mem[412] [31:24]).
Adding EN signal on $memory\mem[411]$7389 ($dff) from module axi_ram (D = $0$memwr$\mem$rtl/axi_ram.v:97$854_DATA[31:0]$867 [7:0], Q = \mem[411] [7:0]).
Adding EN signal on $memory\mem[411]$7389 ($dff) from module axi_ram (D = $0$memwr$\mem$rtl/axi_ram.v:100$855_DATA[31:0]$870 [15:8], Q = \mem[411] [15:8]).
Adding EN signal on $memory\mem[411]$7389 ($dff) from module axi_ram (D = $0$memwr$\mem$rtl/axi_ram.v:102$856_DATA[31:0]$873 [23:16], Q = \mem[411] [23:16]).
Adding EN signal on $memory\mem[411]$7389 ($dff) from module axi_ram (D = $0$memwr$\mem$rtl/axi_ram.v:104$857_DATA[31:0]$876 [31:24], Q = \mem[411] [31:24]).
Adding EN signal on $memory\mem[410]$7387 ($dff) from module axi_ram (D = $0$memwr$\mem$rtl/axi_ram.v:97$854_DATA[31:0]$867 [7:0], Q = \mem[410] [7:0]).
Adding EN signal on $memory\mem[410]$7387 ($dff) from module axi_ram (D = $0$memwr$\mem$rtl/axi_ram.v:100$855_DATA[31:0]$870 [15:8], Q = \mem[410] [15:8]).
Adding EN signal on $memory\mem[410]$7387 ($dff) from module axi_ram (D = $0$memwr$\mem$rtl/axi_ram.v:102$856_DATA[31:0]$873 [23:16], Q = \mem[410] [23:16]).
Adding EN signal on $memory\mem[410]$7387 ($dff) from module axi_ram (D = $0$memwr$\mem$rtl/axi_ram.v:104$857_DATA[31:0]$876 [31:24], Q = \mem[410] [31:24]).
Adding EN signal on $memory\mem[40]$6647 ($dff) from module axi_ram (D = $0$memwr$\mem$rtl/axi_ram.v:97$854_DATA[31:0]$867 [7:0], Q = \mem[40] [7:0]).
Adding EN signal on $memory\mem[40]$6647 ($dff) from module axi_ram (D = $0$memwr$\mem$rtl/axi_ram.v:100$855_DATA[31:0]$870 [15:8], Q = \mem[40] [15:8]).
Adding EN signal on $memory\mem[40]$6647 ($dff) from module axi_ram (D = $0$memwr$\mem$rtl/axi_ram.v:102$856_DATA[31:0]$873 [23:16], Q = \mem[40] [23:16]).
Adding EN signal on $memory\mem[40]$6647 ($dff) from module axi_ram (D = $0$memwr$\mem$rtl/axi_ram.v:104$857_DATA[31:0]$876 [31:24], Q = \mem[40] [31:24]).
Adding EN signal on $memory\mem[409]$7385 ($dff) from module axi_ram (D = $0$memwr$\mem$rtl/axi_ram.v:97$854_DATA[31:0]$867 [7:0], Q = \mem[409] [7:0]).
Adding EN signal on $memory\mem[409]$7385 ($dff) from module axi_ram (D = $0$memwr$\mem$rtl/axi_ram.v:100$855_DATA[31:0]$870 [15:8], Q = \mem[409] [15:8]).
Adding EN signal on $memory\mem[409]$7385 ($dff) from module axi_ram (D = $0$memwr$\mem$rtl/axi_ram.v:102$856_DATA[31:0]$873 [23:16], Q = \mem[409] [23:16]).
Adding EN signal on $memory\mem[409]$7385 ($dff) from module axi_ram (D = $0$memwr$\mem$rtl/axi_ram.v:104$857_DATA[31:0]$876 [31:24], Q = \mem[409] [31:24]).
Adding EN signal on $memory\mem[408]$7383 ($dff) from module axi_ram (D = $0$memwr$\mem$rtl/axi_ram.v:97$854_DATA[31:0]$867 [7:0], Q = \mem[408] [7:0]).
Adding EN signal on $memory\mem[408]$7383 ($dff) from module axi_ram (D = $0$memwr$\mem$rtl/axi_ram.v:100$855_DATA[31:0]$870 [15:8], Q = \mem[408] [15:8]).
Adding EN signal on $memory\mem[408]$7383 ($dff) from module axi_ram (D = $0$memwr$\mem$rtl/axi_ram.v:102$856_DATA[31:0]$873 [23:16], Q = \mem[408] [23:16]).
Adding EN signal on $memory\mem[408]$7383 ($dff) from module axi_ram (D = $0$memwr$\mem$rtl/axi_ram.v:104$857_DATA[31:0]$876 [31:24], Q = \mem[408] [31:24]).
Adding EN signal on $memory\mem[407]$7381 ($dff) from module axi_ram (D = $0$memwr$\mem$rtl/axi_ram.v:97$854_DATA[31:0]$867 [7:0], Q = \mem[407] [7:0]).
Adding EN signal on $memory\mem[407]$7381 ($dff) from module axi_ram (D = $0$memwr$\mem$rtl/axi_ram.v:100$855_DATA[31:0]$870 [15:8], Q = \mem[407] [15:8]).
Adding EN signal on $memory\mem[407]$7381 ($dff) from module axi_ram (D = $0$memwr$\mem$rtl/axi_ram.v:102$856_DATA[31:0]$873 [23:16], Q = \mem[407] [23:16]).
Adding EN signal on $memory\mem[407]$7381 ($dff) from module axi_ram (D = $0$memwr$\mem$rtl/axi_ram.v:104$857_DATA[31:0]$876 [31:24], Q = \mem[407] [31:24]).
Adding EN signal on $memory\mem[406]$7379 ($dff) from module axi_ram (D = $0$memwr$\mem$rtl/axi_ram.v:97$854_DATA[31:0]$867 [7:0], Q = \mem[406] [7:0]).
Adding EN signal on $memory\mem[406]$7379 ($dff) from module axi_ram (D = $0$memwr$\mem$rtl/axi_ram.v:100$855_DATA[31:0]$870 [15:8], Q = \mem[406] [15:8]).
Adding EN signal on $memory\mem[406]$7379 ($dff) from module axi_ram (D = $0$memwr$\mem$rtl/axi_ram.v:102$856_DATA[31:0]$873 [23:16], Q = \mem[406] [23:16]).
Adding EN signal on $memory\mem[406]$7379 ($dff) from module axi_ram (D = $0$memwr$\mem$rtl/axi_ram.v:104$857_DATA[31:0]$876 [31:24], Q = \mem[406] [31:24]).
Adding EN signal on $memory\mem[405]$7377 ($dff) from module axi_ram (D = $0$memwr$\mem$rtl/axi_ram.v:97$854_DATA[31:0]$867 [7:0], Q = \mem[405] [7:0]).
Adding EN signal on $memory\mem[405]$7377 ($dff) from module axi_ram (D = $0$memwr$\mem$rtl/axi_ram.v:100$855_DATA[31:0]$870 [15:8], Q = \mem[405] [15:8]).
Adding EN signal on $memory\mem[405]$7377 ($dff) from module axi_ram (D = $0$memwr$\mem$rtl/axi_ram.v:102$856_DATA[31:0]$873 [23:16], Q = \mem[405] [23:16]).
Adding EN signal on $memory\mem[405]$7377 ($dff) from module axi_ram (D = $0$memwr$\mem$rtl/axi_ram.v:104$857_DATA[31:0]$876 [31:24], Q = \mem[405] [31:24]).
Adding EN signal on $memory\mem[404]$7375 ($dff) from module axi_ram (D = $0$memwr$\mem$rtl/axi_ram.v:97$854_DATA[31:0]$867 [7:0], Q = \mem[404] [7:0]).
Adding EN signal on $memory\mem[404]$7375 ($dff) from module axi_ram (D = $0$memwr$\mem$rtl/axi_ram.v:100$855_DATA[31:0]$870 [15:8], Q = \mem[404] [15:8]).
Adding EN signal on $memory\mem[404]$7375 ($dff) from module axi_ram (D = $0$memwr$\mem$rtl/axi_ram.v:102$856_DATA[31:0]$873 [23:16], Q = \mem[404] [23:16]).
Adding EN signal on $memory\mem[404]$7375 ($dff) from module axi_ram (D = $0$memwr$\mem$rtl/axi_ram.v:104$857_DATA[31:0]$876 [31:24], Q = \mem[404] [31:24]).
Adding EN signal on $memory\mem[403]$7373 ($dff) from module axi_ram (D = $0$memwr$\mem$rtl/axi_ram.v:97$854_DATA[31:0]$867 [7:0], Q = \mem[403] [7:0]).
Adding EN signal on $memory\mem[403]$7373 ($dff) from module axi_ram (D = $0$memwr$\mem$rtl/axi_ram.v:100$855_DATA[31:0]$870 [15:8], Q = \mem[403] [15:8]).
Adding EN signal on $memory\mem[403]$7373 ($dff) from module axi_ram (D = $0$memwr$\mem$rtl/axi_ram.v:102$856_DATA[31:0]$873 [23:16], Q = \mem[403] [23:16]).
Adding EN signal on $memory\mem[403]$7373 ($dff) from module axi_ram (D = $0$memwr$\mem$rtl/axi_ram.v:104$857_DATA[31:0]$876 [31:24], Q = \mem[403] [31:24]).
Adding EN signal on $memory\mem[402]$7371 ($dff) from module axi_ram (D = $0$memwr$\mem$rtl/axi_ram.v:97$854_DATA[31:0]$867 [7:0], Q = \mem[402] [7:0]).
Adding EN signal on $memory\mem[402]$7371 ($dff) from module axi_ram (D = $0$memwr$\mem$rtl/axi_ram.v:100$855_DATA[31:0]$870 [15:8], Q = \mem[402] [15:8]).
Adding EN signal on $memory\mem[402]$7371 ($dff) from module axi_ram (D = $0$memwr$\mem$rtl/axi_ram.v:102$856_DATA[31:0]$873 [23:16], Q = \mem[402] [23:16]).
Adding EN signal on $memory\mem[402]$7371 ($dff) from module axi_ram (D = $0$memwr$\mem$rtl/axi_ram.v:104$857_DATA[31:0]$876 [31:24], Q = \mem[402] [31:24]).
Adding EN signal on $memory\mem[401]$7369 ($dff) from module axi_ram (D = $0$memwr$\mem$rtl/axi_ram.v:97$854_DATA[31:0]$867 [7:0], Q = \mem[401] [7:0]).
Adding EN signal on $memory\mem[401]$7369 ($dff) from module axi_ram (D = $0$memwr$\mem$rtl/axi_ram.v:100$855_DATA[31:0]$870 [15:8], Q = \mem[401] [15:8]).
Adding EN signal on $memory\mem[401]$7369 ($dff) from module axi_ram (D = $0$memwr$\mem$rtl/axi_ram.v:102$856_DATA[31:0]$873 [23:16], Q = \mem[401] [23:16]).
Adding EN signal on $memory\mem[401]$7369 ($dff) from module axi_ram (D = $0$memwr$\mem$rtl/axi_ram.v:104$857_DATA[31:0]$876 [31:24], Q = \mem[401] [31:24]).
Adding EN signal on $memory\mem[400]$7367 ($dff) from module axi_ram (D = $0$memwr$\mem$rtl/axi_ram.v:97$854_DATA[31:0]$867 [7:0], Q = \mem[400] [7:0]).
Adding EN signal on $memory\mem[400]$7367 ($dff) from module axi_ram (D = $0$memwr$\mem$rtl/axi_ram.v:100$855_DATA[31:0]$870 [15:8], Q = \mem[400] [15:8]).
Adding EN signal on $memory\mem[400]$7367 ($dff) from module axi_ram (D = $0$memwr$\mem$rtl/axi_ram.v:102$856_DATA[31:0]$873 [23:16], Q = \mem[400] [23:16]).
Adding EN signal on $memory\mem[400]$7367 ($dff) from module axi_ram (D = $0$memwr$\mem$rtl/axi_ram.v:104$857_DATA[31:0]$876 [31:24], Q = \mem[400] [31:24]).
Adding EN signal on $memory\mem[3]$6573 ($dff) from module axi_ram (D = $0$memwr$\mem$rtl/axi_ram.v:97$854_DATA[31:0]$867 [7:0], Q = \mem[3] [7:0]).
Adding EN signal on $memory\mem[3]$6573 ($dff) from module axi_ram (D = $0$memwr$\mem$rtl/axi_ram.v:100$855_DATA[31:0]$870 [15:8], Q = \mem[3] [15:8]).
Adding EN signal on $memory\mem[3]$6573 ($dff) from module axi_ram (D = $0$memwr$\mem$rtl/axi_ram.v:102$856_DATA[31:0]$873 [23:16], Q = \mem[3] [23:16]).
Adding EN signal on $memory\mem[3]$6573 ($dff) from module axi_ram (D = $0$memwr$\mem$rtl/axi_ram.v:104$857_DATA[31:0]$876 [31:24], Q = \mem[3] [31:24]).
Adding EN signal on $memory\mem[39]$6645 ($dff) from module axi_ram (D = $0$memwr$\mem$rtl/axi_ram.v:97$854_DATA[31:0]$867 [7:0], Q = \mem[39] [7:0]).
Adding EN signal on $memory\mem[39]$6645 ($dff) from module axi_ram (D = $0$memwr$\mem$rtl/axi_ram.v:100$855_DATA[31:0]$870 [15:8], Q = \mem[39] [15:8]).
Adding EN signal on $memory\mem[39]$6645 ($dff) from module axi_ram (D = $0$memwr$\mem$rtl/axi_ram.v:102$856_DATA[31:0]$873 [23:16], Q = \mem[39] [23:16]).
Adding EN signal on $memory\mem[39]$6645 ($dff) from module axi_ram (D = $0$memwr$\mem$rtl/axi_ram.v:104$857_DATA[31:0]$876 [31:24], Q = \mem[39] [31:24]).
Adding EN signal on $memory\mem[399]$7365 ($dff) from module axi_ram (D = $0$memwr$\mem$rtl/axi_ram.v:97$854_DATA[31:0]$867 [7:0], Q = \mem[399] [7:0]).
Adding EN signal on $memory\mem[399]$7365 ($dff) from module axi_ram (D = $0$memwr$\mem$rtl/axi_ram.v:100$855_DATA[31:0]$870 [15:8], Q = \mem[399] [15:8]).
Adding EN signal on $memory\mem[399]$7365 ($dff) from module axi_ram (D = $0$memwr$\mem$rtl/axi_ram.v:102$856_DATA[31:0]$873 [23:16], Q = \mem[399] [23:16]).
Adding EN signal on $memory\mem[399]$7365 ($dff) from module axi_ram (D = $0$memwr$\mem$rtl/axi_ram.v:104$857_DATA[31:0]$876 [31:24], Q = \mem[399] [31:24]).
Adding EN signal on $memory\mem[398]$7363 ($dff) from module axi_ram (D = $0$memwr$\mem$rtl/axi_ram.v:97$854_DATA[31:0]$867 [7:0], Q = \mem[398] [7:0]).
Adding EN signal on $memory\mem[398]$7363 ($dff) from module axi_ram (D = $0$memwr$\mem$rtl/axi_ram.v:100$855_DATA[31:0]$870 [15:8], Q = \mem[398] [15:8]).
Adding EN signal on $memory\mem[398]$7363 ($dff) from module axi_ram (D = $0$memwr$\mem$rtl/axi_ram.v:102$856_DATA[31:0]$873 [23:16], Q = \mem[398] [23:16]).
Adding EN signal on $memory\mem[398]$7363 ($dff) from module axi_ram (D = $0$memwr$\mem$rtl/axi_ram.v:104$857_DATA[31:0]$876 [31:24], Q = \mem[398] [31:24]).
Adding EN signal on $memory\mem[397]$7361 ($dff) from module axi_ram (D = $0$memwr$\mem$rtl/axi_ram.v:97$854_DATA[31:0]$867 [7:0], Q = \mem[397] [7:0]).
Adding EN signal on $memory\mem[397]$7361 ($dff) from module axi_ram (D = $0$memwr$\mem$rtl/axi_ram.v:100$855_DATA[31:0]$870 [15:8], Q = \mem[397] [15:8]).
Adding EN signal on $memory\mem[397]$7361 ($dff) from module axi_ram (D = $0$memwr$\mem$rtl/axi_ram.v:102$856_DATA[31:0]$873 [23:16], Q = \mem[397] [23:16]).
Adding EN signal on $memory\mem[397]$7361 ($dff) from module axi_ram (D = $0$memwr$\mem$rtl/axi_ram.v:104$857_DATA[31:0]$876 [31:24], Q = \mem[397] [31:24]).
Adding EN signal on $memory\mem[396]$7359 ($dff) from module axi_ram (D = $0$memwr$\mem$rtl/axi_ram.v:97$854_DATA[31:0]$867 [7:0], Q = \mem[396] [7:0]).
Adding EN signal on $memory\mem[396]$7359 ($dff) from module axi_ram (D = $0$memwr$\mem$rtl/axi_ram.v:100$855_DATA[31:0]$870 [15:8], Q = \mem[396] [15:8]).
Adding EN signal on $memory\mem[396]$7359 ($dff) from module axi_ram (D = $0$memwr$\mem$rtl/axi_ram.v:102$856_DATA[31:0]$873 [23:16], Q = \mem[396] [23:16]).
Adding EN signal on $memory\mem[396]$7359 ($dff) from module axi_ram (D = $0$memwr$\mem$rtl/axi_ram.v:104$857_DATA[31:0]$876 [31:24], Q = \mem[396] [31:24]).
Adding EN signal on $memory\mem[395]$7357 ($dff) from module axi_ram (D = $0$memwr$\mem$rtl/axi_ram.v:97$854_DATA[31:0]$867 [7:0], Q = \mem[395] [7:0]).
Adding EN signal on $memory\mem[395]$7357 ($dff) from module axi_ram (D = $0$memwr$\mem$rtl/axi_ram.v:100$855_DATA[31:0]$870 [15:8], Q = \mem[395] [15:8]).
Adding EN signal on $memory\mem[395]$7357 ($dff) from module axi_ram (D = $0$memwr$\mem$rtl/axi_ram.v:102$856_DATA[31:0]$873 [23:16], Q = \mem[395] [23:16]).
Adding EN signal on $memory\mem[395]$7357 ($dff) from module axi_ram (D = $0$memwr$\mem$rtl/axi_ram.v:104$857_DATA[31:0]$876 [31:24], Q = \mem[395] [31:24]).
Adding EN signal on $memory\mem[394]$7355 ($dff) from module axi_ram (D = $0$memwr$\mem$rtl/axi_ram.v:97$854_DATA[31:0]$867 [7:0], Q = \mem[394] [7:0]).
Adding EN signal on $memory\mem[394]$7355 ($dff) from module axi_ram (D = $0$memwr$\mem$rtl/axi_ram.v:100$855_DATA[31:0]$870 [15:8], Q = \mem[394] [15:8]).
Adding EN signal on $memory\mem[394]$7355 ($dff) from module axi_ram (D = $0$memwr$\mem$rtl/axi_ram.v:102$856_DATA[31:0]$873 [23:16], Q = \mem[394] [23:16]).
Adding EN signal on $memory\mem[394]$7355 ($dff) from module axi_ram (D = $0$memwr$\mem$rtl/axi_ram.v:104$857_DATA[31:0]$876 [31:24], Q = \mem[394] [31:24]).
Adding EN signal on $memory\mem[393]$7353 ($dff) from module axi_ram (D = $0$memwr$\mem$rtl/axi_ram.v:97$854_DATA[31:0]$867 [7:0], Q = \mem[393] [7:0]).
Adding EN signal on $memory\mem[393]$7353 ($dff) from module axi_ram (D = $0$memwr$\mem$rtl/axi_ram.v:100$855_DATA[31:0]$870 [15:8], Q = \mem[393] [15:8]).
Adding EN signal on $memory\mem[393]$7353 ($dff) from module axi_ram (D = $0$memwr$\mem$rtl/axi_ram.v:102$856_DATA[31:0]$873 [23:16], Q = \mem[393] [23:16]).
Adding EN signal on $memory\mem[393]$7353 ($dff) from module axi_ram (D = $0$memwr$\mem$rtl/axi_ram.v:104$857_DATA[31:0]$876 [31:24], Q = \mem[393] [31:24]).
Adding EN signal on $memory\mem[392]$7351 ($dff) from module axi_ram (D = $0$memwr$\mem$rtl/axi_ram.v:97$854_DATA[31:0]$867 [7:0], Q = \mem[392] [7:0]).
Adding EN signal on $memory\mem[392]$7351 ($dff) from module axi_ram (D = $0$memwr$\mem$rtl/axi_ram.v:100$855_DATA[31:0]$870 [15:8], Q = \mem[392] [15:8]).
Adding EN signal on $memory\mem[392]$7351 ($dff) from module axi_ram (D = $0$memwr$\mem$rtl/axi_ram.v:102$856_DATA[31:0]$873 [23:16], Q = \mem[392] [23:16]).
Adding EN signal on $memory\mem[392]$7351 ($dff) from module axi_ram (D = $0$memwr$\mem$rtl/axi_ram.v:104$857_DATA[31:0]$876 [31:24], Q = \mem[392] [31:24]).
Adding EN signal on $memory\mem[391]$7349 ($dff) from module axi_ram (D = $0$memwr$\mem$rtl/axi_ram.v:97$854_DATA[31:0]$867 [7:0], Q = \mem[391] [7:0]).
Adding EN signal on $memory\mem[391]$7349 ($dff) from module axi_ram (D = $0$memwr$\mem$rtl/axi_ram.v:100$855_DATA[31:0]$870 [15:8], Q = \mem[391] [15:8]).
Adding EN signal on $memory\mem[391]$7349 ($dff) from module axi_ram (D = $0$memwr$\mem$rtl/axi_ram.v:102$856_DATA[31:0]$873 [23:16], Q = \mem[391] [23:16]).
Adding EN signal on $memory\mem[391]$7349 ($dff) from module axi_ram (D = $0$memwr$\mem$rtl/axi_ram.v:104$857_DATA[31:0]$876 [31:24], Q = \mem[391] [31:24]).
Adding EN signal on $memory\mem[390]$7347 ($dff) from module axi_ram (D = $0$memwr$\mem$rtl/axi_ram.v:97$854_DATA[31:0]$867 [7:0], Q = \mem[390] [7:0]).
Adding EN signal on $memory\mem[390]$7347 ($dff) from module axi_ram (D = $0$memwr$\mem$rtl/axi_ram.v:100$855_DATA[31:0]$870 [15:8], Q = \mem[390] [15:8]).
Adding EN signal on $memory\mem[390]$7347 ($dff) from module axi_ram (D = $0$memwr$\mem$rtl/axi_ram.v:102$856_DATA[31:0]$873 [23:16], Q = \mem[390] [23:16]).
Adding EN signal on $memory\mem[390]$7347 ($dff) from module axi_ram (D = $0$memwr$\mem$rtl/axi_ram.v:104$857_DATA[31:0]$876 [31:24], Q = \mem[390] [31:24]).
Adding EN signal on $memory\mem[38]$6643 ($dff) from module axi_ram (D = $0$memwr$\mem$rtl/axi_ram.v:97$854_DATA[31:0]$867 [7:0], Q = \mem[38] [7:0]).
Adding EN signal on $memory\mem[38]$6643 ($dff) from module axi_ram (D = $0$memwr$\mem$rtl/axi_ram.v:100$855_DATA[31:0]$870 [15:8], Q = \mem[38] [15:8]).
Adding EN signal on $memory\mem[38]$6643 ($dff) from module axi_ram (D = $0$memwr$\mem$rtl/axi_ram.v:102$856_DATA[31:0]$873 [23:16], Q = \mem[38] [23:16]).
Adding EN signal on $memory\mem[38]$6643 ($dff) from module axi_ram (D = $0$memwr$\mem$rtl/axi_ram.v:104$857_DATA[31:0]$876 [31:24], Q = \mem[38] [31:24]).
Adding EN signal on $memory\mem[389]$7345 ($dff) from module axi_ram (D = $0$memwr$\mem$rtl/axi_ram.v:97$854_DATA[31:0]$867 [7:0], Q = \mem[389] [7:0]).
Adding EN signal on $memory\mem[389]$7345 ($dff) from module axi_ram (D = $0$memwr$\mem$rtl/axi_ram.v:100$855_DATA[31:0]$870 [15:8], Q = \mem[389] [15:8]).
Adding EN signal on $memory\mem[389]$7345 ($dff) from module axi_ram (D = $0$memwr$\mem$rtl/axi_ram.v:102$856_DATA[31:0]$873 [23:16], Q = \mem[389] [23:16]).
Adding EN signal on $memory\mem[389]$7345 ($dff) from module axi_ram (D = $0$memwr$\mem$rtl/axi_ram.v:104$857_DATA[31:0]$876 [31:24], Q = \mem[389] [31:24]).
Adding EN signal on $memory\mem[388]$7343 ($dff) from module axi_ram (D = $0$memwr$\mem$rtl/axi_ram.v:97$854_DATA[31:0]$867 [7:0], Q = \mem[388] [7:0]).
Adding EN signal on $memory\mem[388]$7343 ($dff) from module axi_ram (D = $0$memwr$\mem$rtl/axi_ram.v:100$855_DATA[31:0]$870 [15:8], Q = \mem[388] [15:8]).
Adding EN signal on $memory\mem[388]$7343 ($dff) from module axi_ram (D = $0$memwr$\mem$rtl/axi_ram.v:102$856_DATA[31:0]$873 [23:16], Q = \mem[388] [23:16]).
Adding EN signal on $memory\mem[388]$7343 ($dff) from module axi_ram (D = $0$memwr$\mem$rtl/axi_ram.v:104$857_DATA[31:0]$876 [31:24], Q = \mem[388] [31:24]).
Adding EN signal on $memory\mem[387]$7341 ($dff) from module axi_ram (D = $0$memwr$\mem$rtl/axi_ram.v:97$854_DATA[31:0]$867 [7:0], Q = \mem[387] [7:0]).
Adding EN signal on $memory\mem[387]$7341 ($dff) from module axi_ram (D = $0$memwr$\mem$rtl/axi_ram.v:100$855_DATA[31:0]$870 [15:8], Q = \mem[387] [15:8]).
Adding EN signal on $memory\mem[387]$7341 ($dff) from module axi_ram (D = $0$memwr$\mem$rtl/axi_ram.v:102$856_DATA[31:0]$873 [23:16], Q = \mem[387] [23:16]).
Adding EN signal on $memory\mem[387]$7341 ($dff) from module axi_ram (D = $0$memwr$\mem$rtl/axi_ram.v:104$857_DATA[31:0]$876 [31:24], Q = \mem[387] [31:24]).
Adding EN signal on $memory\mem[386]$7339 ($dff) from module axi_ram (D = $0$memwr$\mem$rtl/axi_ram.v:97$854_DATA[31:0]$867 [7:0], Q = \mem[386] [7:0]).
Adding EN signal on $memory\mem[386]$7339 ($dff) from module axi_ram (D = $0$memwr$\mem$rtl/axi_ram.v:100$855_DATA[31:0]$870 [15:8], Q = \mem[386] [15:8]).
Adding EN signal on $memory\mem[386]$7339 ($dff) from module axi_ram (D = $0$memwr$\mem$rtl/axi_ram.v:102$856_DATA[31:0]$873 [23:16], Q = \mem[386] [23:16]).
Adding EN signal on $memory\mem[386]$7339 ($dff) from module axi_ram (D = $0$memwr$\mem$rtl/axi_ram.v:104$857_DATA[31:0]$876 [31:24], Q = \mem[386] [31:24]).
Adding EN signal on $memory\mem[385]$7337 ($dff) from module axi_ram (D = $0$memwr$\mem$rtl/axi_ram.v:97$854_DATA[31:0]$867 [7:0], Q = \mem[385] [7:0]).
Adding EN signal on $memory\mem[385]$7337 ($dff) from module axi_ram (D = $0$memwr$\mem$rtl/axi_ram.v:100$855_DATA[31:0]$870 [15:8], Q = \mem[385] [15:8]).
Adding EN signal on $memory\mem[385]$7337 ($dff) from module axi_ram (D = $0$memwr$\mem$rtl/axi_ram.v:102$856_DATA[31:0]$873 [23:16], Q = \mem[385] [23:16]).
Adding EN signal on $memory\mem[385]$7337 ($dff) from module axi_ram (D = $0$memwr$\mem$rtl/axi_ram.v:104$857_DATA[31:0]$876 [31:24], Q = \mem[385] [31:24]).
Adding EN signal on $memory\mem[384]$7335 ($dff) from module axi_ram (D = $0$memwr$\mem$rtl/axi_ram.v:97$854_DATA[31:0]$867 [7:0], Q = \mem[384] [7:0]).
Adding EN signal on $memory\mem[384]$7335 ($dff) from module axi_ram (D = $0$memwr$\mem$rtl/axi_ram.v:100$855_DATA[31:0]$870 [15:8], Q = \mem[384] [15:8]).
Adding EN signal on $memory\mem[384]$7335 ($dff) from module axi_ram (D = $0$memwr$\mem$rtl/axi_ram.v:102$856_DATA[31:0]$873 [23:16], Q = \mem[384] [23:16]).
Adding EN signal on $memory\mem[384]$7335 ($dff) from module axi_ram (D = $0$memwr$\mem$rtl/axi_ram.v:104$857_DATA[31:0]$876 [31:24], Q = \mem[384] [31:24]).
Adding EN signal on $memory\mem[383]$7333 ($dff) from module axi_ram (D = $0$memwr$\mem$rtl/axi_ram.v:97$854_DATA[31:0]$867 [7:0], Q = \mem[383] [7:0]).
Adding EN signal on $memory\mem[383]$7333 ($dff) from module axi_ram (D = $0$memwr$\mem$rtl/axi_ram.v:100$855_DATA[31:0]$870 [15:8], Q = \mem[383] [15:8]).
Adding EN signal on $memory\mem[383]$7333 ($dff) from module axi_ram (D = $0$memwr$\mem$rtl/axi_ram.v:102$856_DATA[31:0]$873 [23:16], Q = \mem[383] [23:16]).
Adding EN signal on $memory\mem[383]$7333 ($dff) from module axi_ram (D = $0$memwr$\mem$rtl/axi_ram.v:104$857_DATA[31:0]$876 [31:24], Q = \mem[383] [31:24]).
Adding EN signal on $memory\mem[382]$7331 ($dff) from module axi_ram (D = $0$memwr$\mem$rtl/axi_ram.v:97$854_DATA[31:0]$867 [7:0], Q = \mem[382] [7:0]).
Adding EN signal on $memory\mem[382]$7331 ($dff) from module axi_ram (D = $0$memwr$\mem$rtl/axi_ram.v:100$855_DATA[31:0]$870 [15:8], Q = \mem[382] [15:8]).
Adding EN signal on $memory\mem[382]$7331 ($dff) from module axi_ram (D = $0$memwr$\mem$rtl/axi_ram.v:102$856_DATA[31:0]$873 [23:16], Q = \mem[382] [23:16]).
Adding EN signal on $memory\mem[382]$7331 ($dff) from module axi_ram (D = $0$memwr$\mem$rtl/axi_ram.v:104$857_DATA[31:0]$876 [31:24], Q = \mem[382] [31:24]).
Adding EN signal on $memory\mem[381]$7329 ($dff) from module axi_ram (D = $0$memwr$\mem$rtl/axi_ram.v:97$854_DATA[31:0]$867 [7:0], Q = \mem[381] [7:0]).
Adding EN signal on $memory\mem[381]$7329 ($dff) from module axi_ram (D = $0$memwr$\mem$rtl/axi_ram.v:100$855_DATA[31:0]$870 [15:8], Q = \mem[381] [15:8]).
Adding EN signal on $memory\mem[381]$7329 ($dff) from module axi_ram (D = $0$memwr$\mem$rtl/axi_ram.v:102$856_DATA[31:0]$873 [23:16], Q = \mem[381] [23:16]).
Adding EN signal on $memory\mem[381]$7329 ($dff) from module axi_ram (D = $0$memwr$\mem$rtl/axi_ram.v:104$857_DATA[31:0]$876 [31:24], Q = \mem[381] [31:24]).
Adding EN signal on $memory\mem[380]$7327 ($dff) from module axi_ram (D = $0$memwr$\mem$rtl/axi_ram.v:97$854_DATA[31:0]$867 [7:0], Q = \mem[380] [7:0]).
Adding EN signal on $memory\mem[380]$7327 ($dff) from module axi_ram (D = $0$memwr$\mem$rtl/axi_ram.v:100$855_DATA[31:0]$870 [15:8], Q = \mem[380] [15:8]).
Adding EN signal on $memory\mem[380]$7327 ($dff) from module axi_ram (D = $0$memwr$\mem$rtl/axi_ram.v:102$856_DATA[31:0]$873 [23:16], Q = \mem[380] [23:16]).
Adding EN signal on $memory\mem[380]$7327 ($dff) from module axi_ram (D = $0$memwr$\mem$rtl/axi_ram.v:104$857_DATA[31:0]$876 [31:24], Q = \mem[380] [31:24]).
Adding EN signal on $memory\mem[37]$6641 ($dff) from module axi_ram (D = $0$memwr$\mem$rtl/axi_ram.v:97$854_DATA[31:0]$867 [7:0], Q = \mem[37] [7:0]).
Adding EN signal on $memory\mem[37]$6641 ($dff) from module axi_ram (D = $0$memwr$\mem$rtl/axi_ram.v:100$855_DATA[31:0]$870 [15:8], Q = \mem[37] [15:8]).
Adding EN signal on $memory\mem[37]$6641 ($dff) from module axi_ram (D = $0$memwr$\mem$rtl/axi_ram.v:102$856_DATA[31:0]$873 [23:16], Q = \mem[37] [23:16]).
Adding EN signal on $memory\mem[37]$6641 ($dff) from module axi_ram (D = $0$memwr$\mem$rtl/axi_ram.v:104$857_DATA[31:0]$876 [31:24], Q = \mem[37] [31:24]).
Adding EN signal on $memory\mem[379]$7325 ($dff) from module axi_ram (D = $0$memwr$\mem$rtl/axi_ram.v:97$854_DATA[31:0]$867 [7:0], Q = \mem[379] [7:0]).
Adding EN signal on $memory\mem[379]$7325 ($dff) from module axi_ram (D = $0$memwr$\mem$rtl/axi_ram.v:100$855_DATA[31:0]$870 [15:8], Q = \mem[379] [15:8]).
Adding EN signal on $memory\mem[379]$7325 ($dff) from module axi_ram (D = $0$memwr$\mem$rtl/axi_ram.v:102$856_DATA[31:0]$873 [23:16], Q = \mem[379] [23:16]).
Adding EN signal on $memory\mem[379]$7325 ($dff) from module axi_ram (D = $0$memwr$\mem$rtl/axi_ram.v:104$857_DATA[31:0]$876 [31:24], Q = \mem[379] [31:24]).
Adding EN signal on $memory\mem[378]$7323 ($dff) from module axi_ram (D = $0$memwr$\mem$rtl/axi_ram.v:97$854_DATA[31:0]$867 [7:0], Q = \mem[378] [7:0]).
Adding EN signal on $memory\mem[378]$7323 ($dff) from module axi_ram (D = $0$memwr$\mem$rtl/axi_ram.v:100$855_DATA[31:0]$870 [15:8], Q = \mem[378] [15:8]).
Adding EN signal on $memory\mem[378]$7323 ($dff) from module axi_ram (D = $0$memwr$\mem$rtl/axi_ram.v:102$856_DATA[31:0]$873 [23:16], Q = \mem[378] [23:16]).
Adding EN signal on $memory\mem[378]$7323 ($dff) from module axi_ram (D = $0$memwr$\mem$rtl/axi_ram.v:104$857_DATA[31:0]$876 [31:24], Q = \mem[378] [31:24]).
Adding EN signal on $memory\mem[377]$7321 ($dff) from module axi_ram (D = $0$memwr$\mem$rtl/axi_ram.v:97$854_DATA[31:0]$867 [7:0], Q = \mem[377] [7:0]).
Adding EN signal on $memory\mem[377]$7321 ($dff) from module axi_ram (D = $0$memwr$\mem$rtl/axi_ram.v:100$855_DATA[31:0]$870 [15:8], Q = \mem[377] [15:8]).
Adding EN signal on $memory\mem[377]$7321 ($dff) from module axi_ram (D = $0$memwr$\mem$rtl/axi_ram.v:102$856_DATA[31:0]$873 [23:16], Q = \mem[377] [23:16]).
Adding EN signal on $memory\mem[377]$7321 ($dff) from module axi_ram (D = $0$memwr$\mem$rtl/axi_ram.v:104$857_DATA[31:0]$876 [31:24], Q = \mem[377] [31:24]).
Adding EN signal on $memory\mem[376]$7319 ($dff) from module axi_ram (D = $0$memwr$\mem$rtl/axi_ram.v:97$854_DATA[31:0]$867 [7:0], Q = \mem[376] [7:0]).
Adding EN signal on $memory\mem[376]$7319 ($dff) from module axi_ram (D = $0$memwr$\mem$rtl/axi_ram.v:100$855_DATA[31:0]$870 [15:8], Q = \mem[376] [15:8]).
Adding EN signal on $memory\mem[376]$7319 ($dff) from module axi_ram (D = $0$memwr$\mem$rtl/axi_ram.v:102$856_DATA[31:0]$873 [23:16], Q = \mem[376] [23:16]).
Adding EN signal on $memory\mem[376]$7319 ($dff) from module axi_ram (D = $0$memwr$\mem$rtl/axi_ram.v:104$857_DATA[31:0]$876 [31:24], Q = \mem[376] [31:24]).
Adding EN signal on $memory\mem[375]$7317 ($dff) from module axi_ram (D = $0$memwr$\mem$rtl/axi_ram.v:97$854_DATA[31:0]$867 [7:0], Q = \mem[375] [7:0]).
Adding EN signal on $memory\mem[375]$7317 ($dff) from module axi_ram (D = $0$memwr$\mem$rtl/axi_ram.v:100$855_DATA[31:0]$870 [15:8], Q = \mem[375] [15:8]).
Adding EN signal on $memory\mem[375]$7317 ($dff) from module axi_ram (D = $0$memwr$\mem$rtl/axi_ram.v:102$856_DATA[31:0]$873 [23:16], Q = \mem[375] [23:16]).
Adding EN signal on $memory\mem[375]$7317 ($dff) from module axi_ram (D = $0$memwr$\mem$rtl/axi_ram.v:104$857_DATA[31:0]$876 [31:24], Q = \mem[375] [31:24]).
Adding EN signal on $memory\mem[374]$7315 ($dff) from module axi_ram (D = $0$memwr$\mem$rtl/axi_ram.v:97$854_DATA[31:0]$867 [7:0], Q = \mem[374] [7:0]).
Adding EN signal on $memory\mem[374]$7315 ($dff) from module axi_ram (D = $0$memwr$\mem$rtl/axi_ram.v:100$855_DATA[31:0]$870 [15:8], Q = \mem[374] [15:8]).
Adding EN signal on $memory\mem[374]$7315 ($dff) from module axi_ram (D = $0$memwr$\mem$rtl/axi_ram.v:102$856_DATA[31:0]$873 [23:16], Q = \mem[374] [23:16]).
Adding EN signal on $memory\mem[374]$7315 ($dff) from module axi_ram (D = $0$memwr$\mem$rtl/axi_ram.v:104$857_DATA[31:0]$876 [31:24], Q = \mem[374] [31:24]).
Adding EN signal on $memory\mem[373]$7313 ($dff) from module axi_ram (D = $0$memwr$\mem$rtl/axi_ram.v:97$854_DATA[31:0]$867 [7:0], Q = \mem[373] [7:0]).
Adding EN signal on $memory\mem[373]$7313 ($dff) from module axi_ram (D = $0$memwr$\mem$rtl/axi_ram.v:100$855_DATA[31:0]$870 [15:8], Q = \mem[373] [15:8]).
Adding EN signal on $memory\mem[373]$7313 ($dff) from module axi_ram (D = $0$memwr$\mem$rtl/axi_ram.v:102$856_DATA[31:0]$873 [23:16], Q = \mem[373] [23:16]).
Adding EN signal on $memory\mem[373]$7313 ($dff) from module axi_ram (D = $0$memwr$\mem$rtl/axi_ram.v:104$857_DATA[31:0]$876 [31:24], Q = \mem[373] [31:24]).
Adding EN signal on $memory\mem[372]$7311 ($dff) from module axi_ram (D = $0$memwr$\mem$rtl/axi_ram.v:97$854_DATA[31:0]$867 [7:0], Q = \mem[372] [7:0]).
Adding EN signal on $memory\mem[372]$7311 ($dff) from module axi_ram (D = $0$memwr$\mem$rtl/axi_ram.v:100$855_DATA[31:0]$870 [15:8], Q = \mem[372] [15:8]).
Adding EN signal on $memory\mem[372]$7311 ($dff) from module axi_ram (D = $0$memwr$\mem$rtl/axi_ram.v:102$856_DATA[31:0]$873 [23:16], Q = \mem[372] [23:16]).
Adding EN signal on $memory\mem[372]$7311 ($dff) from module axi_ram (D = $0$memwr$\mem$rtl/axi_ram.v:104$857_DATA[31:0]$876 [31:24], Q = \mem[372] [31:24]).
Adding EN signal on $memory\mem[371]$7309 ($dff) from module axi_ram (D = $0$memwr$\mem$rtl/axi_ram.v:97$854_DATA[31:0]$867 [7:0], Q = \mem[371] [7:0]).
Adding EN signal on $memory\mem[371]$7309 ($dff) from module axi_ram (D = $0$memwr$\mem$rtl/axi_ram.v:100$855_DATA[31:0]$870 [15:8], Q = \mem[371] [15:8]).
Adding EN signal on $memory\mem[371]$7309 ($dff) from module axi_ram (D = $0$memwr$\mem$rtl/axi_ram.v:102$856_DATA[31:0]$873 [23:16], Q = \mem[371] [23:16]).
Adding EN signal on $memory\mem[371]$7309 ($dff) from module axi_ram (D = $0$memwr$\mem$rtl/axi_ram.v:104$857_DATA[31:0]$876 [31:24], Q = \mem[371] [31:24]).
Adding EN signal on $memory\mem[370]$7307 ($dff) from module axi_ram (D = $0$memwr$\mem$rtl/axi_ram.v:97$854_DATA[31:0]$867 [7:0], Q = \mem[370] [7:0]).
Adding EN signal on $memory\mem[370]$7307 ($dff) from module axi_ram (D = $0$memwr$\mem$rtl/axi_ram.v:100$855_DATA[31:0]$870 [15:8], Q = \mem[370] [15:8]).
Adding EN signal on $memory\mem[370]$7307 ($dff) from module axi_ram (D = $0$memwr$\mem$rtl/axi_ram.v:102$856_DATA[31:0]$873 [23:16], Q = \mem[370] [23:16]).
Adding EN signal on $memory\mem[370]$7307 ($dff) from module axi_ram (D = $0$memwr$\mem$rtl/axi_ram.v:104$857_DATA[31:0]$876 [31:24], Q = \mem[370] [31:24]).
Adding EN signal on $memory\mem[36]$6639 ($dff) from module axi_ram (D = $0$memwr$\mem$rtl/axi_ram.v:97$854_DATA[31:0]$867 [7:0], Q = \mem[36] [7:0]).
Adding EN signal on $memory\mem[36]$6639 ($dff) from module axi_ram (D = $0$memwr$\mem$rtl/axi_ram.v:100$855_DATA[31:0]$870 [15:8], Q = \mem[36] [15:8]).
Adding EN signal on $memory\mem[36]$6639 ($dff) from module axi_ram (D = $0$memwr$\mem$rtl/axi_ram.v:102$856_DATA[31:0]$873 [23:16], Q = \mem[36] [23:16]).
Adding EN signal on $memory\mem[36]$6639 ($dff) from module axi_ram (D = $0$memwr$\mem$rtl/axi_ram.v:104$857_DATA[31:0]$876 [31:24], Q = \mem[36] [31:24]).
Adding EN signal on $memory\mem[369]$7305 ($dff) from module axi_ram (D = $0$memwr$\mem$rtl/axi_ram.v:97$854_DATA[31:0]$867 [7:0], Q = \mem[369] [7:0]).
Adding EN signal on $memory\mem[369]$7305 ($dff) from module axi_ram (D = $0$memwr$\mem$rtl/axi_ram.v:100$855_DATA[31:0]$870 [15:8], Q = \mem[369] [15:8]).
Adding EN signal on $memory\mem[369]$7305 ($dff) from module axi_ram (D = $0$memwr$\mem$rtl/axi_ram.v:102$856_DATA[31:0]$873 [23:16], Q = \mem[369] [23:16]).
Adding EN signal on $memory\mem[369]$7305 ($dff) from module axi_ram (D = $0$memwr$\mem$rtl/axi_ram.v:104$857_DATA[31:0]$876 [31:24], Q = \mem[369] [31:24]).
Adding EN signal on $memory\mem[368]$7303 ($dff) from module axi_ram (D = $0$memwr$\mem$rtl/axi_ram.v:97$854_DATA[31:0]$867 [7:0], Q = \mem[368] [7:0]).
Adding EN signal on $memory\mem[368]$7303 ($dff) from module axi_ram (D = $0$memwr$\mem$rtl/axi_ram.v:100$855_DATA[31:0]$870 [15:8], Q = \mem[368] [15:8]).
Adding EN signal on $memory\mem[368]$7303 ($dff) from module axi_ram (D = $0$memwr$\mem$rtl/axi_ram.v:102$856_DATA[31:0]$873 [23:16], Q = \mem[368] [23:16]).
Adding EN signal on $memory\mem[368]$7303 ($dff) from module axi_ram (D = $0$memwr$\mem$rtl/axi_ram.v:104$857_DATA[31:0]$876 [31:24], Q = \mem[368] [31:24]).
Adding EN signal on $memory\mem[367]$7301 ($dff) from module axi_ram (D = $0$memwr$\mem$rtl/axi_ram.v:97$854_DATA[31:0]$867 [7:0], Q = \mem[367] [7:0]).
Adding EN signal on $memory\mem[367]$7301 ($dff) from module axi_ram (D = $0$memwr$\mem$rtl/axi_ram.v:100$855_DATA[31:0]$870 [15:8], Q = \mem[367] [15:8]).
Adding EN signal on $memory\mem[367]$7301 ($dff) from module axi_ram (D = $0$memwr$\mem$rtl/axi_ram.v:102$856_DATA[31:0]$873 [23:16], Q = \mem[367] [23:16]).
Adding EN signal on $memory\mem[367]$7301 ($dff) from module axi_ram (D = $0$memwr$\mem$rtl/axi_ram.v:104$857_DATA[31:0]$876 [31:24], Q = \mem[367] [31:24]).
Adding EN signal on $memory\mem[366]$7299 ($dff) from module axi_ram (D = $0$memwr$\mem$rtl/axi_ram.v:97$854_DATA[31:0]$867 [7:0], Q = \mem[366] [7:0]).
Adding EN signal on $memory\mem[366]$7299 ($dff) from module axi_ram (D = $0$memwr$\mem$rtl/axi_ram.v:100$855_DATA[31:0]$870 [15:8], Q = \mem[366] [15:8]).
Adding EN signal on $memory\mem[366]$7299 ($dff) from module axi_ram (D = $0$memwr$\mem$rtl/axi_ram.v:102$856_DATA[31:0]$873 [23:16], Q = \mem[366] [23:16]).
Adding EN signal on $memory\mem[366]$7299 ($dff) from module axi_ram (D = $0$memwr$\mem$rtl/axi_ram.v:104$857_DATA[31:0]$876 [31:24], Q = \mem[366] [31:24]).
Adding EN signal on $memory\mem[365]$7297 ($dff) from module axi_ram (D = $0$memwr$\mem$rtl/axi_ram.v:97$854_DATA[31:0]$867 [7:0], Q = \mem[365] [7:0]).
Adding EN signal on $memory\mem[365]$7297 ($dff) from module axi_ram (D = $0$memwr$\mem$rtl/axi_ram.v:100$855_DATA[31:0]$870 [15:8], Q = \mem[365] [15:8]).
Adding EN signal on $memory\mem[365]$7297 ($dff) from module axi_ram (D = $0$memwr$\mem$rtl/axi_ram.v:102$856_DATA[31:0]$873 [23:16], Q = \mem[365] [23:16]).
Adding EN signal on $memory\mem[365]$7297 ($dff) from module axi_ram (D = $0$memwr$\mem$rtl/axi_ram.v:104$857_DATA[31:0]$876 [31:24], Q = \mem[365] [31:24]).
Adding EN signal on $memory\mem[364]$7295 ($dff) from module axi_ram (D = $0$memwr$\mem$rtl/axi_ram.v:97$854_DATA[31:0]$867 [7:0], Q = \mem[364] [7:0]).
Adding EN signal on $memory\mem[364]$7295 ($dff) from module axi_ram (D = $0$memwr$\mem$rtl/axi_ram.v:100$855_DATA[31:0]$870 [15:8], Q = \mem[364] [15:8]).
Adding EN signal on $memory\mem[364]$7295 ($dff) from module axi_ram (D = $0$memwr$\mem$rtl/axi_ram.v:102$856_DATA[31:0]$873 [23:16], Q = \mem[364] [23:16]).
Adding EN signal on $memory\mem[364]$7295 ($dff) from module axi_ram (D = $0$memwr$\mem$rtl/axi_ram.v:104$857_DATA[31:0]$876 [31:24], Q = \mem[364] [31:24]).
Adding EN signal on $memory\mem[363]$7293 ($dff) from module axi_ram (D = $0$memwr$\mem$rtl/axi_ram.v:97$854_DATA[31:0]$867 [7:0], Q = \mem[363] [7:0]).
Adding EN signal on $memory\mem[363]$7293 ($dff) from module axi_ram (D = $0$memwr$\mem$rtl/axi_ram.v:100$855_DATA[31:0]$870 [15:8], Q = \mem[363] [15:8]).
Adding EN signal on $memory\mem[363]$7293 ($dff) from module axi_ram (D = $0$memwr$\mem$rtl/axi_ram.v:102$856_DATA[31:0]$873 [23:16], Q = \mem[363] [23:16]).
Adding EN signal on $memory\mem[363]$7293 ($dff) from module axi_ram (D = $0$memwr$\mem$rtl/axi_ram.v:104$857_DATA[31:0]$876 [31:24], Q = \mem[363] [31:24]).
Adding EN signal on $memory\mem[362]$7291 ($dff) from module axi_ram (D = $0$memwr$\mem$rtl/axi_ram.v:97$854_DATA[31:0]$867 [7:0], Q = \mem[362] [7:0]).
Adding EN signal on $memory\mem[362]$7291 ($dff) from module axi_ram (D = $0$memwr$\mem$rtl/axi_ram.v:100$855_DATA[31:0]$870 [15:8], Q = \mem[362] [15:8]).
Adding EN signal on $memory\mem[362]$7291 ($dff) from module axi_ram (D = $0$memwr$\mem$rtl/axi_ram.v:102$856_DATA[31:0]$873 [23:16], Q = \mem[362] [23:16]).
Adding EN signal on $memory\mem[362]$7291 ($dff) from module axi_ram (D = $0$memwr$\mem$rtl/axi_ram.v:104$857_DATA[31:0]$876 [31:24], Q = \mem[362] [31:24]).
Adding EN signal on $memory\mem[361]$7289 ($dff) from module axi_ram (D = $0$memwr$\mem$rtl/axi_ram.v:97$854_DATA[31:0]$867 [7:0], Q = \mem[361] [7:0]).
Adding EN signal on $memory\mem[361]$7289 ($dff) from module axi_ram (D = $0$memwr$\mem$rtl/axi_ram.v:100$855_DATA[31:0]$870 [15:8], Q = \mem[361] [15:8]).
Adding EN signal on $memory\mem[361]$7289 ($dff) from module axi_ram (D = $0$memwr$\mem$rtl/axi_ram.v:102$856_DATA[31:0]$873 [23:16], Q = \mem[361] [23:16]).
Adding EN signal on $memory\mem[361]$7289 ($dff) from module axi_ram (D = $0$memwr$\mem$rtl/axi_ram.v:104$857_DATA[31:0]$876 [31:24], Q = \mem[361] [31:24]).
Adding EN signal on $memory\mem[360]$7287 ($dff) from module axi_ram (D = $0$memwr$\mem$rtl/axi_ram.v:97$854_DATA[31:0]$867 [7:0], Q = \mem[360] [7:0]).
Adding EN signal on $memory\mem[360]$7287 ($dff) from module axi_ram (D = $0$memwr$\mem$rtl/axi_ram.v:100$855_DATA[31:0]$870 [15:8], Q = \mem[360] [15:8]).
Adding EN signal on $memory\mem[360]$7287 ($dff) from module axi_ram (D = $0$memwr$\mem$rtl/axi_ram.v:102$856_DATA[31:0]$873 [23:16], Q = \mem[360] [23:16]).
Adding EN signal on $memory\mem[360]$7287 ($dff) from module axi_ram (D = $0$memwr$\mem$rtl/axi_ram.v:104$857_DATA[31:0]$876 [31:24], Q = \mem[360] [31:24]).
Adding EN signal on $memory\mem[35]$6637 ($dff) from module axi_ram (D = $0$memwr$\mem$rtl/axi_ram.v:97$854_DATA[31:0]$867 [7:0], Q = \mem[35] [7:0]).
Adding EN signal on $memory\mem[35]$6637 ($dff) from module axi_ram (D = $0$memwr$\mem$rtl/axi_ram.v:100$855_DATA[31:0]$870 [15:8], Q = \mem[35] [15:8]).
Adding EN signal on $memory\mem[35]$6637 ($dff) from module axi_ram (D = $0$memwr$\mem$rtl/axi_ram.v:102$856_DATA[31:0]$873 [23:16], Q = \mem[35] [23:16]).
Adding EN signal on $memory\mem[35]$6637 ($dff) from module axi_ram (D = $0$memwr$\mem$rtl/axi_ram.v:104$857_DATA[31:0]$876 [31:24], Q = \mem[35] [31:24]).
Adding EN signal on $memory\mem[359]$7285 ($dff) from module axi_ram (D = $0$memwr$\mem$rtl/axi_ram.v:97$854_DATA[31:0]$867 [7:0], Q = \mem[359] [7:0]).
Adding EN signal on $memory\mem[359]$7285 ($dff) from module axi_ram (D = $0$memwr$\mem$rtl/axi_ram.v:100$855_DATA[31:0]$870 [15:8], Q = \mem[359] [15:8]).
Adding EN signal on $memory\mem[359]$7285 ($dff) from module axi_ram (D = $0$memwr$\mem$rtl/axi_ram.v:102$856_DATA[31:0]$873 [23:16], Q = \mem[359] [23:16]).
Adding EN signal on $memory\mem[359]$7285 ($dff) from module axi_ram (D = $0$memwr$\mem$rtl/axi_ram.v:104$857_DATA[31:0]$876 [31:24], Q = \mem[359] [31:24]).
Adding EN signal on $memory\mem[358]$7283 ($dff) from module axi_ram (D = $0$memwr$\mem$rtl/axi_ram.v:97$854_DATA[31:0]$867 [7:0], Q = \mem[358] [7:0]).
Adding EN signal on $memory\mem[358]$7283 ($dff) from module axi_ram (D = $0$memwr$\mem$rtl/axi_ram.v:100$855_DATA[31:0]$870 [15:8], Q = \mem[358] [15:8]).
Adding EN signal on $memory\mem[358]$7283 ($dff) from module axi_ram (D = $0$memwr$\mem$rtl/axi_ram.v:102$856_DATA[31:0]$873 [23:16], Q = \mem[358] [23:16]).
Adding EN signal on $memory\mem[358]$7283 ($dff) from module axi_ram (D = $0$memwr$\mem$rtl/axi_ram.v:104$857_DATA[31:0]$876 [31:24], Q = \mem[358] [31:24]).
Adding EN signal on $memory\mem[357]$7281 ($dff) from module axi_ram (D = $0$memwr$\mem$rtl/axi_ram.v:97$854_DATA[31:0]$867 [7:0], Q = \mem[357] [7:0]).
Adding EN signal on $memory\mem[357]$7281 ($dff) from module axi_ram (D = $0$memwr$\mem$rtl/axi_ram.v:100$855_DATA[31:0]$870 [15:8], Q = \mem[357] [15:8]).
Adding EN signal on $memory\mem[357]$7281 ($dff) from module axi_ram (D = $0$memwr$\mem$rtl/axi_ram.v:102$856_DATA[31:0]$873 [23:16], Q = \mem[357] [23:16]).
Adding EN signal on $memory\mem[357]$7281 ($dff) from module axi_ram (D = $0$memwr$\mem$rtl/axi_ram.v:104$857_DATA[31:0]$876 [31:24], Q = \mem[357] [31:24]).
Adding EN signal on $memory\mem[356]$7279 ($dff) from module axi_ram (D = $0$memwr$\mem$rtl/axi_ram.v:97$854_DATA[31:0]$867 [7:0], Q = \mem[356] [7:0]).
Adding EN signal on $memory\mem[356]$7279 ($dff) from module axi_ram (D = $0$memwr$\mem$rtl/axi_ram.v:100$855_DATA[31:0]$870 [15:8], Q = \mem[356] [15:8]).
Adding EN signal on $memory\mem[356]$7279 ($dff) from module axi_ram (D = $0$memwr$\mem$rtl/axi_ram.v:102$856_DATA[31:0]$873 [23:16], Q = \mem[356] [23:16]).
Adding EN signal on $memory\mem[356]$7279 ($dff) from module axi_ram (D = $0$memwr$\mem$rtl/axi_ram.v:104$857_DATA[31:0]$876 [31:24], Q = \mem[356] [31:24]).
Adding EN signal on $memory\mem[355]$7277 ($dff) from module axi_ram (D = $0$memwr$\mem$rtl/axi_ram.v:97$854_DATA[31:0]$867 [7:0], Q = \mem[355] [7:0]).
Adding EN signal on $memory\mem[355]$7277 ($dff) from module axi_ram (D = $0$memwr$\mem$rtl/axi_ram.v:100$855_DATA[31:0]$870 [15:8], Q = \mem[355] [15:8]).
Adding EN signal on $memory\mem[355]$7277 ($dff) from module axi_ram (D = $0$memwr$\mem$rtl/axi_ram.v:102$856_DATA[31:0]$873 [23:16], Q = \mem[355] [23:16]).
Adding EN signal on $memory\mem[355]$7277 ($dff) from module axi_ram (D = $0$memwr$\mem$rtl/axi_ram.v:104$857_DATA[31:0]$876 [31:24], Q = \mem[355] [31:24]).
Adding EN signal on $memory\mem[354]$7275 ($dff) from module axi_ram (D = $0$memwr$\mem$rtl/axi_ram.v:97$854_DATA[31:0]$867 [7:0], Q = \mem[354] [7:0]).
Adding EN signal on $memory\mem[354]$7275 ($dff) from module axi_ram (D = $0$memwr$\mem$rtl/axi_ram.v:100$855_DATA[31:0]$870 [15:8], Q = \mem[354] [15:8]).
Adding EN signal on $memory\mem[354]$7275 ($dff) from module axi_ram (D = $0$memwr$\mem$rtl/axi_ram.v:102$856_DATA[31:0]$873 [23:16], Q = \mem[354] [23:16]).
Adding EN signal on $memory\mem[354]$7275 ($dff) from module axi_ram (D = $0$memwr$\mem$rtl/axi_ram.v:104$857_DATA[31:0]$876 [31:24], Q = \mem[354] [31:24]).
Adding EN signal on $memory\mem[353]$7273 ($dff) from module axi_ram (D = $0$memwr$\mem$rtl/axi_ram.v:97$854_DATA[31:0]$867 [7:0], Q = \mem[353] [7:0]).
Adding EN signal on $memory\mem[353]$7273 ($dff) from module axi_ram (D = $0$memwr$\mem$rtl/axi_ram.v:100$855_DATA[31:0]$870 [15:8], Q = \mem[353] [15:8]).
Adding EN signal on $memory\mem[353]$7273 ($dff) from module axi_ram (D = $0$memwr$\mem$rtl/axi_ram.v:102$856_DATA[31:0]$873 [23:16], Q = \mem[353] [23:16]).
Adding EN signal on $memory\mem[353]$7273 ($dff) from module axi_ram (D = $0$memwr$\mem$rtl/axi_ram.v:104$857_DATA[31:0]$876 [31:24], Q = \mem[353] [31:24]).
Adding EN signal on $memory\mem[352]$7271 ($dff) from module axi_ram (D = $0$memwr$\mem$rtl/axi_ram.v:97$854_DATA[31:0]$867 [7:0], Q = \mem[352] [7:0]).
Adding EN signal on $memory\mem[352]$7271 ($dff) from module axi_ram (D = $0$memwr$\mem$rtl/axi_ram.v:100$855_DATA[31:0]$870 [15:8], Q = \mem[352] [15:8]).
Adding EN signal on $memory\mem[352]$7271 ($dff) from module axi_ram (D = $0$memwr$\mem$rtl/axi_ram.v:102$856_DATA[31:0]$873 [23:16], Q = \mem[352] [23:16]).
Adding EN signal on $memory\mem[352]$7271 ($dff) from module axi_ram (D = $0$memwr$\mem$rtl/axi_ram.v:104$857_DATA[31:0]$876 [31:24], Q = \mem[352] [31:24]).
Adding EN signal on $memory\mem[351]$7269 ($dff) from module axi_ram (D = $0$memwr$\mem$rtl/axi_ram.v:97$854_DATA[31:0]$867 [7:0], Q = \mem[351] [7:0]).
Adding EN signal on $memory\mem[351]$7269 ($dff) from module axi_ram (D = $0$memwr$\mem$rtl/axi_ram.v:100$855_DATA[31:0]$870 [15:8], Q = \mem[351] [15:8]).
Adding EN signal on $memory\mem[351]$7269 ($dff) from module axi_ram (D = $0$memwr$\mem$rtl/axi_ram.v:102$856_DATA[31:0]$873 [23:16], Q = \mem[351] [23:16]).
Adding EN signal on $memory\mem[351]$7269 ($dff) from module axi_ram (D = $0$memwr$\mem$rtl/axi_ram.v:104$857_DATA[31:0]$876 [31:24], Q = \mem[351] [31:24]).
Adding EN signal on $memory\mem[350]$7267 ($dff) from module axi_ram (D = $0$memwr$\mem$rtl/axi_ram.v:97$854_DATA[31:0]$867 [7:0], Q = \mem[350] [7:0]).
Adding EN signal on $memory\mem[350]$7267 ($dff) from module axi_ram (D = $0$memwr$\mem$rtl/axi_ram.v:100$855_DATA[31:0]$870 [15:8], Q = \mem[350] [15:8]).
Adding EN signal on $memory\mem[350]$7267 ($dff) from module axi_ram (D = $0$memwr$\mem$rtl/axi_ram.v:102$856_DATA[31:0]$873 [23:16], Q = \mem[350] [23:16]).
Adding EN signal on $memory\mem[350]$7267 ($dff) from module axi_ram (D = $0$memwr$\mem$rtl/axi_ram.v:104$857_DATA[31:0]$876 [31:24], Q = \mem[350] [31:24]).
Adding EN signal on $memory\mem[34]$6635 ($dff) from module axi_ram (D = $0$memwr$\mem$rtl/axi_ram.v:97$854_DATA[31:0]$867 [7:0], Q = \mem[34] [7:0]).
Adding EN signal on $memory\mem[34]$6635 ($dff) from module axi_ram (D = $0$memwr$\mem$rtl/axi_ram.v:100$855_DATA[31:0]$870 [15:8], Q = \mem[34] [15:8]).
Adding EN signal on $memory\mem[34]$6635 ($dff) from module axi_ram (D = $0$memwr$\mem$rtl/axi_ram.v:102$856_DATA[31:0]$873 [23:16], Q = \mem[34] [23:16]).
Adding EN signal on $memory\mem[34]$6635 ($dff) from module axi_ram (D = $0$memwr$\mem$rtl/axi_ram.v:104$857_DATA[31:0]$876 [31:24], Q = \mem[34] [31:24]).
Adding EN signal on $memory\mem[349]$7265 ($dff) from module axi_ram (D = $0$memwr$\mem$rtl/axi_ram.v:97$854_DATA[31:0]$867 [7:0], Q = \mem[349] [7:0]).
Adding EN signal on $memory\mem[349]$7265 ($dff) from module axi_ram (D = $0$memwr$\mem$rtl/axi_ram.v:100$855_DATA[31:0]$870 [15:8], Q = \mem[349] [15:8]).
Adding EN signal on $memory\mem[349]$7265 ($dff) from module axi_ram (D = $0$memwr$\mem$rtl/axi_ram.v:102$856_DATA[31:0]$873 [23:16], Q = \mem[349] [23:16]).
Adding EN signal on $memory\mem[349]$7265 ($dff) from module axi_ram (D = $0$memwr$\mem$rtl/axi_ram.v:104$857_DATA[31:0]$876 [31:24], Q = \mem[349] [31:24]).
Adding EN signal on $memory\mem[348]$7263 ($dff) from module axi_ram (D = $0$memwr$\mem$rtl/axi_ram.v:97$854_DATA[31:0]$867 [7:0], Q = \mem[348] [7:0]).
Adding EN signal on $memory\mem[348]$7263 ($dff) from module axi_ram (D = $0$memwr$\mem$rtl/axi_ram.v:100$855_DATA[31:0]$870 [15:8], Q = \mem[348] [15:8]).
Adding EN signal on $memory\mem[348]$7263 ($dff) from module axi_ram (D = $0$memwr$\mem$rtl/axi_ram.v:102$856_DATA[31:0]$873 [23:16], Q = \mem[348] [23:16]).
Adding EN signal on $memory\mem[348]$7263 ($dff) from module axi_ram (D = $0$memwr$\mem$rtl/axi_ram.v:104$857_DATA[31:0]$876 [31:24], Q = \mem[348] [31:24]).
Adding EN signal on $memory\mem[347]$7261 ($dff) from module axi_ram (D = $0$memwr$\mem$rtl/axi_ram.v:97$854_DATA[31:0]$867 [7:0], Q = \mem[347] [7:0]).
Adding EN signal on $memory\mem[347]$7261 ($dff) from module axi_ram (D = $0$memwr$\mem$rtl/axi_ram.v:100$855_DATA[31:0]$870 [15:8], Q = \mem[347] [15:8]).
Adding EN signal on $memory\mem[347]$7261 ($dff) from module axi_ram (D = $0$memwr$\mem$rtl/axi_ram.v:102$856_DATA[31:0]$873 [23:16], Q = \mem[347] [23:16]).
Adding EN signal on $memory\mem[347]$7261 ($dff) from module axi_ram (D = $0$memwr$\mem$rtl/axi_ram.v:104$857_DATA[31:0]$876 [31:24], Q = \mem[347] [31:24]).
Adding EN signal on $memory\mem[346]$7259 ($dff) from module axi_ram (D = $0$memwr$\mem$rtl/axi_ram.v:97$854_DATA[31:0]$867 [7:0], Q = \mem[346] [7:0]).
Adding EN signal on $memory\mem[346]$7259 ($dff) from module axi_ram (D = $0$memwr$\mem$rtl/axi_ram.v:100$855_DATA[31:0]$870 [15:8], Q = \mem[346] [15:8]).
Adding EN signal on $memory\mem[346]$7259 ($dff) from module axi_ram (D = $0$memwr$\mem$rtl/axi_ram.v:102$856_DATA[31:0]$873 [23:16], Q = \mem[346] [23:16]).
Adding EN signal on $memory\mem[346]$7259 ($dff) from module axi_ram (D = $0$memwr$\mem$rtl/axi_ram.v:104$857_DATA[31:0]$876 [31:24], Q = \mem[346] [31:24]).
Adding EN signal on $memory\mem[345]$7257 ($dff) from module axi_ram (D = $0$memwr$\mem$rtl/axi_ram.v:97$854_DATA[31:0]$867 [7:0], Q = \mem[345] [7:0]).
Adding EN signal on $memory\mem[345]$7257 ($dff) from module axi_ram (D = $0$memwr$\mem$rtl/axi_ram.v:100$855_DATA[31:0]$870 [15:8], Q = \mem[345] [15:8]).
Adding EN signal on $memory\mem[345]$7257 ($dff) from module axi_ram (D = $0$memwr$\mem$rtl/axi_ram.v:102$856_DATA[31:0]$873 [23:16], Q = \mem[345] [23:16]).
Adding EN signal on $memory\mem[345]$7257 ($dff) from module axi_ram (D = $0$memwr$\mem$rtl/axi_ram.v:104$857_DATA[31:0]$876 [31:24], Q = \mem[345] [31:24]).
Adding EN signal on $memory\mem[344]$7255 ($dff) from module axi_ram (D = $0$memwr$\mem$rtl/axi_ram.v:97$854_DATA[31:0]$867 [7:0], Q = \mem[344] [7:0]).
Adding EN signal on $memory\mem[344]$7255 ($dff) from module axi_ram (D = $0$memwr$\mem$rtl/axi_ram.v:100$855_DATA[31:0]$870 [15:8], Q = \mem[344] [15:8]).
Adding EN signal on $memory\mem[344]$7255 ($dff) from module axi_ram (D = $0$memwr$\mem$rtl/axi_ram.v:102$856_DATA[31:0]$873 [23:16], Q = \mem[344] [23:16]).
Adding EN signal on $memory\mem[344]$7255 ($dff) from module axi_ram (D = $0$memwr$\mem$rtl/axi_ram.v:104$857_DATA[31:0]$876 [31:24], Q = \mem[344] [31:24]).
Adding EN signal on $memory\mem[343]$7253 ($dff) from module axi_ram (D = $0$memwr$\mem$rtl/axi_ram.v:97$854_DATA[31:0]$867 [7:0], Q = \mem[343] [7:0]).
Adding EN signal on $memory\mem[343]$7253 ($dff) from module axi_ram (D = $0$memwr$\mem$rtl/axi_ram.v:100$855_DATA[31:0]$870 [15:8], Q = \mem[343] [15:8]).
Adding EN signal on $memory\mem[343]$7253 ($dff) from module axi_ram (D = $0$memwr$\mem$rtl/axi_ram.v:102$856_DATA[31:0]$873 [23:16], Q = \mem[343] [23:16]).
Adding EN signal on $memory\mem[343]$7253 ($dff) from module axi_ram (D = $0$memwr$\mem$rtl/axi_ram.v:104$857_DATA[31:0]$876 [31:24], Q = \mem[343] [31:24]).
Adding EN signal on $memory\mem[342]$7251 ($dff) from module axi_ram (D = $0$memwr$\mem$rtl/axi_ram.v:97$854_DATA[31:0]$867 [7:0], Q = \mem[342] [7:0]).
Adding EN signal on $memory\mem[342]$7251 ($dff) from module axi_ram (D = $0$memwr$\mem$rtl/axi_ram.v:100$855_DATA[31:0]$870 [15:8], Q = \mem[342] [15:8]).
Adding EN signal on $memory\mem[342]$7251 ($dff) from module axi_ram (D = $0$memwr$\mem$rtl/axi_ram.v:102$856_DATA[31:0]$873 [23:16], Q = \mem[342] [23:16]).
Adding EN signal on $memory\mem[342]$7251 ($dff) from module axi_ram (D = $0$memwr$\mem$rtl/axi_ram.v:104$857_DATA[31:0]$876 [31:24], Q = \mem[342] [31:24]).
Adding EN signal on $memory\mem[341]$7249 ($dff) from module axi_ram (D = $0$memwr$\mem$rtl/axi_ram.v:97$854_DATA[31:0]$867 [7:0], Q = \mem[341] [7:0]).
Adding EN signal on $memory\mem[341]$7249 ($dff) from module axi_ram (D = $0$memwr$\mem$rtl/axi_ram.v:100$855_DATA[31:0]$870 [15:8], Q = \mem[341] [15:8]).
Adding EN signal on $memory\mem[341]$7249 ($dff) from module axi_ram (D = $0$memwr$\mem$rtl/axi_ram.v:102$856_DATA[31:0]$873 [23:16], Q = \mem[341] [23:16]).
Adding EN signal on $memory\mem[341]$7249 ($dff) from module axi_ram (D = $0$memwr$\mem$rtl/axi_ram.v:104$857_DATA[31:0]$876 [31:24], Q = \mem[341] [31:24]).
Adding EN signal on $memory\mem[340]$7247 ($dff) from module axi_ram (D = $0$memwr$\mem$rtl/axi_ram.v:97$854_DATA[31:0]$867 [7:0], Q = \mem[340] [7:0]).
Adding EN signal on $memory\mem[340]$7247 ($dff) from module axi_ram (D = $0$memwr$\mem$rtl/axi_ram.v:100$855_DATA[31:0]$870 [15:8], Q = \mem[340] [15:8]).
Adding EN signal on $memory\mem[340]$7247 ($dff) from module axi_ram (D = $0$memwr$\mem$rtl/axi_ram.v:102$856_DATA[31:0]$873 [23:16], Q = \mem[340] [23:16]).
Adding EN signal on $memory\mem[340]$7247 ($dff) from module axi_ram (D = $0$memwr$\mem$rtl/axi_ram.v:104$857_DATA[31:0]$876 [31:24], Q = \mem[340] [31:24]).
Adding EN signal on $memory\mem[33]$6633 ($dff) from module axi_ram (D = $0$memwr$\mem$rtl/axi_ram.v:97$854_DATA[31:0]$867 [7:0], Q = \mem[33] [7:0]).
Adding EN signal on $memory\mem[33]$6633 ($dff) from module axi_ram (D = $0$memwr$\mem$rtl/axi_ram.v:100$855_DATA[31:0]$870 [15:8], Q = \mem[33] [15:8]).
Adding EN signal on $memory\mem[33]$6633 ($dff) from module axi_ram (D = $0$memwr$\mem$rtl/axi_ram.v:102$856_DATA[31:0]$873 [23:16], Q = \mem[33] [23:16]).
Adding EN signal on $memory\mem[33]$6633 ($dff) from module axi_ram (D = $0$memwr$\mem$rtl/axi_ram.v:104$857_DATA[31:0]$876 [31:24], Q = \mem[33] [31:24]).
Adding EN signal on $memory\mem[339]$7245 ($dff) from module axi_ram (D = $0$memwr$\mem$rtl/axi_ram.v:97$854_DATA[31:0]$867 [7:0], Q = \mem[339] [7:0]).
Adding EN signal on $memory\mem[339]$7245 ($dff) from module axi_ram (D = $0$memwr$\mem$rtl/axi_ram.v:100$855_DATA[31:0]$870 [15:8], Q = \mem[339] [15:8]).
Adding EN signal on $memory\mem[339]$7245 ($dff) from module axi_ram (D = $0$memwr$\mem$rtl/axi_ram.v:102$856_DATA[31:0]$873 [23:16], Q = \mem[339] [23:16]).
Adding EN signal on $memory\mem[339]$7245 ($dff) from module axi_ram (D = $0$memwr$\mem$rtl/axi_ram.v:104$857_DATA[31:0]$876 [31:24], Q = \mem[339] [31:24]).
Adding EN signal on $memory\mem[338]$7243 ($dff) from module axi_ram (D = $0$memwr$\mem$rtl/axi_ram.v:97$854_DATA[31:0]$867 [7:0], Q = \mem[338] [7:0]).
Adding EN signal on $memory\mem[338]$7243 ($dff) from module axi_ram (D = $0$memwr$\mem$rtl/axi_ram.v:100$855_DATA[31:0]$870 [15:8], Q = \mem[338] [15:8]).
Adding EN signal on $memory\mem[338]$7243 ($dff) from module axi_ram (D = $0$memwr$\mem$rtl/axi_ram.v:102$856_DATA[31:0]$873 [23:16], Q = \mem[338] [23:16]).
Adding EN signal on $memory\mem[338]$7243 ($dff) from module axi_ram (D = $0$memwr$\mem$rtl/axi_ram.v:104$857_DATA[31:0]$876 [31:24], Q = \mem[338] [31:24]).
Adding EN signal on $memory\mem[337]$7241 ($dff) from module axi_ram (D = $0$memwr$\mem$rtl/axi_ram.v:97$854_DATA[31:0]$867 [7:0], Q = \mem[337] [7:0]).
Adding EN signal on $memory\mem[337]$7241 ($dff) from module axi_ram (D = $0$memwr$\mem$rtl/axi_ram.v:100$855_DATA[31:0]$870 [15:8], Q = \mem[337] [15:8]).
Adding EN signal on $memory\mem[337]$7241 ($dff) from module axi_ram (D = $0$memwr$\mem$rtl/axi_ram.v:102$856_DATA[31:0]$873 [23:16], Q = \mem[337] [23:16]).
Adding EN signal on $memory\mem[337]$7241 ($dff) from module axi_ram (D = $0$memwr$\mem$rtl/axi_ram.v:104$857_DATA[31:0]$876 [31:24], Q = \mem[337] [31:24]).
Adding EN signal on $memory\mem[336]$7239 ($dff) from module axi_ram (D = $0$memwr$\mem$rtl/axi_ram.v:97$854_DATA[31:0]$867 [7:0], Q = \mem[336] [7:0]).
Adding EN signal on $memory\mem[336]$7239 ($dff) from module axi_ram (D = $0$memwr$\mem$rtl/axi_ram.v:100$855_DATA[31:0]$870 [15:8], Q = \mem[336] [15:8]).
Adding EN signal on $memory\mem[336]$7239 ($dff) from module axi_ram (D = $0$memwr$\mem$rtl/axi_ram.v:102$856_DATA[31:0]$873 [23:16], Q = \mem[336] [23:16]).
Adding EN signal on $memory\mem[336]$7239 ($dff) from module axi_ram (D = $0$memwr$\mem$rtl/axi_ram.v:104$857_DATA[31:0]$876 [31:24], Q = \mem[336] [31:24]).
Adding EN signal on $memory\mem[335]$7237 ($dff) from module axi_ram (D = $0$memwr$\mem$rtl/axi_ram.v:97$854_DATA[31:0]$867 [7:0], Q = \mem[335] [7:0]).
Adding EN signal on $memory\mem[335]$7237 ($dff) from module axi_ram (D = $0$memwr$\mem$rtl/axi_ram.v:100$855_DATA[31:0]$870 [15:8], Q = \mem[335] [15:8]).
Adding EN signal on $memory\mem[335]$7237 ($dff) from module axi_ram (D = $0$memwr$\mem$rtl/axi_ram.v:102$856_DATA[31:0]$873 [23:16], Q = \mem[335] [23:16]).
Adding EN signal on $memory\mem[335]$7237 ($dff) from module axi_ram (D = $0$memwr$\mem$rtl/axi_ram.v:104$857_DATA[31:0]$876 [31:24], Q = \mem[335] [31:24]).
Adding EN signal on $memory\mem[334]$7235 ($dff) from module axi_ram (D = $0$memwr$\mem$rtl/axi_ram.v:97$854_DATA[31:0]$867 [7:0], Q = \mem[334] [7:0]).
Adding EN signal on $memory\mem[334]$7235 ($dff) from module axi_ram (D = $0$memwr$\mem$rtl/axi_ram.v:100$855_DATA[31:0]$870 [15:8], Q = \mem[334] [15:8]).
Adding EN signal on $memory\mem[334]$7235 ($dff) from module axi_ram (D = $0$memwr$\mem$rtl/axi_ram.v:102$856_DATA[31:0]$873 [23:16], Q = \mem[334] [23:16]).
Adding EN signal on $memory\mem[334]$7235 ($dff) from module axi_ram (D = $0$memwr$\mem$rtl/axi_ram.v:104$857_DATA[31:0]$876 [31:24], Q = \mem[334] [31:24]).
Adding EN signal on $memory\mem[333]$7233 ($dff) from module axi_ram (D = $0$memwr$\mem$rtl/axi_ram.v:97$854_DATA[31:0]$867 [7:0], Q = \mem[333] [7:0]).
Adding EN signal on $memory\mem[333]$7233 ($dff) from module axi_ram (D = $0$memwr$\mem$rtl/axi_ram.v:100$855_DATA[31:0]$870 [15:8], Q = \mem[333] [15:8]).
Adding EN signal on $memory\mem[333]$7233 ($dff) from module axi_ram (D = $0$memwr$\mem$rtl/axi_ram.v:102$856_DATA[31:0]$873 [23:16], Q = \mem[333] [23:16]).
Adding EN signal on $memory\mem[333]$7233 ($dff) from module axi_ram (D = $0$memwr$\mem$rtl/axi_ram.v:104$857_DATA[31:0]$876 [31:24], Q = \mem[333] [31:24]).
Adding EN signal on $memory\mem[332]$7231 ($dff) from module axi_ram (D = $0$memwr$\mem$rtl/axi_ram.v:97$854_DATA[31:0]$867 [7:0], Q = \mem[332] [7:0]).
Adding EN signal on $memory\mem[332]$7231 ($dff) from module axi_ram (D = $0$memwr$\mem$rtl/axi_ram.v:100$855_DATA[31:0]$870 [15:8], Q = \mem[332] [15:8]).
Adding EN signal on $memory\mem[332]$7231 ($dff) from module axi_ram (D = $0$memwr$\mem$rtl/axi_ram.v:102$856_DATA[31:0]$873 [23:16], Q = \mem[332] [23:16]).
Adding EN signal on $memory\mem[332]$7231 ($dff) from module axi_ram (D = $0$memwr$\mem$rtl/axi_ram.v:104$857_DATA[31:0]$876 [31:24], Q = \mem[332] [31:24]).
Adding EN signal on $memory\mem[331]$7229 ($dff) from module axi_ram (D = $0$memwr$\mem$rtl/axi_ram.v:97$854_DATA[31:0]$867 [7:0], Q = \mem[331] [7:0]).
Adding EN signal on $memory\mem[331]$7229 ($dff) from module axi_ram (D = $0$memwr$\mem$rtl/axi_ram.v:100$855_DATA[31:0]$870 [15:8], Q = \mem[331] [15:8]).
Adding EN signal on $memory\mem[331]$7229 ($dff) from module axi_ram (D = $0$memwr$\mem$rtl/axi_ram.v:102$856_DATA[31:0]$873 [23:16], Q = \mem[331] [23:16]).
Adding EN signal on $memory\mem[331]$7229 ($dff) from module axi_ram (D = $0$memwr$\mem$rtl/axi_ram.v:104$857_DATA[31:0]$876 [31:24], Q = \mem[331] [31:24]).
Adding EN signal on $memory\mem[330]$7227 ($dff) from module axi_ram (D = $0$memwr$\mem$rtl/axi_ram.v:97$854_DATA[31:0]$867 [7:0], Q = \mem[330] [7:0]).
Adding EN signal on $memory\mem[330]$7227 ($dff) from module axi_ram (D = $0$memwr$\mem$rtl/axi_ram.v:100$855_DATA[31:0]$870 [15:8], Q = \mem[330] [15:8]).
Adding EN signal on $memory\mem[330]$7227 ($dff) from module axi_ram (D = $0$memwr$\mem$rtl/axi_ram.v:102$856_DATA[31:0]$873 [23:16], Q = \mem[330] [23:16]).
Adding EN signal on $memory\mem[330]$7227 ($dff) from module axi_ram (D = $0$memwr$\mem$rtl/axi_ram.v:104$857_DATA[31:0]$876 [31:24], Q = \mem[330] [31:24]).
Adding EN signal on $memory\mem[32]$6631 ($dff) from module axi_ram (D = $0$memwr$\mem$rtl/axi_ram.v:97$854_DATA[31:0]$867 [7:0], Q = \mem[32] [7:0]).
Adding EN signal on $memory\mem[32]$6631 ($dff) from module axi_ram (D = $0$memwr$\mem$rtl/axi_ram.v:100$855_DATA[31:0]$870 [15:8], Q = \mem[32] [15:8]).
Adding EN signal on $memory\mem[32]$6631 ($dff) from module axi_ram (D = $0$memwr$\mem$rtl/axi_ram.v:102$856_DATA[31:0]$873 [23:16], Q = \mem[32] [23:16]).
Adding EN signal on $memory\mem[32]$6631 ($dff) from module axi_ram (D = $0$memwr$\mem$rtl/axi_ram.v:104$857_DATA[31:0]$876 [31:24], Q = \mem[32] [31:24]).
Adding EN signal on $memory\mem[329]$7225 ($dff) from module axi_ram (D = $0$memwr$\mem$rtl/axi_ram.v:97$854_DATA[31:0]$867 [7:0], Q = \mem[329] [7:0]).
Adding EN signal on $memory\mem[329]$7225 ($dff) from module axi_ram (D = $0$memwr$\mem$rtl/axi_ram.v:100$855_DATA[31:0]$870 [15:8], Q = \mem[329] [15:8]).
Adding EN signal on $memory\mem[329]$7225 ($dff) from module axi_ram (D = $0$memwr$\mem$rtl/axi_ram.v:102$856_DATA[31:0]$873 [23:16], Q = \mem[329] [23:16]).
Adding EN signal on $memory\mem[329]$7225 ($dff) from module axi_ram (D = $0$memwr$\mem$rtl/axi_ram.v:104$857_DATA[31:0]$876 [31:24], Q = \mem[329] [31:24]).
Adding EN signal on $memory\mem[328]$7223 ($dff) from module axi_ram (D = $0$memwr$\mem$rtl/axi_ram.v:97$854_DATA[31:0]$867 [7:0], Q = \mem[328] [7:0]).
Adding EN signal on $memory\mem[328]$7223 ($dff) from module axi_ram (D = $0$memwr$\mem$rtl/axi_ram.v:100$855_DATA[31:0]$870 [15:8], Q = \mem[328] [15:8]).
Adding EN signal on $memory\mem[328]$7223 ($dff) from module axi_ram (D = $0$memwr$\mem$rtl/axi_ram.v:102$856_DATA[31:0]$873 [23:16], Q = \mem[328] [23:16]).
Adding EN signal on $memory\mem[328]$7223 ($dff) from module axi_ram (D = $0$memwr$\mem$rtl/axi_ram.v:104$857_DATA[31:0]$876 [31:24], Q = \mem[328] [31:24]).
Adding EN signal on $memory\mem[327]$7221 ($dff) from module axi_ram (D = $0$memwr$\mem$rtl/axi_ram.v:97$854_DATA[31:0]$867 [7:0], Q = \mem[327] [7:0]).
Adding EN signal on $memory\mem[327]$7221 ($dff) from module axi_ram (D = $0$memwr$\mem$rtl/axi_ram.v:100$855_DATA[31:0]$870 [15:8], Q = \mem[327] [15:8]).
Adding EN signal on $memory\mem[327]$7221 ($dff) from module axi_ram (D = $0$memwr$\mem$rtl/axi_ram.v:102$856_DATA[31:0]$873 [23:16], Q = \mem[327] [23:16]).
Adding EN signal on $memory\mem[327]$7221 ($dff) from module axi_ram (D = $0$memwr$\mem$rtl/axi_ram.v:104$857_DATA[31:0]$876 [31:24], Q = \mem[327] [31:24]).
Adding EN signal on $memory\mem[326]$7219 ($dff) from module axi_ram (D = $0$memwr$\mem$rtl/axi_ram.v:97$854_DATA[31:0]$867 [7:0], Q = \mem[326] [7:0]).
Adding EN signal on $memory\mem[326]$7219 ($dff) from module axi_ram (D = $0$memwr$\mem$rtl/axi_ram.v:100$855_DATA[31:0]$870 [15:8], Q = \mem[326] [15:8]).
Adding EN signal on $memory\mem[326]$7219 ($dff) from module axi_ram (D = $0$memwr$\mem$rtl/axi_ram.v:102$856_DATA[31:0]$873 [23:16], Q = \mem[326] [23:16]).
Adding EN signal on $memory\mem[326]$7219 ($dff) from module axi_ram (D = $0$memwr$\mem$rtl/axi_ram.v:104$857_DATA[31:0]$876 [31:24], Q = \mem[326] [31:24]).
Adding EN signal on $memory\mem[325]$7217 ($dff) from module axi_ram (D = $0$memwr$\mem$rtl/axi_ram.v:97$854_DATA[31:0]$867 [7:0], Q = \mem[325] [7:0]).
Adding EN signal on $memory\mem[325]$7217 ($dff) from module axi_ram (D = $0$memwr$\mem$rtl/axi_ram.v:100$855_DATA[31:0]$870 [15:8], Q = \mem[325] [15:8]).
Adding EN signal on $memory\mem[325]$7217 ($dff) from module axi_ram (D = $0$memwr$\mem$rtl/axi_ram.v:102$856_DATA[31:0]$873 [23:16], Q = \mem[325] [23:16]).
Adding EN signal on $memory\mem[325]$7217 ($dff) from module axi_ram (D = $0$memwr$\mem$rtl/axi_ram.v:104$857_DATA[31:0]$876 [31:24], Q = \mem[325] [31:24]).
Adding EN signal on $memory\mem[324]$7215 ($dff) from module axi_ram (D = $0$memwr$\mem$rtl/axi_ram.v:97$854_DATA[31:0]$867 [7:0], Q = \mem[324] [7:0]).
Adding EN signal on $memory\mem[324]$7215 ($dff) from module axi_ram (D = $0$memwr$\mem$rtl/axi_ram.v:100$855_DATA[31:0]$870 [15:8], Q = \mem[324] [15:8]).
Adding EN signal on $memory\mem[324]$7215 ($dff) from module axi_ram (D = $0$memwr$\mem$rtl/axi_ram.v:102$856_DATA[31:0]$873 [23:16], Q = \mem[324] [23:16]).
Adding EN signal on $memory\mem[324]$7215 ($dff) from module axi_ram (D = $0$memwr$\mem$rtl/axi_ram.v:104$857_DATA[31:0]$876 [31:24], Q = \mem[324] [31:24]).
Adding EN signal on $memory\mem[323]$7213 ($dff) from module axi_ram (D = $0$memwr$\mem$rtl/axi_ram.v:97$854_DATA[31:0]$867 [7:0], Q = \mem[323] [7:0]).
Adding EN signal on $memory\mem[323]$7213 ($dff) from module axi_ram (D = $0$memwr$\mem$rtl/axi_ram.v:100$855_DATA[31:0]$870 [15:8], Q = \mem[323] [15:8]).
Adding EN signal on $memory\mem[323]$7213 ($dff) from module axi_ram (D = $0$memwr$\mem$rtl/axi_ram.v:102$856_DATA[31:0]$873 [23:16], Q = \mem[323] [23:16]).
Adding EN signal on $memory\mem[323]$7213 ($dff) from module axi_ram (D = $0$memwr$\mem$rtl/axi_ram.v:104$857_DATA[31:0]$876 [31:24], Q = \mem[323] [31:24]).
Adding EN signal on $memory\mem[322]$7211 ($dff) from module axi_ram (D = $0$memwr$\mem$rtl/axi_ram.v:97$854_DATA[31:0]$867 [7:0], Q = \mem[322] [7:0]).
Adding EN signal on $memory\mem[322]$7211 ($dff) from module axi_ram (D = $0$memwr$\mem$rtl/axi_ram.v:100$855_DATA[31:0]$870 [15:8], Q = \mem[322] [15:8]).
Adding EN signal on $memory\mem[322]$7211 ($dff) from module axi_ram (D = $0$memwr$\mem$rtl/axi_ram.v:102$856_DATA[31:0]$873 [23:16], Q = \mem[322] [23:16]).
Adding EN signal on $memory\mem[322]$7211 ($dff) from module axi_ram (D = $0$memwr$\mem$rtl/axi_ram.v:104$857_DATA[31:0]$876 [31:24], Q = \mem[322] [31:24]).
Adding EN signal on $memory\mem[321]$7209 ($dff) from module axi_ram (D = $0$memwr$\mem$rtl/axi_ram.v:97$854_DATA[31:0]$867 [7:0], Q = \mem[321] [7:0]).
Adding EN signal on $memory\mem[321]$7209 ($dff) from module axi_ram (D = $0$memwr$\mem$rtl/axi_ram.v:100$855_DATA[31:0]$870 [15:8], Q = \mem[321] [15:8]).
Adding EN signal on $memory\mem[321]$7209 ($dff) from module axi_ram (D = $0$memwr$\mem$rtl/axi_ram.v:102$856_DATA[31:0]$873 [23:16], Q = \mem[321] [23:16]).
Adding EN signal on $memory\mem[321]$7209 ($dff) from module axi_ram (D = $0$memwr$\mem$rtl/axi_ram.v:104$857_DATA[31:0]$876 [31:24], Q = \mem[321] [31:24]).
Adding EN signal on $memory\mem[320]$7207 ($dff) from module axi_ram (D = $0$memwr$\mem$rtl/axi_ram.v:97$854_DATA[31:0]$867 [7:0], Q = \mem[320] [7:0]).
Adding EN signal on $memory\mem[320]$7207 ($dff) from module axi_ram (D = $0$memwr$\mem$rtl/axi_ram.v:100$855_DATA[31:0]$870 [15:8], Q = \mem[320] [15:8]).
Adding EN signal on $memory\mem[320]$7207 ($dff) from module axi_ram (D = $0$memwr$\mem$rtl/axi_ram.v:102$856_DATA[31:0]$873 [23:16], Q = \mem[320] [23:16]).
Adding EN signal on $memory\mem[320]$7207 ($dff) from module axi_ram (D = $0$memwr$\mem$rtl/axi_ram.v:104$857_DATA[31:0]$876 [31:24], Q = \mem[320] [31:24]).
Adding EN signal on $memory\mem[31]$6629 ($dff) from module axi_ram (D = $0$memwr$\mem$rtl/axi_ram.v:97$854_DATA[31:0]$867 [7:0], Q = \mem[31] [7:0]).
Adding EN signal on $memory\mem[31]$6629 ($dff) from module axi_ram (D = $0$memwr$\mem$rtl/axi_ram.v:100$855_DATA[31:0]$870 [15:8], Q = \mem[31] [15:8]).
Adding EN signal on $memory\mem[31]$6629 ($dff) from module axi_ram (D = $0$memwr$\mem$rtl/axi_ram.v:102$856_DATA[31:0]$873 [23:16], Q = \mem[31] [23:16]).
Adding EN signal on $memory\mem[31]$6629 ($dff) from module axi_ram (D = $0$memwr$\mem$rtl/axi_ram.v:104$857_DATA[31:0]$876 [31:24], Q = \mem[31] [31:24]).
Adding EN signal on $memory\mem[319]$7205 ($dff) from module axi_ram (D = $0$memwr$\mem$rtl/axi_ram.v:97$854_DATA[31:0]$867 [7:0], Q = \mem[319] [7:0]).
Adding EN signal on $memory\mem[319]$7205 ($dff) from module axi_ram (D = $0$memwr$\mem$rtl/axi_ram.v:100$855_DATA[31:0]$870 [15:8], Q = \mem[319] [15:8]).
Adding EN signal on $memory\mem[319]$7205 ($dff) from module axi_ram (D = $0$memwr$\mem$rtl/axi_ram.v:102$856_DATA[31:0]$873 [23:16], Q = \mem[319] [23:16]).
Adding EN signal on $memory\mem[319]$7205 ($dff) from module axi_ram (D = $0$memwr$\mem$rtl/axi_ram.v:104$857_DATA[31:0]$876 [31:24], Q = \mem[319] [31:24]).
Adding EN signal on $memory\mem[318]$7203 ($dff) from module axi_ram (D = $0$memwr$\mem$rtl/axi_ram.v:97$854_DATA[31:0]$867 [7:0], Q = \mem[318] [7:0]).
Adding EN signal on $memory\mem[318]$7203 ($dff) from module axi_ram (D = $0$memwr$\mem$rtl/axi_ram.v:100$855_DATA[31:0]$870 [15:8], Q = \mem[318] [15:8]).
Adding EN signal on $memory\mem[318]$7203 ($dff) from module axi_ram (D = $0$memwr$\mem$rtl/axi_ram.v:102$856_DATA[31:0]$873 [23:16], Q = \mem[318] [23:16]).
Adding EN signal on $memory\mem[318]$7203 ($dff) from module axi_ram (D = $0$memwr$\mem$rtl/axi_ram.v:104$857_DATA[31:0]$876 [31:24], Q = \mem[318] [31:24]).
Adding EN signal on $memory\mem[317]$7201 ($dff) from module axi_ram (D = $0$memwr$\mem$rtl/axi_ram.v:97$854_DATA[31:0]$867 [7:0], Q = \mem[317] [7:0]).
Adding EN signal on $memory\mem[317]$7201 ($dff) from module axi_ram (D = $0$memwr$\mem$rtl/axi_ram.v:100$855_DATA[31:0]$870 [15:8], Q = \mem[317] [15:8]).
Adding EN signal on $memory\mem[317]$7201 ($dff) from module axi_ram (D = $0$memwr$\mem$rtl/axi_ram.v:102$856_DATA[31:0]$873 [23:16], Q = \mem[317] [23:16]).
Adding EN signal on $memory\mem[317]$7201 ($dff) from module axi_ram (D = $0$memwr$\mem$rtl/axi_ram.v:104$857_DATA[31:0]$876 [31:24], Q = \mem[317] [31:24]).
Adding EN signal on $memory\mem[316]$7199 ($dff) from module axi_ram (D = $0$memwr$\mem$rtl/axi_ram.v:97$854_DATA[31:0]$867 [7:0], Q = \mem[316] [7:0]).
Adding EN signal on $memory\mem[316]$7199 ($dff) from module axi_ram (D = $0$memwr$\mem$rtl/axi_ram.v:100$855_DATA[31:0]$870 [15:8], Q = \mem[316] [15:8]).
Adding EN signal on $memory\mem[316]$7199 ($dff) from module axi_ram (D = $0$memwr$\mem$rtl/axi_ram.v:102$856_DATA[31:0]$873 [23:16], Q = \mem[316] [23:16]).
Adding EN signal on $memory\mem[316]$7199 ($dff) from module axi_ram (D = $0$memwr$\mem$rtl/axi_ram.v:104$857_DATA[31:0]$876 [31:24], Q = \mem[316] [31:24]).
Adding EN signal on $memory\mem[315]$7197 ($dff) from module axi_ram (D = $0$memwr$\mem$rtl/axi_ram.v:97$854_DATA[31:0]$867 [7:0], Q = \mem[315] [7:0]).
Adding EN signal on $memory\mem[315]$7197 ($dff) from module axi_ram (D = $0$memwr$\mem$rtl/axi_ram.v:100$855_DATA[31:0]$870 [15:8], Q = \mem[315] [15:8]).
Adding EN signal on $memory\mem[315]$7197 ($dff) from module axi_ram (D = $0$memwr$\mem$rtl/axi_ram.v:102$856_DATA[31:0]$873 [23:16], Q = \mem[315] [23:16]).
Adding EN signal on $memory\mem[315]$7197 ($dff) from module axi_ram (D = $0$memwr$\mem$rtl/axi_ram.v:104$857_DATA[31:0]$876 [31:24], Q = \mem[315] [31:24]).
Adding EN signal on $memory\mem[314]$7195 ($dff) from module axi_ram (D = $0$memwr$\mem$rtl/axi_ram.v:97$854_DATA[31:0]$867 [7:0], Q = \mem[314] [7:0]).
Adding EN signal on $memory\mem[314]$7195 ($dff) from module axi_ram (D = $0$memwr$\mem$rtl/axi_ram.v:100$855_DATA[31:0]$870 [15:8], Q = \mem[314] [15:8]).
Adding EN signal on $memory\mem[314]$7195 ($dff) from module axi_ram (D = $0$memwr$\mem$rtl/axi_ram.v:102$856_DATA[31:0]$873 [23:16], Q = \mem[314] [23:16]).
Adding EN signal on $memory\mem[314]$7195 ($dff) from module axi_ram (D = $0$memwr$\mem$rtl/axi_ram.v:104$857_DATA[31:0]$876 [31:24], Q = \mem[314] [31:24]).
Adding EN signal on $memory\mem[313]$7193 ($dff) from module axi_ram (D = $0$memwr$\mem$rtl/axi_ram.v:97$854_DATA[31:0]$867 [7:0], Q = \mem[313] [7:0]).
Adding EN signal on $memory\mem[313]$7193 ($dff) from module axi_ram (D = $0$memwr$\mem$rtl/axi_ram.v:100$855_DATA[31:0]$870 [15:8], Q = \mem[313] [15:8]).
Adding EN signal on $memory\mem[313]$7193 ($dff) from module axi_ram (D = $0$memwr$\mem$rtl/axi_ram.v:102$856_DATA[31:0]$873 [23:16], Q = \mem[313] [23:16]).
Adding EN signal on $memory\mem[313]$7193 ($dff) from module axi_ram (D = $0$memwr$\mem$rtl/axi_ram.v:104$857_DATA[31:0]$876 [31:24], Q = \mem[313] [31:24]).
Adding EN signal on $memory\mem[312]$7191 ($dff) from module axi_ram (D = $0$memwr$\mem$rtl/axi_ram.v:97$854_DATA[31:0]$867 [7:0], Q = \mem[312] [7:0]).
Adding EN signal on $memory\mem[312]$7191 ($dff) from module axi_ram (D = $0$memwr$\mem$rtl/axi_ram.v:100$855_DATA[31:0]$870 [15:8], Q = \mem[312] [15:8]).
Adding EN signal on $memory\mem[312]$7191 ($dff) from module axi_ram (D = $0$memwr$\mem$rtl/axi_ram.v:102$856_DATA[31:0]$873 [23:16], Q = \mem[312] [23:16]).
Adding EN signal on $memory\mem[312]$7191 ($dff) from module axi_ram (D = $0$memwr$\mem$rtl/axi_ram.v:104$857_DATA[31:0]$876 [31:24], Q = \mem[312] [31:24]).
Adding EN signal on $memory\mem[311]$7189 ($dff) from module axi_ram (D = $0$memwr$\mem$rtl/axi_ram.v:97$854_DATA[31:0]$867 [7:0], Q = \mem[311] [7:0]).
Adding EN signal on $memory\mem[311]$7189 ($dff) from module axi_ram (D = $0$memwr$\mem$rtl/axi_ram.v:100$855_DATA[31:0]$870 [15:8], Q = \mem[311] [15:8]).
Adding EN signal on $memory\mem[311]$7189 ($dff) from module axi_ram (D = $0$memwr$\mem$rtl/axi_ram.v:102$856_DATA[31:0]$873 [23:16], Q = \mem[311] [23:16]).
Adding EN signal on $memory\mem[311]$7189 ($dff) from module axi_ram (D = $0$memwr$\mem$rtl/axi_ram.v:104$857_DATA[31:0]$876 [31:24], Q = \mem[311] [31:24]).
Adding EN signal on $memory\mem[310]$7187 ($dff) from module axi_ram (D = $0$memwr$\mem$rtl/axi_ram.v:97$854_DATA[31:0]$867 [7:0], Q = \mem[310] [7:0]).
Adding EN signal on $memory\mem[310]$7187 ($dff) from module axi_ram (D = $0$memwr$\mem$rtl/axi_ram.v:100$855_DATA[31:0]$870 [15:8], Q = \mem[310] [15:8]).
Adding EN signal on $memory\mem[310]$7187 ($dff) from module axi_ram (D = $0$memwr$\mem$rtl/axi_ram.v:102$856_DATA[31:0]$873 [23:16], Q = \mem[310] [23:16]).
Adding EN signal on $memory\mem[310]$7187 ($dff) from module axi_ram (D = $0$memwr$\mem$rtl/axi_ram.v:104$857_DATA[31:0]$876 [31:24], Q = \mem[310] [31:24]).
Adding EN signal on $memory\mem[30]$6627 ($dff) from module axi_ram (D = $0$memwr$\mem$rtl/axi_ram.v:97$854_DATA[31:0]$867 [7:0], Q = \mem[30] [7:0]).
Adding EN signal on $memory\mem[30]$6627 ($dff) from module axi_ram (D = $0$memwr$\mem$rtl/axi_ram.v:100$855_DATA[31:0]$870 [15:8], Q = \mem[30] [15:8]).
Adding EN signal on $memory\mem[30]$6627 ($dff) from module axi_ram (D = $0$memwr$\mem$rtl/axi_ram.v:102$856_DATA[31:0]$873 [23:16], Q = \mem[30] [23:16]).
Adding EN signal on $memory\mem[30]$6627 ($dff) from module axi_ram (D = $0$memwr$\mem$rtl/axi_ram.v:104$857_DATA[31:0]$876 [31:24], Q = \mem[30] [31:24]).
Adding EN signal on $memory\mem[309]$7185 ($dff) from module axi_ram (D = $0$memwr$\mem$rtl/axi_ram.v:97$854_DATA[31:0]$867 [7:0], Q = \mem[309] [7:0]).
Adding EN signal on $memory\mem[309]$7185 ($dff) from module axi_ram (D = $0$memwr$\mem$rtl/axi_ram.v:100$855_DATA[31:0]$870 [15:8], Q = \mem[309] [15:8]).
Adding EN signal on $memory\mem[309]$7185 ($dff) from module axi_ram (D = $0$memwr$\mem$rtl/axi_ram.v:102$856_DATA[31:0]$873 [23:16], Q = \mem[309] [23:16]).
Adding EN signal on $memory\mem[309]$7185 ($dff) from module axi_ram (D = $0$memwr$\mem$rtl/axi_ram.v:104$857_DATA[31:0]$876 [31:24], Q = \mem[309] [31:24]).
Adding EN signal on $memory\mem[308]$7183 ($dff) from module axi_ram (D = $0$memwr$\mem$rtl/axi_ram.v:97$854_DATA[31:0]$867 [7:0], Q = \mem[308] [7:0]).
Adding EN signal on $memory\mem[308]$7183 ($dff) from module axi_ram (D = $0$memwr$\mem$rtl/axi_ram.v:100$855_DATA[31:0]$870 [15:8], Q = \mem[308] [15:8]).
Adding EN signal on $memory\mem[308]$7183 ($dff) from module axi_ram (D = $0$memwr$\mem$rtl/axi_ram.v:102$856_DATA[31:0]$873 [23:16], Q = \mem[308] [23:16]).
Adding EN signal on $memory\mem[308]$7183 ($dff) from module axi_ram (D = $0$memwr$\mem$rtl/axi_ram.v:104$857_DATA[31:0]$876 [31:24], Q = \mem[308] [31:24]).
Adding EN signal on $memory\mem[307]$7181 ($dff) from module axi_ram (D = $0$memwr$\mem$rtl/axi_ram.v:97$854_DATA[31:0]$867 [7:0], Q = \mem[307] [7:0]).
Adding EN signal on $memory\mem[307]$7181 ($dff) from module axi_ram (D = $0$memwr$\mem$rtl/axi_ram.v:100$855_DATA[31:0]$870 [15:8], Q = \mem[307] [15:8]).
Adding EN signal on $memory\mem[307]$7181 ($dff) from module axi_ram (D = $0$memwr$\mem$rtl/axi_ram.v:102$856_DATA[31:0]$873 [23:16], Q = \mem[307] [23:16]).
Adding EN signal on $memory\mem[307]$7181 ($dff) from module axi_ram (D = $0$memwr$\mem$rtl/axi_ram.v:104$857_DATA[31:0]$876 [31:24], Q = \mem[307] [31:24]).
Adding EN signal on $memory\mem[306]$7179 ($dff) from module axi_ram (D = $0$memwr$\mem$rtl/axi_ram.v:97$854_DATA[31:0]$867 [7:0], Q = \mem[306] [7:0]).
Adding EN signal on $memory\mem[306]$7179 ($dff) from module axi_ram (D = $0$memwr$\mem$rtl/axi_ram.v:100$855_DATA[31:0]$870 [15:8], Q = \mem[306] [15:8]).
Adding EN signal on $memory\mem[306]$7179 ($dff) from module axi_ram (D = $0$memwr$\mem$rtl/axi_ram.v:102$856_DATA[31:0]$873 [23:16], Q = \mem[306] [23:16]).
Adding EN signal on $memory\mem[306]$7179 ($dff) from module axi_ram (D = $0$memwr$\mem$rtl/axi_ram.v:104$857_DATA[31:0]$876 [31:24], Q = \mem[306] [31:24]).
Adding EN signal on $memory\mem[305]$7177 ($dff) from module axi_ram (D = $0$memwr$\mem$rtl/axi_ram.v:97$854_DATA[31:0]$867 [7:0], Q = \mem[305] [7:0]).
Adding EN signal on $memory\mem[305]$7177 ($dff) from module axi_ram (D = $0$memwr$\mem$rtl/axi_ram.v:100$855_DATA[31:0]$870 [15:8], Q = \mem[305] [15:8]).
Adding EN signal on $memory\mem[305]$7177 ($dff) from module axi_ram (D = $0$memwr$\mem$rtl/axi_ram.v:102$856_DATA[31:0]$873 [23:16], Q = \mem[305] [23:16]).
Adding EN signal on $memory\mem[305]$7177 ($dff) from module axi_ram (D = $0$memwr$\mem$rtl/axi_ram.v:104$857_DATA[31:0]$876 [31:24], Q = \mem[305] [31:24]).
Adding EN signal on $memory\mem[304]$7175 ($dff) from module axi_ram (D = $0$memwr$\mem$rtl/axi_ram.v:97$854_DATA[31:0]$867 [7:0], Q = \mem[304] [7:0]).
Adding EN signal on $memory\mem[304]$7175 ($dff) from module axi_ram (D = $0$memwr$\mem$rtl/axi_ram.v:100$855_DATA[31:0]$870 [15:8], Q = \mem[304] [15:8]).
Adding EN signal on $memory\mem[304]$7175 ($dff) from module axi_ram (D = $0$memwr$\mem$rtl/axi_ram.v:102$856_DATA[31:0]$873 [23:16], Q = \mem[304] [23:16]).
Adding EN signal on $memory\mem[304]$7175 ($dff) from module axi_ram (D = $0$memwr$\mem$rtl/axi_ram.v:104$857_DATA[31:0]$876 [31:24], Q = \mem[304] [31:24]).
Adding EN signal on $memory\mem[303]$7173 ($dff) from module axi_ram (D = $0$memwr$\mem$rtl/axi_ram.v:97$854_DATA[31:0]$867 [7:0], Q = \mem[303] [7:0]).
Adding EN signal on $memory\mem[303]$7173 ($dff) from module axi_ram (D = $0$memwr$\mem$rtl/axi_ram.v:100$855_DATA[31:0]$870 [15:8], Q = \mem[303] [15:8]).
Adding EN signal on $memory\mem[303]$7173 ($dff) from module axi_ram (D = $0$memwr$\mem$rtl/axi_ram.v:102$856_DATA[31:0]$873 [23:16], Q = \mem[303] [23:16]).
Adding EN signal on $memory\mem[303]$7173 ($dff) from module axi_ram (D = $0$memwr$\mem$rtl/axi_ram.v:104$857_DATA[31:0]$876 [31:24], Q = \mem[303] [31:24]).
Adding EN signal on $memory\mem[302]$7171 ($dff) from module axi_ram (D = $0$memwr$\mem$rtl/axi_ram.v:97$854_DATA[31:0]$867 [7:0], Q = \mem[302] [7:0]).
Adding EN signal on $memory\mem[302]$7171 ($dff) from module axi_ram (D = $0$memwr$\mem$rtl/axi_ram.v:100$855_DATA[31:0]$870 [15:8], Q = \mem[302] [15:8]).
Adding EN signal on $memory\mem[302]$7171 ($dff) from module axi_ram (D = $0$memwr$\mem$rtl/axi_ram.v:102$856_DATA[31:0]$873 [23:16], Q = \mem[302] [23:16]).
Adding EN signal on $memory\mem[302]$7171 ($dff) from module axi_ram (D = $0$memwr$\mem$rtl/axi_ram.v:104$857_DATA[31:0]$876 [31:24], Q = \mem[302] [31:24]).
Adding EN signal on $memory\mem[301]$7169 ($dff) from module axi_ram (D = $0$memwr$\mem$rtl/axi_ram.v:97$854_DATA[31:0]$867 [7:0], Q = \mem[301] [7:0]).
Adding EN signal on $memory\mem[301]$7169 ($dff) from module axi_ram (D = $0$memwr$\mem$rtl/axi_ram.v:100$855_DATA[31:0]$870 [15:8], Q = \mem[301] [15:8]).
Adding EN signal on $memory\mem[301]$7169 ($dff) from module axi_ram (D = $0$memwr$\mem$rtl/axi_ram.v:102$856_DATA[31:0]$873 [23:16], Q = \mem[301] [23:16]).
Adding EN signal on $memory\mem[301]$7169 ($dff) from module axi_ram (D = $0$memwr$\mem$rtl/axi_ram.v:104$857_DATA[31:0]$876 [31:24], Q = \mem[301] [31:24]).
Adding EN signal on $memory\mem[300]$7167 ($dff) from module axi_ram (D = $0$memwr$\mem$rtl/axi_ram.v:97$854_DATA[31:0]$867 [7:0], Q = \mem[300] [7:0]).
Adding EN signal on $memory\mem[300]$7167 ($dff) from module axi_ram (D = $0$memwr$\mem$rtl/axi_ram.v:100$855_DATA[31:0]$870 [15:8], Q = \mem[300] [15:8]).
Adding EN signal on $memory\mem[300]$7167 ($dff) from module axi_ram (D = $0$memwr$\mem$rtl/axi_ram.v:102$856_DATA[31:0]$873 [23:16], Q = \mem[300] [23:16]).
Adding EN signal on $memory\mem[300]$7167 ($dff) from module axi_ram (D = $0$memwr$\mem$rtl/axi_ram.v:104$857_DATA[31:0]$876 [31:24], Q = \mem[300] [31:24]).
Adding EN signal on $memory\mem[2]$6571 ($dff) from module axi_ram (D = $0$memwr$\mem$rtl/axi_ram.v:97$854_DATA[31:0]$867 [7:0], Q = \mem[2] [7:0]).
Adding EN signal on $memory\mem[2]$6571 ($dff) from module axi_ram (D = $0$memwr$\mem$rtl/axi_ram.v:100$855_DATA[31:0]$870 [15:8], Q = \mem[2] [15:8]).
Adding EN signal on $memory\mem[2]$6571 ($dff) from module axi_ram (D = $0$memwr$\mem$rtl/axi_ram.v:102$856_DATA[31:0]$873 [23:16], Q = \mem[2] [23:16]).
Adding EN signal on $memory\mem[2]$6571 ($dff) from module axi_ram (D = $0$memwr$\mem$rtl/axi_ram.v:104$857_DATA[31:0]$876 [31:24], Q = \mem[2] [31:24]).
Adding EN signal on $memory\mem[29]$6625 ($dff) from module axi_ram (D = $0$memwr$\mem$rtl/axi_ram.v:97$854_DATA[31:0]$867 [7:0], Q = \mem[29] [7:0]).
Adding EN signal on $memory\mem[29]$6625 ($dff) from module axi_ram (D = $0$memwr$\mem$rtl/axi_ram.v:100$855_DATA[31:0]$870 [15:8], Q = \mem[29] [15:8]).
Adding EN signal on $memory\mem[29]$6625 ($dff) from module axi_ram (D = $0$memwr$\mem$rtl/axi_ram.v:102$856_DATA[31:0]$873 [23:16], Q = \mem[29] [23:16]).
Adding EN signal on $memory\mem[29]$6625 ($dff) from module axi_ram (D = $0$memwr$\mem$rtl/axi_ram.v:104$857_DATA[31:0]$876 [31:24], Q = \mem[29] [31:24]).
Adding EN signal on $memory\mem[299]$7165 ($dff) from module axi_ram (D = $0$memwr$\mem$rtl/axi_ram.v:97$854_DATA[31:0]$867 [7:0], Q = \mem[299] [7:0]).
Adding EN signal on $memory\mem[299]$7165 ($dff) from module axi_ram (D = $0$memwr$\mem$rtl/axi_ram.v:100$855_DATA[31:0]$870 [15:8], Q = \mem[299] [15:8]).
Adding EN signal on $memory\mem[299]$7165 ($dff) from module axi_ram (D = $0$memwr$\mem$rtl/axi_ram.v:102$856_DATA[31:0]$873 [23:16], Q = \mem[299] [23:16]).
Adding EN signal on $memory\mem[299]$7165 ($dff) from module axi_ram (D = $0$memwr$\mem$rtl/axi_ram.v:104$857_DATA[31:0]$876 [31:24], Q = \mem[299] [31:24]).
Adding EN signal on $memory\mem[298]$7163 ($dff) from module axi_ram (D = $0$memwr$\mem$rtl/axi_ram.v:97$854_DATA[31:0]$867 [7:0], Q = \mem[298] [7:0]).
Adding EN signal on $memory\mem[298]$7163 ($dff) from module axi_ram (D = $0$memwr$\mem$rtl/axi_ram.v:100$855_DATA[31:0]$870 [15:8], Q = \mem[298] [15:8]).
Adding EN signal on $memory\mem[298]$7163 ($dff) from module axi_ram (D = $0$memwr$\mem$rtl/axi_ram.v:102$856_DATA[31:0]$873 [23:16], Q = \mem[298] [23:16]).
Adding EN signal on $memory\mem[298]$7163 ($dff) from module axi_ram (D = $0$memwr$\mem$rtl/axi_ram.v:104$857_DATA[31:0]$876 [31:24], Q = \mem[298] [31:24]).
Adding EN signal on $memory\mem[297]$7161 ($dff) from module axi_ram (D = $0$memwr$\mem$rtl/axi_ram.v:97$854_DATA[31:0]$867 [7:0], Q = \mem[297] [7:0]).
Adding EN signal on $memory\mem[297]$7161 ($dff) from module axi_ram (D = $0$memwr$\mem$rtl/axi_ram.v:100$855_DATA[31:0]$870 [15:8], Q = \mem[297] [15:8]).
Adding EN signal on $memory\mem[297]$7161 ($dff) from module axi_ram (D = $0$memwr$\mem$rtl/axi_ram.v:102$856_DATA[31:0]$873 [23:16], Q = \mem[297] [23:16]).
Adding EN signal on $memory\mem[297]$7161 ($dff) from module axi_ram (D = $0$memwr$\mem$rtl/axi_ram.v:104$857_DATA[31:0]$876 [31:24], Q = \mem[297] [31:24]).
Adding EN signal on $memory\mem[296]$7159 ($dff) from module axi_ram (D = $0$memwr$\mem$rtl/axi_ram.v:97$854_DATA[31:0]$867 [7:0], Q = \mem[296] [7:0]).
Adding EN signal on $memory\mem[296]$7159 ($dff) from module axi_ram (D = $0$memwr$\mem$rtl/axi_ram.v:100$855_DATA[31:0]$870 [15:8], Q = \mem[296] [15:8]).
Adding EN signal on $memory\mem[296]$7159 ($dff) from module axi_ram (D = $0$memwr$\mem$rtl/axi_ram.v:102$856_DATA[31:0]$873 [23:16], Q = \mem[296] [23:16]).
Adding EN signal on $memory\mem[296]$7159 ($dff) from module axi_ram (D = $0$memwr$\mem$rtl/axi_ram.v:104$857_DATA[31:0]$876 [31:24], Q = \mem[296] [31:24]).
Adding EN signal on $memory\mem[295]$7157 ($dff) from module axi_ram (D = $0$memwr$\mem$rtl/axi_ram.v:97$854_DATA[31:0]$867 [7:0], Q = \mem[295] [7:0]).
Adding EN signal on $memory\mem[295]$7157 ($dff) from module axi_ram (D = $0$memwr$\mem$rtl/axi_ram.v:100$855_DATA[31:0]$870 [15:8], Q = \mem[295] [15:8]).
Adding EN signal on $memory\mem[295]$7157 ($dff) from module axi_ram (D = $0$memwr$\mem$rtl/axi_ram.v:102$856_DATA[31:0]$873 [23:16], Q = \mem[295] [23:16]).
Adding EN signal on $memory\mem[295]$7157 ($dff) from module axi_ram (D = $0$memwr$\mem$rtl/axi_ram.v:104$857_DATA[31:0]$876 [31:24], Q = \mem[295] [31:24]).
Adding EN signal on $memory\mem[294]$7155 ($dff) from module axi_ram (D = $0$memwr$\mem$rtl/axi_ram.v:97$854_DATA[31:0]$867 [7:0], Q = \mem[294] [7:0]).
Adding EN signal on $memory\mem[294]$7155 ($dff) from module axi_ram (D = $0$memwr$\mem$rtl/axi_ram.v:100$855_DATA[31:0]$870 [15:8], Q = \mem[294] [15:8]).
Adding EN signal on $memory\mem[294]$7155 ($dff) from module axi_ram (D = $0$memwr$\mem$rtl/axi_ram.v:102$856_DATA[31:0]$873 [23:16], Q = \mem[294] [23:16]).
Adding EN signal on $memory\mem[294]$7155 ($dff) from module axi_ram (D = $0$memwr$\mem$rtl/axi_ram.v:104$857_DATA[31:0]$876 [31:24], Q = \mem[294] [31:24]).
Adding EN signal on $memory\mem[293]$7153 ($dff) from module axi_ram (D = $0$memwr$\mem$rtl/axi_ram.v:97$854_DATA[31:0]$867 [7:0], Q = \mem[293] [7:0]).
Adding EN signal on $memory\mem[293]$7153 ($dff) from module axi_ram (D = $0$memwr$\mem$rtl/axi_ram.v:100$855_DATA[31:0]$870 [15:8], Q = \mem[293] [15:8]).
Adding EN signal on $memory\mem[293]$7153 ($dff) from module axi_ram (D = $0$memwr$\mem$rtl/axi_ram.v:102$856_DATA[31:0]$873 [23:16], Q = \mem[293] [23:16]).
Adding EN signal on $memory\mem[293]$7153 ($dff) from module axi_ram (D = $0$memwr$\mem$rtl/axi_ram.v:104$857_DATA[31:0]$876 [31:24], Q = \mem[293] [31:24]).
Adding EN signal on $memory\mem[292]$7151 ($dff) from module axi_ram (D = $0$memwr$\mem$rtl/axi_ram.v:97$854_DATA[31:0]$867 [7:0], Q = \mem[292] [7:0]).
Adding EN signal on $memory\mem[292]$7151 ($dff) from module axi_ram (D = $0$memwr$\mem$rtl/axi_ram.v:100$855_DATA[31:0]$870 [15:8], Q = \mem[292] [15:8]).
Adding EN signal on $memory\mem[292]$7151 ($dff) from module axi_ram (D = $0$memwr$\mem$rtl/axi_ram.v:102$856_DATA[31:0]$873 [23:16], Q = \mem[292] [23:16]).
Adding EN signal on $memory\mem[292]$7151 ($dff) from module axi_ram (D = $0$memwr$\mem$rtl/axi_ram.v:104$857_DATA[31:0]$876 [31:24], Q = \mem[292] [31:24]).
Adding EN signal on $memory\mem[291]$7149 ($dff) from module axi_ram (D = $0$memwr$\mem$rtl/axi_ram.v:97$854_DATA[31:0]$867 [7:0], Q = \mem[291] [7:0]).
Adding EN signal on $memory\mem[291]$7149 ($dff) from module axi_ram (D = $0$memwr$\mem$rtl/axi_ram.v:100$855_DATA[31:0]$870 [15:8], Q = \mem[291] [15:8]).
Adding EN signal on $memory\mem[291]$7149 ($dff) from module axi_ram (D = $0$memwr$\mem$rtl/axi_ram.v:102$856_DATA[31:0]$873 [23:16], Q = \mem[291] [23:16]).
Adding EN signal on $memory\mem[291]$7149 ($dff) from module axi_ram (D = $0$memwr$\mem$rtl/axi_ram.v:104$857_DATA[31:0]$876 [31:24], Q = \mem[291] [31:24]).
Adding EN signal on $memory\mem[290]$7147 ($dff) from module axi_ram (D = $0$memwr$\mem$rtl/axi_ram.v:97$854_DATA[31:0]$867 [7:0], Q = \mem[290] [7:0]).
Adding EN signal on $memory\mem[290]$7147 ($dff) from module axi_ram (D = $0$memwr$\mem$rtl/axi_ram.v:100$855_DATA[31:0]$870 [15:8], Q = \mem[290] [15:8]).
Adding EN signal on $memory\mem[290]$7147 ($dff) from module axi_ram (D = $0$memwr$\mem$rtl/axi_ram.v:102$856_DATA[31:0]$873 [23:16], Q = \mem[290] [23:16]).
Adding EN signal on $memory\mem[290]$7147 ($dff) from module axi_ram (D = $0$memwr$\mem$rtl/axi_ram.v:104$857_DATA[31:0]$876 [31:24], Q = \mem[290] [31:24]).
Adding EN signal on $memory\mem[28]$6623 ($dff) from module axi_ram (D = $0$memwr$\mem$rtl/axi_ram.v:97$854_DATA[31:0]$867 [7:0], Q = \mem[28] [7:0]).
Adding EN signal on $memory\mem[28]$6623 ($dff) from module axi_ram (D = $0$memwr$\mem$rtl/axi_ram.v:100$855_DATA[31:0]$870 [15:8], Q = \mem[28] [15:8]).
Adding EN signal on $memory\mem[28]$6623 ($dff) from module axi_ram (D = $0$memwr$\mem$rtl/axi_ram.v:102$856_DATA[31:0]$873 [23:16], Q = \mem[28] [23:16]).
Adding EN signal on $memory\mem[28]$6623 ($dff) from module axi_ram (D = $0$memwr$\mem$rtl/axi_ram.v:104$857_DATA[31:0]$876 [31:24], Q = \mem[28] [31:24]).
Adding EN signal on $memory\mem[289]$7145 ($dff) from module axi_ram (D = $0$memwr$\mem$rtl/axi_ram.v:97$854_DATA[31:0]$867 [7:0], Q = \mem[289] [7:0]).
Adding EN signal on $memory\mem[289]$7145 ($dff) from module axi_ram (D = $0$memwr$\mem$rtl/axi_ram.v:100$855_DATA[31:0]$870 [15:8], Q = \mem[289] [15:8]).
Adding EN signal on $memory\mem[289]$7145 ($dff) from module axi_ram (D = $0$memwr$\mem$rtl/axi_ram.v:102$856_DATA[31:0]$873 [23:16], Q = \mem[289] [23:16]).
Adding EN signal on $memory\mem[289]$7145 ($dff) from module axi_ram (D = $0$memwr$\mem$rtl/axi_ram.v:104$857_DATA[31:0]$876 [31:24], Q = \mem[289] [31:24]).
Adding EN signal on $memory\mem[288]$7143 ($dff) from module axi_ram (D = $0$memwr$\mem$rtl/axi_ram.v:97$854_DATA[31:0]$867 [7:0], Q = \mem[288] [7:0]).
Adding EN signal on $memory\mem[288]$7143 ($dff) from module axi_ram (D = $0$memwr$\mem$rtl/axi_ram.v:100$855_DATA[31:0]$870 [15:8], Q = \mem[288] [15:8]).
Adding EN signal on $memory\mem[288]$7143 ($dff) from module axi_ram (D = $0$memwr$\mem$rtl/axi_ram.v:102$856_DATA[31:0]$873 [23:16], Q = \mem[288] [23:16]).
Adding EN signal on $memory\mem[288]$7143 ($dff) from module axi_ram (D = $0$memwr$\mem$rtl/axi_ram.v:104$857_DATA[31:0]$876 [31:24], Q = \mem[288] [31:24]).
Adding EN signal on $memory\mem[287]$7141 ($dff) from module axi_ram (D = $0$memwr$\mem$rtl/axi_ram.v:97$854_DATA[31:0]$867 [7:0], Q = \mem[287] [7:0]).
Adding EN signal on $memory\mem[287]$7141 ($dff) from module axi_ram (D = $0$memwr$\mem$rtl/axi_ram.v:100$855_DATA[31:0]$870 [15:8], Q = \mem[287] [15:8]).
Adding EN signal on $memory\mem[287]$7141 ($dff) from module axi_ram (D = $0$memwr$\mem$rtl/axi_ram.v:102$856_DATA[31:0]$873 [23:16], Q = \mem[287] [23:16]).
Adding EN signal on $memory\mem[287]$7141 ($dff) from module axi_ram (D = $0$memwr$\mem$rtl/axi_ram.v:104$857_DATA[31:0]$876 [31:24], Q = \mem[287] [31:24]).
Adding EN signal on $memory\mem[286]$7139 ($dff) from module axi_ram (D = $0$memwr$\mem$rtl/axi_ram.v:97$854_DATA[31:0]$867 [7:0], Q = \mem[286] [7:0]).
Adding EN signal on $memory\mem[286]$7139 ($dff) from module axi_ram (D = $0$memwr$\mem$rtl/axi_ram.v:100$855_DATA[31:0]$870 [15:8], Q = \mem[286] [15:8]).
Adding EN signal on $memory\mem[286]$7139 ($dff) from module axi_ram (D = $0$memwr$\mem$rtl/axi_ram.v:102$856_DATA[31:0]$873 [23:16], Q = \mem[286] [23:16]).
Adding EN signal on $memory\mem[286]$7139 ($dff) from module axi_ram (D = $0$memwr$\mem$rtl/axi_ram.v:104$857_DATA[31:0]$876 [31:24], Q = \mem[286] [31:24]).
Adding EN signal on $memory\mem[285]$7137 ($dff) from module axi_ram (D = $0$memwr$\mem$rtl/axi_ram.v:97$854_DATA[31:0]$867 [7:0], Q = \mem[285] [7:0]).
Adding EN signal on $memory\mem[285]$7137 ($dff) from module axi_ram (D = $0$memwr$\mem$rtl/axi_ram.v:100$855_DATA[31:0]$870 [15:8], Q = \mem[285] [15:8]).
Adding EN signal on $memory\mem[285]$7137 ($dff) from module axi_ram (D = $0$memwr$\mem$rtl/axi_ram.v:102$856_DATA[31:0]$873 [23:16], Q = \mem[285] [23:16]).
Adding EN signal on $memory\mem[285]$7137 ($dff) from module axi_ram (D = $0$memwr$\mem$rtl/axi_ram.v:104$857_DATA[31:0]$876 [31:24], Q = \mem[285] [31:24]).
Adding EN signal on $memory\mem[284]$7135 ($dff) from module axi_ram (D = $0$memwr$\mem$rtl/axi_ram.v:97$854_DATA[31:0]$867 [7:0], Q = \mem[284] [7:0]).
Adding EN signal on $memory\mem[284]$7135 ($dff) from module axi_ram (D = $0$memwr$\mem$rtl/axi_ram.v:100$855_DATA[31:0]$870 [15:8], Q = \mem[284] [15:8]).
Adding EN signal on $memory\mem[284]$7135 ($dff) from module axi_ram (D = $0$memwr$\mem$rtl/axi_ram.v:102$856_DATA[31:0]$873 [23:16], Q = \mem[284] [23:16]).
Adding EN signal on $memory\mem[284]$7135 ($dff) from module axi_ram (D = $0$memwr$\mem$rtl/axi_ram.v:104$857_DATA[31:0]$876 [31:24], Q = \mem[284] [31:24]).
Adding EN signal on $memory\mem[283]$7133 ($dff) from module axi_ram (D = $0$memwr$\mem$rtl/axi_ram.v:97$854_DATA[31:0]$867 [7:0], Q = \mem[283] [7:0]).
Adding EN signal on $memory\mem[283]$7133 ($dff) from module axi_ram (D = $0$memwr$\mem$rtl/axi_ram.v:100$855_DATA[31:0]$870 [15:8], Q = \mem[283] [15:8]).
Adding EN signal on $memory\mem[283]$7133 ($dff) from module axi_ram (D = $0$memwr$\mem$rtl/axi_ram.v:102$856_DATA[31:0]$873 [23:16], Q = \mem[283] [23:16]).
Adding EN signal on $memory\mem[283]$7133 ($dff) from module axi_ram (D = $0$memwr$\mem$rtl/axi_ram.v:104$857_DATA[31:0]$876 [31:24], Q = \mem[283] [31:24]).
Adding EN signal on $memory\mem[282]$7131 ($dff) from module axi_ram (D = $0$memwr$\mem$rtl/axi_ram.v:97$854_DATA[31:0]$867 [7:0], Q = \mem[282] [7:0]).
Adding EN signal on $memory\mem[282]$7131 ($dff) from module axi_ram (D = $0$memwr$\mem$rtl/axi_ram.v:100$855_DATA[31:0]$870 [15:8], Q = \mem[282] [15:8]).
Adding EN signal on $memory\mem[282]$7131 ($dff) from module axi_ram (D = $0$memwr$\mem$rtl/axi_ram.v:102$856_DATA[31:0]$873 [23:16], Q = \mem[282] [23:16]).
Adding EN signal on $memory\mem[282]$7131 ($dff) from module axi_ram (D = $0$memwr$\mem$rtl/axi_ram.v:104$857_DATA[31:0]$876 [31:24], Q = \mem[282] [31:24]).
Adding EN signal on $memory\mem[281]$7129 ($dff) from module axi_ram (D = $0$memwr$\mem$rtl/axi_ram.v:97$854_DATA[31:0]$867 [7:0], Q = \mem[281] [7:0]).
Adding EN signal on $memory\mem[281]$7129 ($dff) from module axi_ram (D = $0$memwr$\mem$rtl/axi_ram.v:100$855_DATA[31:0]$870 [15:8], Q = \mem[281] [15:8]).
Adding EN signal on $memory\mem[281]$7129 ($dff) from module axi_ram (D = $0$memwr$\mem$rtl/axi_ram.v:102$856_DATA[31:0]$873 [23:16], Q = \mem[281] [23:16]).
Adding EN signal on $memory\mem[281]$7129 ($dff) from module axi_ram (D = $0$memwr$\mem$rtl/axi_ram.v:104$857_DATA[31:0]$876 [31:24], Q = \mem[281] [31:24]).
Adding EN signal on $memory\mem[280]$7127 ($dff) from module axi_ram (D = $0$memwr$\mem$rtl/axi_ram.v:97$854_DATA[31:0]$867 [7:0], Q = \mem[280] [7:0]).
Adding EN signal on $memory\mem[280]$7127 ($dff) from module axi_ram (D = $0$memwr$\mem$rtl/axi_ram.v:100$855_DATA[31:0]$870 [15:8], Q = \mem[280] [15:8]).
Adding EN signal on $memory\mem[280]$7127 ($dff) from module axi_ram (D = $0$memwr$\mem$rtl/axi_ram.v:102$856_DATA[31:0]$873 [23:16], Q = \mem[280] [23:16]).
Adding EN signal on $memory\mem[280]$7127 ($dff) from module axi_ram (D = $0$memwr$\mem$rtl/axi_ram.v:104$857_DATA[31:0]$876 [31:24], Q = \mem[280] [31:24]).
Adding EN signal on $memory\mem[27]$6621 ($dff) from module axi_ram (D = $0$memwr$\mem$rtl/axi_ram.v:97$854_DATA[31:0]$867 [7:0], Q = \mem[27] [7:0]).
Adding EN signal on $memory\mem[27]$6621 ($dff) from module axi_ram (D = $0$memwr$\mem$rtl/axi_ram.v:100$855_DATA[31:0]$870 [15:8], Q = \mem[27] [15:8]).
Adding EN signal on $memory\mem[27]$6621 ($dff) from module axi_ram (D = $0$memwr$\mem$rtl/axi_ram.v:102$856_DATA[31:0]$873 [23:16], Q = \mem[27] [23:16]).
Adding EN signal on $memory\mem[27]$6621 ($dff) from module axi_ram (D = $0$memwr$\mem$rtl/axi_ram.v:104$857_DATA[31:0]$876 [31:24], Q = \mem[27] [31:24]).
Adding EN signal on $memory\mem[279]$7125 ($dff) from module axi_ram (D = $0$memwr$\mem$rtl/axi_ram.v:97$854_DATA[31:0]$867 [7:0], Q = \mem[279] [7:0]).
Adding EN signal on $memory\mem[279]$7125 ($dff) from module axi_ram (D = $0$memwr$\mem$rtl/axi_ram.v:100$855_DATA[31:0]$870 [15:8], Q = \mem[279] [15:8]).
Adding EN signal on $memory\mem[279]$7125 ($dff) from module axi_ram (D = $0$memwr$\mem$rtl/axi_ram.v:102$856_DATA[31:0]$873 [23:16], Q = \mem[279] [23:16]).
Adding EN signal on $memory\mem[279]$7125 ($dff) from module axi_ram (D = $0$memwr$\mem$rtl/axi_ram.v:104$857_DATA[31:0]$876 [31:24], Q = \mem[279] [31:24]).
Adding EN signal on $memory\mem[278]$7123 ($dff) from module axi_ram (D = $0$memwr$\mem$rtl/axi_ram.v:97$854_DATA[31:0]$867 [7:0], Q = \mem[278] [7:0]).
Adding EN signal on $memory\mem[278]$7123 ($dff) from module axi_ram (D = $0$memwr$\mem$rtl/axi_ram.v:100$855_DATA[31:0]$870 [15:8], Q = \mem[278] [15:8]).
Adding EN signal on $memory\mem[278]$7123 ($dff) from module axi_ram (D = $0$memwr$\mem$rtl/axi_ram.v:102$856_DATA[31:0]$873 [23:16], Q = \mem[278] [23:16]).
Adding EN signal on $memory\mem[278]$7123 ($dff) from module axi_ram (D = $0$memwr$\mem$rtl/axi_ram.v:104$857_DATA[31:0]$876 [31:24], Q = \mem[278] [31:24]).
Adding EN signal on $memory\mem[277]$7121 ($dff) from module axi_ram (D = $0$memwr$\mem$rtl/axi_ram.v:97$854_DATA[31:0]$867 [7:0], Q = \mem[277] [7:0]).
Adding EN signal on $memory\mem[277]$7121 ($dff) from module axi_ram (D = $0$memwr$\mem$rtl/axi_ram.v:100$855_DATA[31:0]$870 [15:8], Q = \mem[277] [15:8]).
Adding EN signal on $memory\mem[277]$7121 ($dff) from module axi_ram (D = $0$memwr$\mem$rtl/axi_ram.v:102$856_DATA[31:0]$873 [23:16], Q = \mem[277] [23:16]).
Adding EN signal on $memory\mem[277]$7121 ($dff) from module axi_ram (D = $0$memwr$\mem$rtl/axi_ram.v:104$857_DATA[31:0]$876 [31:24], Q = \mem[277] [31:24]).
Adding EN signal on $memory\mem[276]$7119 ($dff) from module axi_ram (D = $0$memwr$\mem$rtl/axi_ram.v:97$854_DATA[31:0]$867 [7:0], Q = \mem[276] [7:0]).
Adding EN signal on $memory\mem[276]$7119 ($dff) from module axi_ram (D = $0$memwr$\mem$rtl/axi_ram.v:100$855_DATA[31:0]$870 [15:8], Q = \mem[276] [15:8]).
Adding EN signal on $memory\mem[276]$7119 ($dff) from module axi_ram (D = $0$memwr$\mem$rtl/axi_ram.v:102$856_DATA[31:0]$873 [23:16], Q = \mem[276] [23:16]).
Adding EN signal on $memory\mem[276]$7119 ($dff) from module axi_ram (D = $0$memwr$\mem$rtl/axi_ram.v:104$857_DATA[31:0]$876 [31:24], Q = \mem[276] [31:24]).
Adding EN signal on $memory\mem[275]$7117 ($dff) from module axi_ram (D = $0$memwr$\mem$rtl/axi_ram.v:97$854_DATA[31:0]$867 [7:0], Q = \mem[275] [7:0]).
Adding EN signal on $memory\mem[275]$7117 ($dff) from module axi_ram (D = $0$memwr$\mem$rtl/axi_ram.v:100$855_DATA[31:0]$870 [15:8], Q = \mem[275] [15:8]).
Adding EN signal on $memory\mem[275]$7117 ($dff) from module axi_ram (D = $0$memwr$\mem$rtl/axi_ram.v:102$856_DATA[31:0]$873 [23:16], Q = \mem[275] [23:16]).
Adding EN signal on $memory\mem[275]$7117 ($dff) from module axi_ram (D = $0$memwr$\mem$rtl/axi_ram.v:104$857_DATA[31:0]$876 [31:24], Q = \mem[275] [31:24]).
Adding EN signal on $memory\mem[274]$7115 ($dff) from module axi_ram (D = $0$memwr$\mem$rtl/axi_ram.v:97$854_DATA[31:0]$867 [7:0], Q = \mem[274] [7:0]).
Adding EN signal on $memory\mem[274]$7115 ($dff) from module axi_ram (D = $0$memwr$\mem$rtl/axi_ram.v:100$855_DATA[31:0]$870 [15:8], Q = \mem[274] [15:8]).
Adding EN signal on $memory\mem[274]$7115 ($dff) from module axi_ram (D = $0$memwr$\mem$rtl/axi_ram.v:102$856_DATA[31:0]$873 [23:16], Q = \mem[274] [23:16]).
Adding EN signal on $memory\mem[274]$7115 ($dff) from module axi_ram (D = $0$memwr$\mem$rtl/axi_ram.v:104$857_DATA[31:0]$876 [31:24], Q = \mem[274] [31:24]).
Adding EN signal on $memory\mem[273]$7113 ($dff) from module axi_ram (D = $0$memwr$\mem$rtl/axi_ram.v:97$854_DATA[31:0]$867 [7:0], Q = \mem[273] [7:0]).
Adding EN signal on $memory\mem[273]$7113 ($dff) from module axi_ram (D = $0$memwr$\mem$rtl/axi_ram.v:100$855_DATA[31:0]$870 [15:8], Q = \mem[273] [15:8]).
Adding EN signal on $memory\mem[273]$7113 ($dff) from module axi_ram (D = $0$memwr$\mem$rtl/axi_ram.v:102$856_DATA[31:0]$873 [23:16], Q = \mem[273] [23:16]).
Adding EN signal on $memory\mem[273]$7113 ($dff) from module axi_ram (D = $0$memwr$\mem$rtl/axi_ram.v:104$857_DATA[31:0]$876 [31:24], Q = \mem[273] [31:24]).
Adding EN signal on $memory\mem[272]$7111 ($dff) from module axi_ram (D = $0$memwr$\mem$rtl/axi_ram.v:97$854_DATA[31:0]$867 [7:0], Q = \mem[272] [7:0]).
Adding EN signal on $memory\mem[272]$7111 ($dff) from module axi_ram (D = $0$memwr$\mem$rtl/axi_ram.v:100$855_DATA[31:0]$870 [15:8], Q = \mem[272] [15:8]).
Adding EN signal on $memory\mem[272]$7111 ($dff) from module axi_ram (D = $0$memwr$\mem$rtl/axi_ram.v:102$856_DATA[31:0]$873 [23:16], Q = \mem[272] [23:16]).
Adding EN signal on $memory\mem[272]$7111 ($dff) from module axi_ram (D = $0$memwr$\mem$rtl/axi_ram.v:104$857_DATA[31:0]$876 [31:24], Q = \mem[272] [31:24]).
Adding EN signal on $memory\mem[271]$7109 ($dff) from module axi_ram (D = $0$memwr$\mem$rtl/axi_ram.v:97$854_DATA[31:0]$867 [7:0], Q = \mem[271] [7:0]).
Adding EN signal on $memory\mem[271]$7109 ($dff) from module axi_ram (D = $0$memwr$\mem$rtl/axi_ram.v:100$855_DATA[31:0]$870 [15:8], Q = \mem[271] [15:8]).
Adding EN signal on $memory\mem[271]$7109 ($dff) from module axi_ram (D = $0$memwr$\mem$rtl/axi_ram.v:102$856_DATA[31:0]$873 [23:16], Q = \mem[271] [23:16]).
Adding EN signal on $memory\mem[271]$7109 ($dff) from module axi_ram (D = $0$memwr$\mem$rtl/axi_ram.v:104$857_DATA[31:0]$876 [31:24], Q = \mem[271] [31:24]).
Adding EN signal on $memory\mem[270]$7107 ($dff) from module axi_ram (D = $0$memwr$\mem$rtl/axi_ram.v:97$854_DATA[31:0]$867 [7:0], Q = \mem[270] [7:0]).
Adding EN signal on $memory\mem[270]$7107 ($dff) from module axi_ram (D = $0$memwr$\mem$rtl/axi_ram.v:100$855_DATA[31:0]$870 [15:8], Q = \mem[270] [15:8]).
Adding EN signal on $memory\mem[270]$7107 ($dff) from module axi_ram (D = $0$memwr$\mem$rtl/axi_ram.v:102$856_DATA[31:0]$873 [23:16], Q = \mem[270] [23:16]).
Adding EN signal on $memory\mem[270]$7107 ($dff) from module axi_ram (D = $0$memwr$\mem$rtl/axi_ram.v:104$857_DATA[31:0]$876 [31:24], Q = \mem[270] [31:24]).
Adding EN signal on $memory\mem[26]$6619 ($dff) from module axi_ram (D = $0$memwr$\mem$rtl/axi_ram.v:97$854_DATA[31:0]$867 [7:0], Q = \mem[26] [7:0]).
Adding EN signal on $memory\mem[26]$6619 ($dff) from module axi_ram (D = $0$memwr$\mem$rtl/axi_ram.v:100$855_DATA[31:0]$870 [15:8], Q = \mem[26] [15:8]).
Adding EN signal on $memory\mem[26]$6619 ($dff) from module axi_ram (D = $0$memwr$\mem$rtl/axi_ram.v:102$856_DATA[31:0]$873 [23:16], Q = \mem[26] [23:16]).
Adding EN signal on $memory\mem[26]$6619 ($dff) from module axi_ram (D = $0$memwr$\mem$rtl/axi_ram.v:104$857_DATA[31:0]$876 [31:24], Q = \mem[26] [31:24]).
Adding EN signal on $memory\mem[269]$7105 ($dff) from module axi_ram (D = $0$memwr$\mem$rtl/axi_ram.v:97$854_DATA[31:0]$867 [7:0], Q = \mem[269] [7:0]).
Adding EN signal on $memory\mem[269]$7105 ($dff) from module axi_ram (D = $0$memwr$\mem$rtl/axi_ram.v:100$855_DATA[31:0]$870 [15:8], Q = \mem[269] [15:8]).
Adding EN signal on $memory\mem[269]$7105 ($dff) from module axi_ram (D = $0$memwr$\mem$rtl/axi_ram.v:102$856_DATA[31:0]$873 [23:16], Q = \mem[269] [23:16]).
Adding EN signal on $memory\mem[269]$7105 ($dff) from module axi_ram (D = $0$memwr$\mem$rtl/axi_ram.v:104$857_DATA[31:0]$876 [31:24], Q = \mem[269] [31:24]).
Adding EN signal on $memory\mem[268]$7103 ($dff) from module axi_ram (D = $0$memwr$\mem$rtl/axi_ram.v:97$854_DATA[31:0]$867 [7:0], Q = \mem[268] [7:0]).
Adding EN signal on $memory\mem[268]$7103 ($dff) from module axi_ram (D = $0$memwr$\mem$rtl/axi_ram.v:100$855_DATA[31:0]$870 [15:8], Q = \mem[268] [15:8]).
Adding EN signal on $memory\mem[268]$7103 ($dff) from module axi_ram (D = $0$memwr$\mem$rtl/axi_ram.v:102$856_DATA[31:0]$873 [23:16], Q = \mem[268] [23:16]).
Adding EN signal on $memory\mem[268]$7103 ($dff) from module axi_ram (D = $0$memwr$\mem$rtl/axi_ram.v:104$857_DATA[31:0]$876 [31:24], Q = \mem[268] [31:24]).
Adding EN signal on $memory\mem[267]$7101 ($dff) from module axi_ram (D = $0$memwr$\mem$rtl/axi_ram.v:97$854_DATA[31:0]$867 [7:0], Q = \mem[267] [7:0]).
Adding EN signal on $memory\mem[267]$7101 ($dff) from module axi_ram (D = $0$memwr$\mem$rtl/axi_ram.v:100$855_DATA[31:0]$870 [15:8], Q = \mem[267] [15:8]).
Adding EN signal on $memory\mem[267]$7101 ($dff) from module axi_ram (D = $0$memwr$\mem$rtl/axi_ram.v:102$856_DATA[31:0]$873 [23:16], Q = \mem[267] [23:16]).
Adding EN signal on $memory\mem[267]$7101 ($dff) from module axi_ram (D = $0$memwr$\mem$rtl/axi_ram.v:104$857_DATA[31:0]$876 [31:24], Q = \mem[267] [31:24]).
Adding EN signal on $memory\mem[266]$7099 ($dff) from module axi_ram (D = $0$memwr$\mem$rtl/axi_ram.v:97$854_DATA[31:0]$867 [7:0], Q = \mem[266] [7:0]).
Adding EN signal on $memory\mem[266]$7099 ($dff) from module axi_ram (D = $0$memwr$\mem$rtl/axi_ram.v:100$855_DATA[31:0]$870 [15:8], Q = \mem[266] [15:8]).
Adding EN signal on $memory\mem[266]$7099 ($dff) from module axi_ram (D = $0$memwr$\mem$rtl/axi_ram.v:102$856_DATA[31:0]$873 [23:16], Q = \mem[266] [23:16]).
Adding EN signal on $memory\mem[266]$7099 ($dff) from module axi_ram (D = $0$memwr$\mem$rtl/axi_ram.v:104$857_DATA[31:0]$876 [31:24], Q = \mem[266] [31:24]).
Adding EN signal on $memory\mem[265]$7097 ($dff) from module axi_ram (D = $0$memwr$\mem$rtl/axi_ram.v:97$854_DATA[31:0]$867 [7:0], Q = \mem[265] [7:0]).
Adding EN signal on $memory\mem[265]$7097 ($dff) from module axi_ram (D = $0$memwr$\mem$rtl/axi_ram.v:100$855_DATA[31:0]$870 [15:8], Q = \mem[265] [15:8]).
Adding EN signal on $memory\mem[265]$7097 ($dff) from module axi_ram (D = $0$memwr$\mem$rtl/axi_ram.v:102$856_DATA[31:0]$873 [23:16], Q = \mem[265] [23:16]).
Adding EN signal on $memory\mem[265]$7097 ($dff) from module axi_ram (D = $0$memwr$\mem$rtl/axi_ram.v:104$857_DATA[31:0]$876 [31:24], Q = \mem[265] [31:24]).
Adding EN signal on $memory\mem[264]$7095 ($dff) from module axi_ram (D = $0$memwr$\mem$rtl/axi_ram.v:97$854_DATA[31:0]$867 [7:0], Q = \mem[264] [7:0]).
Adding EN signal on $memory\mem[264]$7095 ($dff) from module axi_ram (D = $0$memwr$\mem$rtl/axi_ram.v:100$855_DATA[31:0]$870 [15:8], Q = \mem[264] [15:8]).
Adding EN signal on $memory\mem[264]$7095 ($dff) from module axi_ram (D = $0$memwr$\mem$rtl/axi_ram.v:102$856_DATA[31:0]$873 [23:16], Q = \mem[264] [23:16]).
Adding EN signal on $memory\mem[264]$7095 ($dff) from module axi_ram (D = $0$memwr$\mem$rtl/axi_ram.v:104$857_DATA[31:0]$876 [31:24], Q = \mem[264] [31:24]).
Adding EN signal on $memory\mem[263]$7093 ($dff) from module axi_ram (D = $0$memwr$\mem$rtl/axi_ram.v:97$854_DATA[31:0]$867 [7:0], Q = \mem[263] [7:0]).
Adding EN signal on $memory\mem[263]$7093 ($dff) from module axi_ram (D = $0$memwr$\mem$rtl/axi_ram.v:100$855_DATA[31:0]$870 [15:8], Q = \mem[263] [15:8]).
Adding EN signal on $memory\mem[263]$7093 ($dff) from module axi_ram (D = $0$memwr$\mem$rtl/axi_ram.v:102$856_DATA[31:0]$873 [23:16], Q = \mem[263] [23:16]).
Adding EN signal on $memory\mem[263]$7093 ($dff) from module axi_ram (D = $0$memwr$\mem$rtl/axi_ram.v:104$857_DATA[31:0]$876 [31:24], Q = \mem[263] [31:24]).
Adding EN signal on $memory\mem[262]$7091 ($dff) from module axi_ram (D = $0$memwr$\mem$rtl/axi_ram.v:97$854_DATA[31:0]$867 [7:0], Q = \mem[262] [7:0]).
Adding EN signal on $memory\mem[262]$7091 ($dff) from module axi_ram (D = $0$memwr$\mem$rtl/axi_ram.v:100$855_DATA[31:0]$870 [15:8], Q = \mem[262] [15:8]).
Adding EN signal on $memory\mem[262]$7091 ($dff) from module axi_ram (D = $0$memwr$\mem$rtl/axi_ram.v:102$856_DATA[31:0]$873 [23:16], Q = \mem[262] [23:16]).
Adding EN signal on $memory\mem[262]$7091 ($dff) from module axi_ram (D = $0$memwr$\mem$rtl/axi_ram.v:104$857_DATA[31:0]$876 [31:24], Q = \mem[262] [31:24]).
Adding EN signal on $memory\mem[261]$7089 ($dff) from module axi_ram (D = $0$memwr$\mem$rtl/axi_ram.v:97$854_DATA[31:0]$867 [7:0], Q = \mem[261] [7:0]).
Adding EN signal on $memory\mem[261]$7089 ($dff) from module axi_ram (D = $0$memwr$\mem$rtl/axi_ram.v:100$855_DATA[31:0]$870 [15:8], Q = \mem[261] [15:8]).
Adding EN signal on $memory\mem[261]$7089 ($dff) from module axi_ram (D = $0$memwr$\mem$rtl/axi_ram.v:102$856_DATA[31:0]$873 [23:16], Q = \mem[261] [23:16]).
Adding EN signal on $memory\mem[261]$7089 ($dff) from module axi_ram (D = $0$memwr$\mem$rtl/axi_ram.v:104$857_DATA[31:0]$876 [31:24], Q = \mem[261] [31:24]).
Adding EN signal on $memory\mem[260]$7087 ($dff) from module axi_ram (D = $0$memwr$\mem$rtl/axi_ram.v:97$854_DATA[31:0]$867 [7:0], Q = \mem[260] [7:0]).
Adding EN signal on $memory\mem[260]$7087 ($dff) from module axi_ram (D = $0$memwr$\mem$rtl/axi_ram.v:100$855_DATA[31:0]$870 [15:8], Q = \mem[260] [15:8]).
Adding EN signal on $memory\mem[260]$7087 ($dff) from module axi_ram (D = $0$memwr$\mem$rtl/axi_ram.v:102$856_DATA[31:0]$873 [23:16], Q = \mem[260] [23:16]).
Adding EN signal on $memory\mem[260]$7087 ($dff) from module axi_ram (D = $0$memwr$\mem$rtl/axi_ram.v:104$857_DATA[31:0]$876 [31:24], Q = \mem[260] [31:24]).
Adding EN signal on $memory\mem[25]$6617 ($dff) from module axi_ram (D = $0$memwr$\mem$rtl/axi_ram.v:97$854_DATA[31:0]$867 [7:0], Q = \mem[25] [7:0]).
Adding EN signal on $memory\mem[25]$6617 ($dff) from module axi_ram (D = $0$memwr$\mem$rtl/axi_ram.v:100$855_DATA[31:0]$870 [15:8], Q = \mem[25] [15:8]).
Adding EN signal on $memory\mem[25]$6617 ($dff) from module axi_ram (D = $0$memwr$\mem$rtl/axi_ram.v:102$856_DATA[31:0]$873 [23:16], Q = \mem[25] [23:16]).
Adding EN signal on $memory\mem[25]$6617 ($dff) from module axi_ram (D = $0$memwr$\mem$rtl/axi_ram.v:104$857_DATA[31:0]$876 [31:24], Q = \mem[25] [31:24]).
Adding EN signal on $memory\mem[259]$7085 ($dff) from module axi_ram (D = $0$memwr$\mem$rtl/axi_ram.v:97$854_DATA[31:0]$867 [7:0], Q = \mem[259] [7:0]).
Adding EN signal on $memory\mem[259]$7085 ($dff) from module axi_ram (D = $0$memwr$\mem$rtl/axi_ram.v:100$855_DATA[31:0]$870 [15:8], Q = \mem[259] [15:8]).
Adding EN signal on $memory\mem[259]$7085 ($dff) from module axi_ram (D = $0$memwr$\mem$rtl/axi_ram.v:102$856_DATA[31:0]$873 [23:16], Q = \mem[259] [23:16]).
Adding EN signal on $memory\mem[259]$7085 ($dff) from module axi_ram (D = $0$memwr$\mem$rtl/axi_ram.v:104$857_DATA[31:0]$876 [31:24], Q = \mem[259] [31:24]).
Adding EN signal on $memory\mem[258]$7083 ($dff) from module axi_ram (D = $0$memwr$\mem$rtl/axi_ram.v:97$854_DATA[31:0]$867 [7:0], Q = \mem[258] [7:0]).
Adding EN signal on $memory\mem[258]$7083 ($dff) from module axi_ram (D = $0$memwr$\mem$rtl/axi_ram.v:100$855_DATA[31:0]$870 [15:8], Q = \mem[258] [15:8]).
Adding EN signal on $memory\mem[258]$7083 ($dff) from module axi_ram (D = $0$memwr$\mem$rtl/axi_ram.v:102$856_DATA[31:0]$873 [23:16], Q = \mem[258] [23:16]).
Adding EN signal on $memory\mem[258]$7083 ($dff) from module axi_ram (D = $0$memwr$\mem$rtl/axi_ram.v:104$857_DATA[31:0]$876 [31:24], Q = \mem[258] [31:24]).
Adding EN signal on $memory\mem[257]$7081 ($dff) from module axi_ram (D = $0$memwr$\mem$rtl/axi_ram.v:97$854_DATA[31:0]$867 [7:0], Q = \mem[257] [7:0]).
Adding EN signal on $memory\mem[257]$7081 ($dff) from module axi_ram (D = $0$memwr$\mem$rtl/axi_ram.v:100$855_DATA[31:0]$870 [15:8], Q = \mem[257] [15:8]).
Adding EN signal on $memory\mem[257]$7081 ($dff) from module axi_ram (D = $0$memwr$\mem$rtl/axi_ram.v:102$856_DATA[31:0]$873 [23:16], Q = \mem[257] [23:16]).
Adding EN signal on $memory\mem[257]$7081 ($dff) from module axi_ram (D = $0$memwr$\mem$rtl/axi_ram.v:104$857_DATA[31:0]$876 [31:24], Q = \mem[257] [31:24]).
Adding EN signal on $memory\mem[256]$7079 ($dff) from module axi_ram (D = $0$memwr$\mem$rtl/axi_ram.v:97$854_DATA[31:0]$867 [7:0], Q = \mem[256] [7:0]).
Adding EN signal on $memory\mem[256]$7079 ($dff) from module axi_ram (D = $0$memwr$\mem$rtl/axi_ram.v:100$855_DATA[31:0]$870 [15:8], Q = \mem[256] [15:8]).
Adding EN signal on $memory\mem[256]$7079 ($dff) from module axi_ram (D = $0$memwr$\mem$rtl/axi_ram.v:102$856_DATA[31:0]$873 [23:16], Q = \mem[256] [23:16]).
Adding EN signal on $memory\mem[256]$7079 ($dff) from module axi_ram (D = $0$memwr$\mem$rtl/axi_ram.v:104$857_DATA[31:0]$876 [31:24], Q = \mem[256] [31:24]).
Adding EN signal on $memory\mem[255]$7077 ($dff) from module axi_ram (D = $0$memwr$\mem$rtl/axi_ram.v:97$854_DATA[31:0]$867 [7:0], Q = \mem[255] [7:0]).
Adding EN signal on $memory\mem[255]$7077 ($dff) from module axi_ram (D = $0$memwr$\mem$rtl/axi_ram.v:100$855_DATA[31:0]$870 [15:8], Q = \mem[255] [15:8]).
Adding EN signal on $memory\mem[255]$7077 ($dff) from module axi_ram (D = $0$memwr$\mem$rtl/axi_ram.v:102$856_DATA[31:0]$873 [23:16], Q = \mem[255] [23:16]).
Adding EN signal on $memory\mem[255]$7077 ($dff) from module axi_ram (D = $0$memwr$\mem$rtl/axi_ram.v:104$857_DATA[31:0]$876 [31:24], Q = \mem[255] [31:24]).
Adding EN signal on $memory\mem[254]$7075 ($dff) from module axi_ram (D = $0$memwr$\mem$rtl/axi_ram.v:97$854_DATA[31:0]$867 [7:0], Q = \mem[254] [7:0]).
Adding EN signal on $memory\mem[254]$7075 ($dff) from module axi_ram (D = $0$memwr$\mem$rtl/axi_ram.v:100$855_DATA[31:0]$870 [15:8], Q = \mem[254] [15:8]).
Adding EN signal on $memory\mem[254]$7075 ($dff) from module axi_ram (D = $0$memwr$\mem$rtl/axi_ram.v:102$856_DATA[31:0]$873 [23:16], Q = \mem[254] [23:16]).
Adding EN signal on $memory\mem[254]$7075 ($dff) from module axi_ram (D = $0$memwr$\mem$rtl/axi_ram.v:104$857_DATA[31:0]$876 [31:24], Q = \mem[254] [31:24]).
Adding EN signal on $memory\mem[253]$7073 ($dff) from module axi_ram (D = $0$memwr$\mem$rtl/axi_ram.v:97$854_DATA[31:0]$867 [7:0], Q = \mem[253] [7:0]).
Adding EN signal on $memory\mem[253]$7073 ($dff) from module axi_ram (D = $0$memwr$\mem$rtl/axi_ram.v:100$855_DATA[31:0]$870 [15:8], Q = \mem[253] [15:8]).
Adding EN signal on $memory\mem[253]$7073 ($dff) from module axi_ram (D = $0$memwr$\mem$rtl/axi_ram.v:102$856_DATA[31:0]$873 [23:16], Q = \mem[253] [23:16]).
Adding EN signal on $memory\mem[253]$7073 ($dff) from module axi_ram (D = $0$memwr$\mem$rtl/axi_ram.v:104$857_DATA[31:0]$876 [31:24], Q = \mem[253] [31:24]).
Adding EN signal on $memory\mem[252]$7071 ($dff) from module axi_ram (D = $0$memwr$\mem$rtl/axi_ram.v:97$854_DATA[31:0]$867 [7:0], Q = \mem[252] [7:0]).
Adding EN signal on $memory\mem[252]$7071 ($dff) from module axi_ram (D = $0$memwr$\mem$rtl/axi_ram.v:100$855_DATA[31:0]$870 [15:8], Q = \mem[252] [15:8]).
Adding EN signal on $memory\mem[252]$7071 ($dff) from module axi_ram (D = $0$memwr$\mem$rtl/axi_ram.v:102$856_DATA[31:0]$873 [23:16], Q = \mem[252] [23:16]).
Adding EN signal on $memory\mem[252]$7071 ($dff) from module axi_ram (D = $0$memwr$\mem$rtl/axi_ram.v:104$857_DATA[31:0]$876 [31:24], Q = \mem[252] [31:24]).
Adding EN signal on $memory\mem[251]$7069 ($dff) from module axi_ram (D = $0$memwr$\mem$rtl/axi_ram.v:97$854_DATA[31:0]$867 [7:0], Q = \mem[251] [7:0]).
Adding EN signal on $memory\mem[251]$7069 ($dff) from module axi_ram (D = $0$memwr$\mem$rtl/axi_ram.v:100$855_DATA[31:0]$870 [15:8], Q = \mem[251] [15:8]).
Adding EN signal on $memory\mem[251]$7069 ($dff) from module axi_ram (D = $0$memwr$\mem$rtl/axi_ram.v:102$856_DATA[31:0]$873 [23:16], Q = \mem[251] [23:16]).
Adding EN signal on $memory\mem[251]$7069 ($dff) from module axi_ram (D = $0$memwr$\mem$rtl/axi_ram.v:104$857_DATA[31:0]$876 [31:24], Q = \mem[251] [31:24]).
Adding EN signal on $memory\mem[250]$7067 ($dff) from module axi_ram (D = $0$memwr$\mem$rtl/axi_ram.v:97$854_DATA[31:0]$867 [7:0], Q = \mem[250] [7:0]).
Adding EN signal on $memory\mem[250]$7067 ($dff) from module axi_ram (D = $0$memwr$\mem$rtl/axi_ram.v:100$855_DATA[31:0]$870 [15:8], Q = \mem[250] [15:8]).
Adding EN signal on $memory\mem[250]$7067 ($dff) from module axi_ram (D = $0$memwr$\mem$rtl/axi_ram.v:102$856_DATA[31:0]$873 [23:16], Q = \mem[250] [23:16]).
Adding EN signal on $memory\mem[250]$7067 ($dff) from module axi_ram (D = $0$memwr$\mem$rtl/axi_ram.v:104$857_DATA[31:0]$876 [31:24], Q = \mem[250] [31:24]).
Adding EN signal on $memory\mem[24]$6615 ($dff) from module axi_ram (D = $0$memwr$\mem$rtl/axi_ram.v:97$854_DATA[31:0]$867 [7:0], Q = \mem[24] [7:0]).
Adding EN signal on $memory\mem[24]$6615 ($dff) from module axi_ram (D = $0$memwr$\mem$rtl/axi_ram.v:100$855_DATA[31:0]$870 [15:8], Q = \mem[24] [15:8]).
Adding EN signal on $memory\mem[24]$6615 ($dff) from module axi_ram (D = $0$memwr$\mem$rtl/axi_ram.v:102$856_DATA[31:0]$873 [23:16], Q = \mem[24] [23:16]).
Adding EN signal on $memory\mem[24]$6615 ($dff) from module axi_ram (D = $0$memwr$\mem$rtl/axi_ram.v:104$857_DATA[31:0]$876 [31:24], Q = \mem[24] [31:24]).
Adding EN signal on $memory\mem[249]$7065 ($dff) from module axi_ram (D = $0$memwr$\mem$rtl/axi_ram.v:97$854_DATA[31:0]$867 [7:0], Q = \mem[249] [7:0]).
Adding EN signal on $memory\mem[249]$7065 ($dff) from module axi_ram (D = $0$memwr$\mem$rtl/axi_ram.v:100$855_DATA[31:0]$870 [15:8], Q = \mem[249] [15:8]).
Adding EN signal on $memory\mem[249]$7065 ($dff) from module axi_ram (D = $0$memwr$\mem$rtl/axi_ram.v:102$856_DATA[31:0]$873 [23:16], Q = \mem[249] [23:16]).
Adding EN signal on $memory\mem[249]$7065 ($dff) from module axi_ram (D = $0$memwr$\mem$rtl/axi_ram.v:104$857_DATA[31:0]$876 [31:24], Q = \mem[249] [31:24]).
Adding EN signal on $memory\mem[248]$7063 ($dff) from module axi_ram (D = $0$memwr$\mem$rtl/axi_ram.v:97$854_DATA[31:0]$867 [7:0], Q = \mem[248] [7:0]).
Adding EN signal on $memory\mem[248]$7063 ($dff) from module axi_ram (D = $0$memwr$\mem$rtl/axi_ram.v:100$855_DATA[31:0]$870 [15:8], Q = \mem[248] [15:8]).
Adding EN signal on $memory\mem[248]$7063 ($dff) from module axi_ram (D = $0$memwr$\mem$rtl/axi_ram.v:102$856_DATA[31:0]$873 [23:16], Q = \mem[248] [23:16]).
Adding EN signal on $memory\mem[248]$7063 ($dff) from module axi_ram (D = $0$memwr$\mem$rtl/axi_ram.v:104$857_DATA[31:0]$876 [31:24], Q = \mem[248] [31:24]).
Adding EN signal on $memory\mem[247]$7061 ($dff) from module axi_ram (D = $0$memwr$\mem$rtl/axi_ram.v:97$854_DATA[31:0]$867 [7:0], Q = \mem[247] [7:0]).
Adding EN signal on $memory\mem[247]$7061 ($dff) from module axi_ram (D = $0$memwr$\mem$rtl/axi_ram.v:100$855_DATA[31:0]$870 [15:8], Q = \mem[247] [15:8]).
Adding EN signal on $memory\mem[247]$7061 ($dff) from module axi_ram (D = $0$memwr$\mem$rtl/axi_ram.v:102$856_DATA[31:0]$873 [23:16], Q = \mem[247] [23:16]).
Adding EN signal on $memory\mem[247]$7061 ($dff) from module axi_ram (D = $0$memwr$\mem$rtl/axi_ram.v:104$857_DATA[31:0]$876 [31:24], Q = \mem[247] [31:24]).
Adding EN signal on $memory\mem[246]$7059 ($dff) from module axi_ram (D = $0$memwr$\mem$rtl/axi_ram.v:97$854_DATA[31:0]$867 [7:0], Q = \mem[246] [7:0]).
Adding EN signal on $memory\mem[246]$7059 ($dff) from module axi_ram (D = $0$memwr$\mem$rtl/axi_ram.v:100$855_DATA[31:0]$870 [15:8], Q = \mem[246] [15:8]).
Adding EN signal on $memory\mem[246]$7059 ($dff) from module axi_ram (D = $0$memwr$\mem$rtl/axi_ram.v:102$856_DATA[31:0]$873 [23:16], Q = \mem[246] [23:16]).
Adding EN signal on $memory\mem[246]$7059 ($dff) from module axi_ram (D = $0$memwr$\mem$rtl/axi_ram.v:104$857_DATA[31:0]$876 [31:24], Q = \mem[246] [31:24]).
Adding EN signal on $memory\mem[245]$7057 ($dff) from module axi_ram (D = $0$memwr$\mem$rtl/axi_ram.v:97$854_DATA[31:0]$867 [7:0], Q = \mem[245] [7:0]).
Adding EN signal on $memory\mem[245]$7057 ($dff) from module axi_ram (D = $0$memwr$\mem$rtl/axi_ram.v:100$855_DATA[31:0]$870 [15:8], Q = \mem[245] [15:8]).
Adding EN signal on $memory\mem[245]$7057 ($dff) from module axi_ram (D = $0$memwr$\mem$rtl/axi_ram.v:102$856_DATA[31:0]$873 [23:16], Q = \mem[245] [23:16]).
Adding EN signal on $memory\mem[245]$7057 ($dff) from module axi_ram (D = $0$memwr$\mem$rtl/axi_ram.v:104$857_DATA[31:0]$876 [31:24], Q = \mem[245] [31:24]).
Adding EN signal on $memory\mem[244]$7055 ($dff) from module axi_ram (D = $0$memwr$\mem$rtl/axi_ram.v:97$854_DATA[31:0]$867 [7:0], Q = \mem[244] [7:0]).
Adding EN signal on $memory\mem[244]$7055 ($dff) from module axi_ram (D = $0$memwr$\mem$rtl/axi_ram.v:100$855_DATA[31:0]$870 [15:8], Q = \mem[244] [15:8]).
Adding EN signal on $memory\mem[244]$7055 ($dff) from module axi_ram (D = $0$memwr$\mem$rtl/axi_ram.v:102$856_DATA[31:0]$873 [23:16], Q = \mem[244] [23:16]).
Adding EN signal on $memory\mem[244]$7055 ($dff) from module axi_ram (D = $0$memwr$\mem$rtl/axi_ram.v:104$857_DATA[31:0]$876 [31:24], Q = \mem[244] [31:24]).
Adding EN signal on $memory\mem[243]$7053 ($dff) from module axi_ram (D = $0$memwr$\mem$rtl/axi_ram.v:97$854_DATA[31:0]$867 [7:0], Q = \mem[243] [7:0]).
Adding EN signal on $memory\mem[243]$7053 ($dff) from module axi_ram (D = $0$memwr$\mem$rtl/axi_ram.v:100$855_DATA[31:0]$870 [15:8], Q = \mem[243] [15:8]).
Adding EN signal on $memory\mem[243]$7053 ($dff) from module axi_ram (D = $0$memwr$\mem$rtl/axi_ram.v:102$856_DATA[31:0]$873 [23:16], Q = \mem[243] [23:16]).
Adding EN signal on $memory\mem[243]$7053 ($dff) from module axi_ram (D = $0$memwr$\mem$rtl/axi_ram.v:104$857_DATA[31:0]$876 [31:24], Q = \mem[243] [31:24]).
Adding EN signal on $memory\mem[242]$7051 ($dff) from module axi_ram (D = $0$memwr$\mem$rtl/axi_ram.v:97$854_DATA[31:0]$867 [7:0], Q = \mem[242] [7:0]).
Adding EN signal on $memory\mem[242]$7051 ($dff) from module axi_ram (D = $0$memwr$\mem$rtl/axi_ram.v:100$855_DATA[31:0]$870 [15:8], Q = \mem[242] [15:8]).
Adding EN signal on $memory\mem[242]$7051 ($dff) from module axi_ram (D = $0$memwr$\mem$rtl/axi_ram.v:102$856_DATA[31:0]$873 [23:16], Q = \mem[242] [23:16]).
Adding EN signal on $memory\mem[242]$7051 ($dff) from module axi_ram (D = $0$memwr$\mem$rtl/axi_ram.v:104$857_DATA[31:0]$876 [31:24], Q = \mem[242] [31:24]).
Adding EN signal on $memory\mem[241]$7049 ($dff) from module axi_ram (D = $0$memwr$\mem$rtl/axi_ram.v:97$854_DATA[31:0]$867 [7:0], Q = \mem[241] [7:0]).
Adding EN signal on $memory\mem[241]$7049 ($dff) from module axi_ram (D = $0$memwr$\mem$rtl/axi_ram.v:100$855_DATA[31:0]$870 [15:8], Q = \mem[241] [15:8]).
Adding EN signal on $memory\mem[241]$7049 ($dff) from module axi_ram (D = $0$memwr$\mem$rtl/axi_ram.v:102$856_DATA[31:0]$873 [23:16], Q = \mem[241] [23:16]).
Adding EN signal on $memory\mem[241]$7049 ($dff) from module axi_ram (D = $0$memwr$\mem$rtl/axi_ram.v:104$857_DATA[31:0]$876 [31:24], Q = \mem[241] [31:24]).
Adding EN signal on $memory\mem[240]$7047 ($dff) from module axi_ram (D = $0$memwr$\mem$rtl/axi_ram.v:97$854_DATA[31:0]$867 [7:0], Q = \mem[240] [7:0]).
Adding EN signal on $memory\mem[240]$7047 ($dff) from module axi_ram (D = $0$memwr$\mem$rtl/axi_ram.v:100$855_DATA[31:0]$870 [15:8], Q = \mem[240] [15:8]).
Adding EN signal on $memory\mem[240]$7047 ($dff) from module axi_ram (D = $0$memwr$\mem$rtl/axi_ram.v:102$856_DATA[31:0]$873 [23:16], Q = \mem[240] [23:16]).
Adding EN signal on $memory\mem[240]$7047 ($dff) from module axi_ram (D = $0$memwr$\mem$rtl/axi_ram.v:104$857_DATA[31:0]$876 [31:24], Q = \mem[240] [31:24]).
Adding EN signal on $memory\mem[23]$6613 ($dff) from module axi_ram (D = $0$memwr$\mem$rtl/axi_ram.v:97$854_DATA[31:0]$867 [7:0], Q = \mem[23] [7:0]).
Adding EN signal on $memory\mem[23]$6613 ($dff) from module axi_ram (D = $0$memwr$\mem$rtl/axi_ram.v:100$855_DATA[31:0]$870 [15:8], Q = \mem[23] [15:8]).
Adding EN signal on $memory\mem[23]$6613 ($dff) from module axi_ram (D = $0$memwr$\mem$rtl/axi_ram.v:102$856_DATA[31:0]$873 [23:16], Q = \mem[23] [23:16]).
Adding EN signal on $memory\mem[23]$6613 ($dff) from module axi_ram (D = $0$memwr$\mem$rtl/axi_ram.v:104$857_DATA[31:0]$876 [31:24], Q = \mem[23] [31:24]).
Adding EN signal on $memory\mem[239]$7045 ($dff) from module axi_ram (D = $0$memwr$\mem$rtl/axi_ram.v:97$854_DATA[31:0]$867 [7:0], Q = \mem[239] [7:0]).
Adding EN signal on $memory\mem[239]$7045 ($dff) from module axi_ram (D = $0$memwr$\mem$rtl/axi_ram.v:100$855_DATA[31:0]$870 [15:8], Q = \mem[239] [15:8]).
Adding EN signal on $memory\mem[239]$7045 ($dff) from module axi_ram (D = $0$memwr$\mem$rtl/axi_ram.v:102$856_DATA[31:0]$873 [23:16], Q = \mem[239] [23:16]).
Adding EN signal on $memory\mem[239]$7045 ($dff) from module axi_ram (D = $0$memwr$\mem$rtl/axi_ram.v:104$857_DATA[31:0]$876 [31:24], Q = \mem[239] [31:24]).
Adding EN signal on $memory\mem[238]$7043 ($dff) from module axi_ram (D = $0$memwr$\mem$rtl/axi_ram.v:97$854_DATA[31:0]$867 [7:0], Q = \mem[238] [7:0]).
Adding EN signal on $memory\mem[238]$7043 ($dff) from module axi_ram (D = $0$memwr$\mem$rtl/axi_ram.v:100$855_DATA[31:0]$870 [15:8], Q = \mem[238] [15:8]).
Adding EN signal on $memory\mem[238]$7043 ($dff) from module axi_ram (D = $0$memwr$\mem$rtl/axi_ram.v:102$856_DATA[31:0]$873 [23:16], Q = \mem[238] [23:16]).
Adding EN signal on $memory\mem[238]$7043 ($dff) from module axi_ram (D = $0$memwr$\mem$rtl/axi_ram.v:104$857_DATA[31:0]$876 [31:24], Q = \mem[238] [31:24]).
Adding EN signal on $memory\mem[237]$7041 ($dff) from module axi_ram (D = $0$memwr$\mem$rtl/axi_ram.v:97$854_DATA[31:0]$867 [7:0], Q = \mem[237] [7:0]).
Adding EN signal on $memory\mem[237]$7041 ($dff) from module axi_ram (D = $0$memwr$\mem$rtl/axi_ram.v:100$855_DATA[31:0]$870 [15:8], Q = \mem[237] [15:8]).
Adding EN signal on $memory\mem[237]$7041 ($dff) from module axi_ram (D = $0$memwr$\mem$rtl/axi_ram.v:102$856_DATA[31:0]$873 [23:16], Q = \mem[237] [23:16]).
Adding EN signal on $memory\mem[237]$7041 ($dff) from module axi_ram (D = $0$memwr$\mem$rtl/axi_ram.v:104$857_DATA[31:0]$876 [31:24], Q = \mem[237] [31:24]).
Adding EN signal on $memory\mem[236]$7039 ($dff) from module axi_ram (D = $0$memwr$\mem$rtl/axi_ram.v:97$854_DATA[31:0]$867 [7:0], Q = \mem[236] [7:0]).
Adding EN signal on $memory\mem[236]$7039 ($dff) from module axi_ram (D = $0$memwr$\mem$rtl/axi_ram.v:100$855_DATA[31:0]$870 [15:8], Q = \mem[236] [15:8]).
Adding EN signal on $memory\mem[236]$7039 ($dff) from module axi_ram (D = $0$memwr$\mem$rtl/axi_ram.v:102$856_DATA[31:0]$873 [23:16], Q = \mem[236] [23:16]).
Adding EN signal on $memory\mem[236]$7039 ($dff) from module axi_ram (D = $0$memwr$\mem$rtl/axi_ram.v:104$857_DATA[31:0]$876 [31:24], Q = \mem[236] [31:24]).
Adding EN signal on $memory\mem[235]$7037 ($dff) from module axi_ram (D = $0$memwr$\mem$rtl/axi_ram.v:97$854_DATA[31:0]$867 [7:0], Q = \mem[235] [7:0]).
Adding EN signal on $memory\mem[235]$7037 ($dff) from module axi_ram (D = $0$memwr$\mem$rtl/axi_ram.v:100$855_DATA[31:0]$870 [15:8], Q = \mem[235] [15:8]).
Adding EN signal on $memory\mem[235]$7037 ($dff) from module axi_ram (D = $0$memwr$\mem$rtl/axi_ram.v:102$856_DATA[31:0]$873 [23:16], Q = \mem[235] [23:16]).
Adding EN signal on $memory\mem[235]$7037 ($dff) from module axi_ram (D = $0$memwr$\mem$rtl/axi_ram.v:104$857_DATA[31:0]$876 [31:24], Q = \mem[235] [31:24]).
Adding EN signal on $memory\mem[234]$7035 ($dff) from module axi_ram (D = $0$memwr$\mem$rtl/axi_ram.v:97$854_DATA[31:0]$867 [7:0], Q = \mem[234] [7:0]).
Adding EN signal on $memory\mem[234]$7035 ($dff) from module axi_ram (D = $0$memwr$\mem$rtl/axi_ram.v:100$855_DATA[31:0]$870 [15:8], Q = \mem[234] [15:8]).
Adding EN signal on $memory\mem[234]$7035 ($dff) from module axi_ram (D = $0$memwr$\mem$rtl/axi_ram.v:102$856_DATA[31:0]$873 [23:16], Q = \mem[234] [23:16]).
Adding EN signal on $memory\mem[234]$7035 ($dff) from module axi_ram (D = $0$memwr$\mem$rtl/axi_ram.v:104$857_DATA[31:0]$876 [31:24], Q = \mem[234] [31:24]).
Adding EN signal on $memory\mem[233]$7033 ($dff) from module axi_ram (D = $0$memwr$\mem$rtl/axi_ram.v:97$854_DATA[31:0]$867 [7:0], Q = \mem[233] [7:0]).
Adding EN signal on $memory\mem[233]$7033 ($dff) from module axi_ram (D = $0$memwr$\mem$rtl/axi_ram.v:100$855_DATA[31:0]$870 [15:8], Q = \mem[233] [15:8]).
Adding EN signal on $memory\mem[233]$7033 ($dff) from module axi_ram (D = $0$memwr$\mem$rtl/axi_ram.v:102$856_DATA[31:0]$873 [23:16], Q = \mem[233] [23:16]).
Adding EN signal on $memory\mem[233]$7033 ($dff) from module axi_ram (D = $0$memwr$\mem$rtl/axi_ram.v:104$857_DATA[31:0]$876 [31:24], Q = \mem[233] [31:24]).
Adding EN signal on $memory\mem[232]$7031 ($dff) from module axi_ram (D = $0$memwr$\mem$rtl/axi_ram.v:97$854_DATA[31:0]$867 [7:0], Q = \mem[232] [7:0]).
Adding EN signal on $memory\mem[232]$7031 ($dff) from module axi_ram (D = $0$memwr$\mem$rtl/axi_ram.v:100$855_DATA[31:0]$870 [15:8], Q = \mem[232] [15:8]).
Adding EN signal on $memory\mem[232]$7031 ($dff) from module axi_ram (D = $0$memwr$\mem$rtl/axi_ram.v:102$856_DATA[31:0]$873 [23:16], Q = \mem[232] [23:16]).
Adding EN signal on $memory\mem[232]$7031 ($dff) from module axi_ram (D = $0$memwr$\mem$rtl/axi_ram.v:104$857_DATA[31:0]$876 [31:24], Q = \mem[232] [31:24]).
Adding EN signal on $memory\mem[231]$7029 ($dff) from module axi_ram (D = $0$memwr$\mem$rtl/axi_ram.v:97$854_DATA[31:0]$867 [7:0], Q = \mem[231] [7:0]).
Adding EN signal on $memory\mem[231]$7029 ($dff) from module axi_ram (D = $0$memwr$\mem$rtl/axi_ram.v:100$855_DATA[31:0]$870 [15:8], Q = \mem[231] [15:8]).
Adding EN signal on $memory\mem[231]$7029 ($dff) from module axi_ram (D = $0$memwr$\mem$rtl/axi_ram.v:102$856_DATA[31:0]$873 [23:16], Q = \mem[231] [23:16]).
Adding EN signal on $memory\mem[231]$7029 ($dff) from module axi_ram (D = $0$memwr$\mem$rtl/axi_ram.v:104$857_DATA[31:0]$876 [31:24], Q = \mem[231] [31:24]).
Adding EN signal on $memory\mem[230]$7027 ($dff) from module axi_ram (D = $0$memwr$\mem$rtl/axi_ram.v:97$854_DATA[31:0]$867 [7:0], Q = \mem[230] [7:0]).
Adding EN signal on $memory\mem[230]$7027 ($dff) from module axi_ram (D = $0$memwr$\mem$rtl/axi_ram.v:100$855_DATA[31:0]$870 [15:8], Q = \mem[230] [15:8]).
Adding EN signal on $memory\mem[230]$7027 ($dff) from module axi_ram (D = $0$memwr$\mem$rtl/axi_ram.v:102$856_DATA[31:0]$873 [23:16], Q = \mem[230] [23:16]).
Adding EN signal on $memory\mem[230]$7027 ($dff) from module axi_ram (D = $0$memwr$\mem$rtl/axi_ram.v:104$857_DATA[31:0]$876 [31:24], Q = \mem[230] [31:24]).
Adding EN signal on $memory\mem[22]$6611 ($dff) from module axi_ram (D = $0$memwr$\mem$rtl/axi_ram.v:97$854_DATA[31:0]$867 [7:0], Q = \mem[22] [7:0]).
Adding EN signal on $memory\mem[22]$6611 ($dff) from module axi_ram (D = $0$memwr$\mem$rtl/axi_ram.v:100$855_DATA[31:0]$870 [15:8], Q = \mem[22] [15:8]).
Adding EN signal on $memory\mem[22]$6611 ($dff) from module axi_ram (D = $0$memwr$\mem$rtl/axi_ram.v:102$856_DATA[31:0]$873 [23:16], Q = \mem[22] [23:16]).
Adding EN signal on $memory\mem[22]$6611 ($dff) from module axi_ram (D = $0$memwr$\mem$rtl/axi_ram.v:104$857_DATA[31:0]$876 [31:24], Q = \mem[22] [31:24]).
Adding EN signal on $memory\mem[229]$7025 ($dff) from module axi_ram (D = $0$memwr$\mem$rtl/axi_ram.v:97$854_DATA[31:0]$867 [7:0], Q = \mem[229] [7:0]).
Adding EN signal on $memory\mem[229]$7025 ($dff) from module axi_ram (D = $0$memwr$\mem$rtl/axi_ram.v:100$855_DATA[31:0]$870 [15:8], Q = \mem[229] [15:8]).
Adding EN signal on $memory\mem[229]$7025 ($dff) from module axi_ram (D = $0$memwr$\mem$rtl/axi_ram.v:102$856_DATA[31:0]$873 [23:16], Q = \mem[229] [23:16]).
Adding EN signal on $memory\mem[229]$7025 ($dff) from module axi_ram (D = $0$memwr$\mem$rtl/axi_ram.v:104$857_DATA[31:0]$876 [31:24], Q = \mem[229] [31:24]).
Adding EN signal on $memory\mem[228]$7023 ($dff) from module axi_ram (D = $0$memwr$\mem$rtl/axi_ram.v:97$854_DATA[31:0]$867 [7:0], Q = \mem[228] [7:0]).
Adding EN signal on $memory\mem[228]$7023 ($dff) from module axi_ram (D = $0$memwr$\mem$rtl/axi_ram.v:100$855_DATA[31:0]$870 [15:8], Q = \mem[228] [15:8]).
Adding EN signal on $memory\mem[228]$7023 ($dff) from module axi_ram (D = $0$memwr$\mem$rtl/axi_ram.v:102$856_DATA[31:0]$873 [23:16], Q = \mem[228] [23:16]).
Adding EN signal on $memory\mem[228]$7023 ($dff) from module axi_ram (D = $0$memwr$\mem$rtl/axi_ram.v:104$857_DATA[31:0]$876 [31:24], Q = \mem[228] [31:24]).
Adding EN signal on $memory\mem[227]$7021 ($dff) from module axi_ram (D = $0$memwr$\mem$rtl/axi_ram.v:97$854_DATA[31:0]$867 [7:0], Q = \mem[227] [7:0]).
Adding EN signal on $memory\mem[227]$7021 ($dff) from module axi_ram (D = $0$memwr$\mem$rtl/axi_ram.v:100$855_DATA[31:0]$870 [15:8], Q = \mem[227] [15:8]).
Adding EN signal on $memory\mem[227]$7021 ($dff) from module axi_ram (D = $0$memwr$\mem$rtl/axi_ram.v:102$856_DATA[31:0]$873 [23:16], Q = \mem[227] [23:16]).
Adding EN signal on $memory\mem[227]$7021 ($dff) from module axi_ram (D = $0$memwr$\mem$rtl/axi_ram.v:104$857_DATA[31:0]$876 [31:24], Q = \mem[227] [31:24]).
Adding EN signal on $memory\mem[226]$7019 ($dff) from module axi_ram (D = $0$memwr$\mem$rtl/axi_ram.v:97$854_DATA[31:0]$867 [7:0], Q = \mem[226] [7:0]).
Adding EN signal on $memory\mem[226]$7019 ($dff) from module axi_ram (D = $0$memwr$\mem$rtl/axi_ram.v:100$855_DATA[31:0]$870 [15:8], Q = \mem[226] [15:8]).
Adding EN signal on $memory\mem[226]$7019 ($dff) from module axi_ram (D = $0$memwr$\mem$rtl/axi_ram.v:102$856_DATA[31:0]$873 [23:16], Q = \mem[226] [23:16]).
Adding EN signal on $memory\mem[226]$7019 ($dff) from module axi_ram (D = $0$memwr$\mem$rtl/axi_ram.v:104$857_DATA[31:0]$876 [31:24], Q = \mem[226] [31:24]).
Adding EN signal on $memory\mem[225]$7017 ($dff) from module axi_ram (D = $0$memwr$\mem$rtl/axi_ram.v:97$854_DATA[31:0]$867 [7:0], Q = \mem[225] [7:0]).
Adding EN signal on $memory\mem[225]$7017 ($dff) from module axi_ram (D = $0$memwr$\mem$rtl/axi_ram.v:100$855_DATA[31:0]$870 [15:8], Q = \mem[225] [15:8]).
Adding EN signal on $memory\mem[225]$7017 ($dff) from module axi_ram (D = $0$memwr$\mem$rtl/axi_ram.v:102$856_DATA[31:0]$873 [23:16], Q = \mem[225] [23:16]).
Adding EN signal on $memory\mem[225]$7017 ($dff) from module axi_ram (D = $0$memwr$\mem$rtl/axi_ram.v:104$857_DATA[31:0]$876 [31:24], Q = \mem[225] [31:24]).
Adding EN signal on $memory\mem[224]$7015 ($dff) from module axi_ram (D = $0$memwr$\mem$rtl/axi_ram.v:97$854_DATA[31:0]$867 [7:0], Q = \mem[224] [7:0]).
Adding EN signal on $memory\mem[224]$7015 ($dff) from module axi_ram (D = $0$memwr$\mem$rtl/axi_ram.v:100$855_DATA[31:0]$870 [15:8], Q = \mem[224] [15:8]).
Adding EN signal on $memory\mem[224]$7015 ($dff) from module axi_ram (D = $0$memwr$\mem$rtl/axi_ram.v:102$856_DATA[31:0]$873 [23:16], Q = \mem[224] [23:16]).
Adding EN signal on $memory\mem[224]$7015 ($dff) from module axi_ram (D = $0$memwr$\mem$rtl/axi_ram.v:104$857_DATA[31:0]$876 [31:24], Q = \mem[224] [31:24]).
Adding EN signal on $memory\mem[223]$7013 ($dff) from module axi_ram (D = $0$memwr$\mem$rtl/axi_ram.v:97$854_DATA[31:0]$867 [7:0], Q = \mem[223] [7:0]).
Adding EN signal on $memory\mem[223]$7013 ($dff) from module axi_ram (D = $0$memwr$\mem$rtl/axi_ram.v:100$855_DATA[31:0]$870 [15:8], Q = \mem[223] [15:8]).
Adding EN signal on $memory\mem[223]$7013 ($dff) from module axi_ram (D = $0$memwr$\mem$rtl/axi_ram.v:102$856_DATA[31:0]$873 [23:16], Q = \mem[223] [23:16]).
Adding EN signal on $memory\mem[223]$7013 ($dff) from module axi_ram (D = $0$memwr$\mem$rtl/axi_ram.v:104$857_DATA[31:0]$876 [31:24], Q = \mem[223] [31:24]).
Adding EN signal on $memory\mem[222]$7011 ($dff) from module axi_ram (D = $0$memwr$\mem$rtl/axi_ram.v:97$854_DATA[31:0]$867 [7:0], Q = \mem[222] [7:0]).
Adding EN signal on $memory\mem[222]$7011 ($dff) from module axi_ram (D = $0$memwr$\mem$rtl/axi_ram.v:100$855_DATA[31:0]$870 [15:8], Q = \mem[222] [15:8]).
Adding EN signal on $memory\mem[222]$7011 ($dff) from module axi_ram (D = $0$memwr$\mem$rtl/axi_ram.v:102$856_DATA[31:0]$873 [23:16], Q = \mem[222] [23:16]).
Adding EN signal on $memory\mem[222]$7011 ($dff) from module axi_ram (D = $0$memwr$\mem$rtl/axi_ram.v:104$857_DATA[31:0]$876 [31:24], Q = \mem[222] [31:24]).
Adding EN signal on $memory\mem[221]$7009 ($dff) from module axi_ram (D = $0$memwr$\mem$rtl/axi_ram.v:97$854_DATA[31:0]$867 [7:0], Q = \mem[221] [7:0]).
Adding EN signal on $memory\mem[221]$7009 ($dff) from module axi_ram (D = $0$memwr$\mem$rtl/axi_ram.v:100$855_DATA[31:0]$870 [15:8], Q = \mem[221] [15:8]).
Adding EN signal on $memory\mem[221]$7009 ($dff) from module axi_ram (D = $0$memwr$\mem$rtl/axi_ram.v:102$856_DATA[31:0]$873 [23:16], Q = \mem[221] [23:16]).
Adding EN signal on $memory\mem[221]$7009 ($dff) from module axi_ram (D = $0$memwr$\mem$rtl/axi_ram.v:104$857_DATA[31:0]$876 [31:24], Q = \mem[221] [31:24]).
Adding EN signal on $memory\mem[220]$7007 ($dff) from module axi_ram (D = $0$memwr$\mem$rtl/axi_ram.v:97$854_DATA[31:0]$867 [7:0], Q = \mem[220] [7:0]).
Adding EN signal on $memory\mem[220]$7007 ($dff) from module axi_ram (D = $0$memwr$\mem$rtl/axi_ram.v:100$855_DATA[31:0]$870 [15:8], Q = \mem[220] [15:8]).
Adding EN signal on $memory\mem[220]$7007 ($dff) from module axi_ram (D = $0$memwr$\mem$rtl/axi_ram.v:102$856_DATA[31:0]$873 [23:16], Q = \mem[220] [23:16]).
Adding EN signal on $memory\mem[220]$7007 ($dff) from module axi_ram (D = $0$memwr$\mem$rtl/axi_ram.v:104$857_DATA[31:0]$876 [31:24], Q = \mem[220] [31:24]).
Adding EN signal on $memory\mem[21]$6609 ($dff) from module axi_ram (D = $0$memwr$\mem$rtl/axi_ram.v:97$854_DATA[31:0]$867 [7:0], Q = \mem[21] [7:0]).
Adding EN signal on $memory\mem[21]$6609 ($dff) from module axi_ram (D = $0$memwr$\mem$rtl/axi_ram.v:100$855_DATA[31:0]$870 [15:8], Q = \mem[21] [15:8]).
Adding EN signal on $memory\mem[21]$6609 ($dff) from module axi_ram (D = $0$memwr$\mem$rtl/axi_ram.v:102$856_DATA[31:0]$873 [23:16], Q = \mem[21] [23:16]).
Adding EN signal on $memory\mem[21]$6609 ($dff) from module axi_ram (D = $0$memwr$\mem$rtl/axi_ram.v:104$857_DATA[31:0]$876 [31:24], Q = \mem[21] [31:24]).
Adding EN signal on $memory\mem[219]$7005 ($dff) from module axi_ram (D = $0$memwr$\mem$rtl/axi_ram.v:97$854_DATA[31:0]$867 [7:0], Q = \mem[219] [7:0]).
Adding EN signal on $memory\mem[219]$7005 ($dff) from module axi_ram (D = $0$memwr$\mem$rtl/axi_ram.v:100$855_DATA[31:0]$870 [15:8], Q = \mem[219] [15:8]).
Adding EN signal on $memory\mem[219]$7005 ($dff) from module axi_ram (D = $0$memwr$\mem$rtl/axi_ram.v:102$856_DATA[31:0]$873 [23:16], Q = \mem[219] [23:16]).
Adding EN signal on $memory\mem[219]$7005 ($dff) from module axi_ram (D = $0$memwr$\mem$rtl/axi_ram.v:104$857_DATA[31:0]$876 [31:24], Q = \mem[219] [31:24]).
Adding EN signal on $memory\mem[218]$7003 ($dff) from module axi_ram (D = $0$memwr$\mem$rtl/axi_ram.v:97$854_DATA[31:0]$867 [7:0], Q = \mem[218] [7:0]).
Adding EN signal on $memory\mem[218]$7003 ($dff) from module axi_ram (D = $0$memwr$\mem$rtl/axi_ram.v:100$855_DATA[31:0]$870 [15:8], Q = \mem[218] [15:8]).
Adding EN signal on $memory\mem[218]$7003 ($dff) from module axi_ram (D = $0$memwr$\mem$rtl/axi_ram.v:102$856_DATA[31:0]$873 [23:16], Q = \mem[218] [23:16]).
Adding EN signal on $memory\mem[218]$7003 ($dff) from module axi_ram (D = $0$memwr$\mem$rtl/axi_ram.v:104$857_DATA[31:0]$876 [31:24], Q = \mem[218] [31:24]).
Adding EN signal on $memory\mem[217]$7001 ($dff) from module axi_ram (D = $0$memwr$\mem$rtl/axi_ram.v:97$854_DATA[31:0]$867 [7:0], Q = \mem[217] [7:0]).
Adding EN signal on $memory\mem[217]$7001 ($dff) from module axi_ram (D = $0$memwr$\mem$rtl/axi_ram.v:100$855_DATA[31:0]$870 [15:8], Q = \mem[217] [15:8]).
Adding EN signal on $memory\mem[217]$7001 ($dff) from module axi_ram (D = $0$memwr$\mem$rtl/axi_ram.v:102$856_DATA[31:0]$873 [23:16], Q = \mem[217] [23:16]).
Adding EN signal on $memory\mem[217]$7001 ($dff) from module axi_ram (D = $0$memwr$\mem$rtl/axi_ram.v:104$857_DATA[31:0]$876 [31:24], Q = \mem[217] [31:24]).
Adding EN signal on $memory\mem[216]$6999 ($dff) from module axi_ram (D = $0$memwr$\mem$rtl/axi_ram.v:97$854_DATA[31:0]$867 [7:0], Q = \mem[216] [7:0]).
Adding EN signal on $memory\mem[216]$6999 ($dff) from module axi_ram (D = $0$memwr$\mem$rtl/axi_ram.v:100$855_DATA[31:0]$870 [15:8], Q = \mem[216] [15:8]).
Adding EN signal on $memory\mem[216]$6999 ($dff) from module axi_ram (D = $0$memwr$\mem$rtl/axi_ram.v:102$856_DATA[31:0]$873 [23:16], Q = \mem[216] [23:16]).
Adding EN signal on $memory\mem[216]$6999 ($dff) from module axi_ram (D = $0$memwr$\mem$rtl/axi_ram.v:104$857_DATA[31:0]$876 [31:24], Q = \mem[216] [31:24]).
Adding EN signal on $memory\mem[215]$6997 ($dff) from module axi_ram (D = $0$memwr$\mem$rtl/axi_ram.v:97$854_DATA[31:0]$867 [7:0], Q = \mem[215] [7:0]).
Adding EN signal on $memory\mem[215]$6997 ($dff) from module axi_ram (D = $0$memwr$\mem$rtl/axi_ram.v:100$855_DATA[31:0]$870 [15:8], Q = \mem[215] [15:8]).
Adding EN signal on $memory\mem[215]$6997 ($dff) from module axi_ram (D = $0$memwr$\mem$rtl/axi_ram.v:102$856_DATA[31:0]$873 [23:16], Q = \mem[215] [23:16]).
Adding EN signal on $memory\mem[215]$6997 ($dff) from module axi_ram (D = $0$memwr$\mem$rtl/axi_ram.v:104$857_DATA[31:0]$876 [31:24], Q = \mem[215] [31:24]).
Adding EN signal on $memory\mem[214]$6995 ($dff) from module axi_ram (D = $0$memwr$\mem$rtl/axi_ram.v:97$854_DATA[31:0]$867 [7:0], Q = \mem[214] [7:0]).
Adding EN signal on $memory\mem[214]$6995 ($dff) from module axi_ram (D = $0$memwr$\mem$rtl/axi_ram.v:100$855_DATA[31:0]$870 [15:8], Q = \mem[214] [15:8]).
Adding EN signal on $memory\mem[214]$6995 ($dff) from module axi_ram (D = $0$memwr$\mem$rtl/axi_ram.v:102$856_DATA[31:0]$873 [23:16], Q = \mem[214] [23:16]).
Adding EN signal on $memory\mem[214]$6995 ($dff) from module axi_ram (D = $0$memwr$\mem$rtl/axi_ram.v:104$857_DATA[31:0]$876 [31:24], Q = \mem[214] [31:24]).
Adding EN signal on $memory\mem[213]$6993 ($dff) from module axi_ram (D = $0$memwr$\mem$rtl/axi_ram.v:97$854_DATA[31:0]$867 [7:0], Q = \mem[213] [7:0]).
Adding EN signal on $memory\mem[213]$6993 ($dff) from module axi_ram (D = $0$memwr$\mem$rtl/axi_ram.v:100$855_DATA[31:0]$870 [15:8], Q = \mem[213] [15:8]).
Adding EN signal on $memory\mem[213]$6993 ($dff) from module axi_ram (D = $0$memwr$\mem$rtl/axi_ram.v:102$856_DATA[31:0]$873 [23:16], Q = \mem[213] [23:16]).
Adding EN signal on $memory\mem[213]$6993 ($dff) from module axi_ram (D = $0$memwr$\mem$rtl/axi_ram.v:104$857_DATA[31:0]$876 [31:24], Q = \mem[213] [31:24]).
Adding EN signal on $memory\mem[212]$6991 ($dff) from module axi_ram (D = $0$memwr$\mem$rtl/axi_ram.v:97$854_DATA[31:0]$867 [7:0], Q = \mem[212] [7:0]).
Adding EN signal on $memory\mem[212]$6991 ($dff) from module axi_ram (D = $0$memwr$\mem$rtl/axi_ram.v:100$855_DATA[31:0]$870 [15:8], Q = \mem[212] [15:8]).
Adding EN signal on $memory\mem[212]$6991 ($dff) from module axi_ram (D = $0$memwr$\mem$rtl/axi_ram.v:102$856_DATA[31:0]$873 [23:16], Q = \mem[212] [23:16]).
Adding EN signal on $memory\mem[212]$6991 ($dff) from module axi_ram (D = $0$memwr$\mem$rtl/axi_ram.v:104$857_DATA[31:0]$876 [31:24], Q = \mem[212] [31:24]).
Adding EN signal on $memory\mem[211]$6989 ($dff) from module axi_ram (D = $0$memwr$\mem$rtl/axi_ram.v:97$854_DATA[31:0]$867 [7:0], Q = \mem[211] [7:0]).
Adding EN signal on $memory\mem[211]$6989 ($dff) from module axi_ram (D = $0$memwr$\mem$rtl/axi_ram.v:100$855_DATA[31:0]$870 [15:8], Q = \mem[211] [15:8]).
Adding EN signal on $memory\mem[211]$6989 ($dff) from module axi_ram (D = $0$memwr$\mem$rtl/axi_ram.v:102$856_DATA[31:0]$873 [23:16], Q = \mem[211] [23:16]).
Adding EN signal on $memory\mem[211]$6989 ($dff) from module axi_ram (D = $0$memwr$\mem$rtl/axi_ram.v:104$857_DATA[31:0]$876 [31:24], Q = \mem[211] [31:24]).
Adding EN signal on $memory\mem[210]$6987 ($dff) from module axi_ram (D = $0$memwr$\mem$rtl/axi_ram.v:97$854_DATA[31:0]$867 [7:0], Q = \mem[210] [7:0]).
Adding EN signal on $memory\mem[210]$6987 ($dff) from module axi_ram (D = $0$memwr$\mem$rtl/axi_ram.v:100$855_DATA[31:0]$870 [15:8], Q = \mem[210] [15:8]).
Adding EN signal on $memory\mem[210]$6987 ($dff) from module axi_ram (D = $0$memwr$\mem$rtl/axi_ram.v:102$856_DATA[31:0]$873 [23:16], Q = \mem[210] [23:16]).
Adding EN signal on $memory\mem[210]$6987 ($dff) from module axi_ram (D = $0$memwr$\mem$rtl/axi_ram.v:104$857_DATA[31:0]$876 [31:24], Q = \mem[210] [31:24]).
Adding EN signal on $memory\mem[20]$6607 ($dff) from module axi_ram (D = $0$memwr$\mem$rtl/axi_ram.v:97$854_DATA[31:0]$867 [7:0], Q = \mem[20] [7:0]).
Adding EN signal on $memory\mem[20]$6607 ($dff) from module axi_ram (D = $0$memwr$\mem$rtl/axi_ram.v:100$855_DATA[31:0]$870 [15:8], Q = \mem[20] [15:8]).
Adding EN signal on $memory\mem[20]$6607 ($dff) from module axi_ram (D = $0$memwr$\mem$rtl/axi_ram.v:102$856_DATA[31:0]$873 [23:16], Q = \mem[20] [23:16]).
Adding EN signal on $memory\mem[20]$6607 ($dff) from module axi_ram (D = $0$memwr$\mem$rtl/axi_ram.v:104$857_DATA[31:0]$876 [31:24], Q = \mem[20] [31:24]).
Adding EN signal on $memory\mem[209]$6985 ($dff) from module axi_ram (D = $0$memwr$\mem$rtl/axi_ram.v:97$854_DATA[31:0]$867 [7:0], Q = \mem[209] [7:0]).
Adding EN signal on $memory\mem[209]$6985 ($dff) from module axi_ram (D = $0$memwr$\mem$rtl/axi_ram.v:100$855_DATA[31:0]$870 [15:8], Q = \mem[209] [15:8]).
Adding EN signal on $memory\mem[209]$6985 ($dff) from module axi_ram (D = $0$memwr$\mem$rtl/axi_ram.v:102$856_DATA[31:0]$873 [23:16], Q = \mem[209] [23:16]).
Adding EN signal on $memory\mem[209]$6985 ($dff) from module axi_ram (D = $0$memwr$\mem$rtl/axi_ram.v:104$857_DATA[31:0]$876 [31:24], Q = \mem[209] [31:24]).
Adding EN signal on $memory\mem[208]$6983 ($dff) from module axi_ram (D = $0$memwr$\mem$rtl/axi_ram.v:97$854_DATA[31:0]$867 [7:0], Q = \mem[208] [7:0]).
Adding EN signal on $memory\mem[208]$6983 ($dff) from module axi_ram (D = $0$memwr$\mem$rtl/axi_ram.v:100$855_DATA[31:0]$870 [15:8], Q = \mem[208] [15:8]).
Adding EN signal on $memory\mem[208]$6983 ($dff) from module axi_ram (D = $0$memwr$\mem$rtl/axi_ram.v:102$856_DATA[31:0]$873 [23:16], Q = \mem[208] [23:16]).
Adding EN signal on $memory\mem[208]$6983 ($dff) from module axi_ram (D = $0$memwr$\mem$rtl/axi_ram.v:104$857_DATA[31:0]$876 [31:24], Q = \mem[208] [31:24]).
Adding EN signal on $memory\mem[207]$6981 ($dff) from module axi_ram (D = $0$memwr$\mem$rtl/axi_ram.v:97$854_DATA[31:0]$867 [7:0], Q = \mem[207] [7:0]).
Adding EN signal on $memory\mem[207]$6981 ($dff) from module axi_ram (D = $0$memwr$\mem$rtl/axi_ram.v:100$855_DATA[31:0]$870 [15:8], Q = \mem[207] [15:8]).
Adding EN signal on $memory\mem[207]$6981 ($dff) from module axi_ram (D = $0$memwr$\mem$rtl/axi_ram.v:102$856_DATA[31:0]$873 [23:16], Q = \mem[207] [23:16]).
Adding EN signal on $memory\mem[207]$6981 ($dff) from module axi_ram (D = $0$memwr$\mem$rtl/axi_ram.v:104$857_DATA[31:0]$876 [31:24], Q = \mem[207] [31:24]).
Adding EN signal on $memory\mem[206]$6979 ($dff) from module axi_ram (D = $0$memwr$\mem$rtl/axi_ram.v:97$854_DATA[31:0]$867 [7:0], Q = \mem[206] [7:0]).
Adding EN signal on $memory\mem[206]$6979 ($dff) from module axi_ram (D = $0$memwr$\mem$rtl/axi_ram.v:100$855_DATA[31:0]$870 [15:8], Q = \mem[206] [15:8]).
Adding EN signal on $memory\mem[206]$6979 ($dff) from module axi_ram (D = $0$memwr$\mem$rtl/axi_ram.v:102$856_DATA[31:0]$873 [23:16], Q = \mem[206] [23:16]).
Adding EN signal on $memory\mem[206]$6979 ($dff) from module axi_ram (D = $0$memwr$\mem$rtl/axi_ram.v:104$857_DATA[31:0]$876 [31:24], Q = \mem[206] [31:24]).
Adding EN signal on $memory\mem[205]$6977 ($dff) from module axi_ram (D = $0$memwr$\mem$rtl/axi_ram.v:97$854_DATA[31:0]$867 [7:0], Q = \mem[205] [7:0]).
Adding EN signal on $memory\mem[205]$6977 ($dff) from module axi_ram (D = $0$memwr$\mem$rtl/axi_ram.v:100$855_DATA[31:0]$870 [15:8], Q = \mem[205] [15:8]).
Adding EN signal on $memory\mem[205]$6977 ($dff) from module axi_ram (D = $0$memwr$\mem$rtl/axi_ram.v:102$856_DATA[31:0]$873 [23:16], Q = \mem[205] [23:16]).
Adding EN signal on $memory\mem[205]$6977 ($dff) from module axi_ram (D = $0$memwr$\mem$rtl/axi_ram.v:104$857_DATA[31:0]$876 [31:24], Q = \mem[205] [31:24]).
Adding EN signal on $memory\mem[204]$6975 ($dff) from module axi_ram (D = $0$memwr$\mem$rtl/axi_ram.v:97$854_DATA[31:0]$867 [7:0], Q = \mem[204] [7:0]).
Adding EN signal on $memory\mem[204]$6975 ($dff) from module axi_ram (D = $0$memwr$\mem$rtl/axi_ram.v:100$855_DATA[31:0]$870 [15:8], Q = \mem[204] [15:8]).
Adding EN signal on $memory\mem[204]$6975 ($dff) from module axi_ram (D = $0$memwr$\mem$rtl/axi_ram.v:102$856_DATA[31:0]$873 [23:16], Q = \mem[204] [23:16]).
Adding EN signal on $memory\mem[204]$6975 ($dff) from module axi_ram (D = $0$memwr$\mem$rtl/axi_ram.v:104$857_DATA[31:0]$876 [31:24], Q = \mem[204] [31:24]).
Adding EN signal on $memory\mem[203]$6973 ($dff) from module axi_ram (D = $0$memwr$\mem$rtl/axi_ram.v:97$854_DATA[31:0]$867 [7:0], Q = \mem[203] [7:0]).
Adding EN signal on $memory\mem[203]$6973 ($dff) from module axi_ram (D = $0$memwr$\mem$rtl/axi_ram.v:100$855_DATA[31:0]$870 [15:8], Q = \mem[203] [15:8]).
Adding EN signal on $memory\mem[203]$6973 ($dff) from module axi_ram (D = $0$memwr$\mem$rtl/axi_ram.v:102$856_DATA[31:0]$873 [23:16], Q = \mem[203] [23:16]).
Adding EN signal on $memory\mem[203]$6973 ($dff) from module axi_ram (D = $0$memwr$\mem$rtl/axi_ram.v:104$857_DATA[31:0]$876 [31:24], Q = \mem[203] [31:24]).
Adding EN signal on $memory\mem[202]$6971 ($dff) from module axi_ram (D = $0$memwr$\mem$rtl/axi_ram.v:97$854_DATA[31:0]$867 [7:0], Q = \mem[202] [7:0]).
Adding EN signal on $memory\mem[202]$6971 ($dff) from module axi_ram (D = $0$memwr$\mem$rtl/axi_ram.v:100$855_DATA[31:0]$870 [15:8], Q = \mem[202] [15:8]).
Adding EN signal on $memory\mem[202]$6971 ($dff) from module axi_ram (D = $0$memwr$\mem$rtl/axi_ram.v:102$856_DATA[31:0]$873 [23:16], Q = \mem[202] [23:16]).
Adding EN signal on $memory\mem[202]$6971 ($dff) from module axi_ram (D = $0$memwr$\mem$rtl/axi_ram.v:104$857_DATA[31:0]$876 [31:24], Q = \mem[202] [31:24]).
Adding EN signal on $memory\mem[201]$6969 ($dff) from module axi_ram (D = $0$memwr$\mem$rtl/axi_ram.v:97$854_DATA[31:0]$867 [7:0], Q = \mem[201] [7:0]).
Adding EN signal on $memory\mem[201]$6969 ($dff) from module axi_ram (D = $0$memwr$\mem$rtl/axi_ram.v:100$855_DATA[31:0]$870 [15:8], Q = \mem[201] [15:8]).
Adding EN signal on $memory\mem[201]$6969 ($dff) from module axi_ram (D = $0$memwr$\mem$rtl/axi_ram.v:102$856_DATA[31:0]$873 [23:16], Q = \mem[201] [23:16]).
Adding EN signal on $memory\mem[201]$6969 ($dff) from module axi_ram (D = $0$memwr$\mem$rtl/axi_ram.v:104$857_DATA[31:0]$876 [31:24], Q = \mem[201] [31:24]).
Adding EN signal on $memory\mem[200]$6967 ($dff) from module axi_ram (D = $0$memwr$\mem$rtl/axi_ram.v:97$854_DATA[31:0]$867 [7:0], Q = \mem[200] [7:0]).
Adding EN signal on $memory\mem[200]$6967 ($dff) from module axi_ram (D = $0$memwr$\mem$rtl/axi_ram.v:100$855_DATA[31:0]$870 [15:8], Q = \mem[200] [15:8]).
Adding EN signal on $memory\mem[200]$6967 ($dff) from module axi_ram (D = $0$memwr$\mem$rtl/axi_ram.v:102$856_DATA[31:0]$873 [23:16], Q = \mem[200] [23:16]).
Adding EN signal on $memory\mem[200]$6967 ($dff) from module axi_ram (D = $0$memwr$\mem$rtl/axi_ram.v:104$857_DATA[31:0]$876 [31:24], Q = \mem[200] [31:24]).
Adding EN signal on $memory\mem[1]$6569 ($dff) from module axi_ram (D = $0$memwr$\mem$rtl/axi_ram.v:97$854_DATA[31:0]$867 [7:0], Q = \mem[1] [7:0]).
Adding EN signal on $memory\mem[1]$6569 ($dff) from module axi_ram (D = $0$memwr$\mem$rtl/axi_ram.v:100$855_DATA[31:0]$870 [15:8], Q = \mem[1] [15:8]).
Adding EN signal on $memory\mem[1]$6569 ($dff) from module axi_ram (D = $0$memwr$\mem$rtl/axi_ram.v:102$856_DATA[31:0]$873 [23:16], Q = \mem[1] [23:16]).
Adding EN signal on $memory\mem[1]$6569 ($dff) from module axi_ram (D = $0$memwr$\mem$rtl/axi_ram.v:104$857_DATA[31:0]$876 [31:24], Q = \mem[1] [31:24]).
Adding EN signal on $memory\mem[19]$6605 ($dff) from module axi_ram (D = $0$memwr$\mem$rtl/axi_ram.v:97$854_DATA[31:0]$867 [7:0], Q = \mem[19] [7:0]).
Adding EN signal on $memory\mem[19]$6605 ($dff) from module axi_ram (D = $0$memwr$\mem$rtl/axi_ram.v:100$855_DATA[31:0]$870 [15:8], Q = \mem[19] [15:8]).
Adding EN signal on $memory\mem[19]$6605 ($dff) from module axi_ram (D = $0$memwr$\mem$rtl/axi_ram.v:102$856_DATA[31:0]$873 [23:16], Q = \mem[19] [23:16]).
Adding EN signal on $memory\mem[19]$6605 ($dff) from module axi_ram (D = $0$memwr$\mem$rtl/axi_ram.v:104$857_DATA[31:0]$876 [31:24], Q = \mem[19] [31:24]).
Adding EN signal on $memory\mem[199]$6965 ($dff) from module axi_ram (D = $0$memwr$\mem$rtl/axi_ram.v:97$854_DATA[31:0]$867 [7:0], Q = \mem[199] [7:0]).
Adding EN signal on $memory\mem[199]$6965 ($dff) from module axi_ram (D = $0$memwr$\mem$rtl/axi_ram.v:100$855_DATA[31:0]$870 [15:8], Q = \mem[199] [15:8]).
Adding EN signal on $memory\mem[199]$6965 ($dff) from module axi_ram (D = $0$memwr$\mem$rtl/axi_ram.v:102$856_DATA[31:0]$873 [23:16], Q = \mem[199] [23:16]).
Adding EN signal on $memory\mem[199]$6965 ($dff) from module axi_ram (D = $0$memwr$\mem$rtl/axi_ram.v:104$857_DATA[31:0]$876 [31:24], Q = \mem[199] [31:24]).
Adding EN signal on $memory\mem[198]$6963 ($dff) from module axi_ram (D = $0$memwr$\mem$rtl/axi_ram.v:97$854_DATA[31:0]$867 [7:0], Q = \mem[198] [7:0]).
Adding EN signal on $memory\mem[198]$6963 ($dff) from module axi_ram (D = $0$memwr$\mem$rtl/axi_ram.v:100$855_DATA[31:0]$870 [15:8], Q = \mem[198] [15:8]).
Adding EN signal on $memory\mem[198]$6963 ($dff) from module axi_ram (D = $0$memwr$\mem$rtl/axi_ram.v:102$856_DATA[31:0]$873 [23:16], Q = \mem[198] [23:16]).
Adding EN signal on $memory\mem[198]$6963 ($dff) from module axi_ram (D = $0$memwr$\mem$rtl/axi_ram.v:104$857_DATA[31:0]$876 [31:24], Q = \mem[198] [31:24]).
Adding EN signal on $memory\mem[197]$6961 ($dff) from module axi_ram (D = $0$memwr$\mem$rtl/axi_ram.v:97$854_DATA[31:0]$867 [7:0], Q = \mem[197] [7:0]).
Adding EN signal on $memory\mem[197]$6961 ($dff) from module axi_ram (D = $0$memwr$\mem$rtl/axi_ram.v:100$855_DATA[31:0]$870 [15:8], Q = \mem[197] [15:8]).
Adding EN signal on $memory\mem[197]$6961 ($dff) from module axi_ram (D = $0$memwr$\mem$rtl/axi_ram.v:102$856_DATA[31:0]$873 [23:16], Q = \mem[197] [23:16]).
Adding EN signal on $memory\mem[197]$6961 ($dff) from module axi_ram (D = $0$memwr$\mem$rtl/axi_ram.v:104$857_DATA[31:0]$876 [31:24], Q = \mem[197] [31:24]).
Adding EN signal on $memory\mem[196]$6959 ($dff) from module axi_ram (D = $0$memwr$\mem$rtl/axi_ram.v:97$854_DATA[31:0]$867 [7:0], Q = \mem[196] [7:0]).
Adding EN signal on $memory\mem[196]$6959 ($dff) from module axi_ram (D = $0$memwr$\mem$rtl/axi_ram.v:100$855_DATA[31:0]$870 [15:8], Q = \mem[196] [15:8]).
Adding EN signal on $memory\mem[196]$6959 ($dff) from module axi_ram (D = $0$memwr$\mem$rtl/axi_ram.v:102$856_DATA[31:0]$873 [23:16], Q = \mem[196] [23:16]).
Adding EN signal on $memory\mem[196]$6959 ($dff) from module axi_ram (D = $0$memwr$\mem$rtl/axi_ram.v:104$857_DATA[31:0]$876 [31:24], Q = \mem[196] [31:24]).
Adding EN signal on $memory\mem[195]$6957 ($dff) from module axi_ram (D = $0$memwr$\mem$rtl/axi_ram.v:97$854_DATA[31:0]$867 [7:0], Q = \mem[195] [7:0]).
Adding EN signal on $memory\mem[195]$6957 ($dff) from module axi_ram (D = $0$memwr$\mem$rtl/axi_ram.v:100$855_DATA[31:0]$870 [15:8], Q = \mem[195] [15:8]).
Adding EN signal on $memory\mem[195]$6957 ($dff) from module axi_ram (D = $0$memwr$\mem$rtl/axi_ram.v:102$856_DATA[31:0]$873 [23:16], Q = \mem[195] [23:16]).
Adding EN signal on $memory\mem[195]$6957 ($dff) from module axi_ram (D = $0$memwr$\mem$rtl/axi_ram.v:104$857_DATA[31:0]$876 [31:24], Q = \mem[195] [31:24]).
Adding EN signal on $memory\mem[194]$6955 ($dff) from module axi_ram (D = $0$memwr$\mem$rtl/axi_ram.v:97$854_DATA[31:0]$867 [7:0], Q = \mem[194] [7:0]).
Adding EN signal on $memory\mem[194]$6955 ($dff) from module axi_ram (D = $0$memwr$\mem$rtl/axi_ram.v:100$855_DATA[31:0]$870 [15:8], Q = \mem[194] [15:8]).
Adding EN signal on $memory\mem[194]$6955 ($dff) from module axi_ram (D = $0$memwr$\mem$rtl/axi_ram.v:102$856_DATA[31:0]$873 [23:16], Q = \mem[194] [23:16]).
Adding EN signal on $memory\mem[194]$6955 ($dff) from module axi_ram (D = $0$memwr$\mem$rtl/axi_ram.v:104$857_DATA[31:0]$876 [31:24], Q = \mem[194] [31:24]).
Adding EN signal on $memory\mem[193]$6953 ($dff) from module axi_ram (D = $0$memwr$\mem$rtl/axi_ram.v:97$854_DATA[31:0]$867 [7:0], Q = \mem[193] [7:0]).
Adding EN signal on $memory\mem[193]$6953 ($dff) from module axi_ram (D = $0$memwr$\mem$rtl/axi_ram.v:100$855_DATA[31:0]$870 [15:8], Q = \mem[193] [15:8]).
Adding EN signal on $memory\mem[193]$6953 ($dff) from module axi_ram (D = $0$memwr$\mem$rtl/axi_ram.v:102$856_DATA[31:0]$873 [23:16], Q = \mem[193] [23:16]).
Adding EN signal on $memory\mem[193]$6953 ($dff) from module axi_ram (D = $0$memwr$\mem$rtl/axi_ram.v:104$857_DATA[31:0]$876 [31:24], Q = \mem[193] [31:24]).
Adding EN signal on $memory\mem[192]$6951 ($dff) from module axi_ram (D = $0$memwr$\mem$rtl/axi_ram.v:97$854_DATA[31:0]$867 [7:0], Q = \mem[192] [7:0]).
Adding EN signal on $memory\mem[192]$6951 ($dff) from module axi_ram (D = $0$memwr$\mem$rtl/axi_ram.v:100$855_DATA[31:0]$870 [15:8], Q = \mem[192] [15:8]).
Adding EN signal on $memory\mem[192]$6951 ($dff) from module axi_ram (D = $0$memwr$\mem$rtl/axi_ram.v:102$856_DATA[31:0]$873 [23:16], Q = \mem[192] [23:16]).
Adding EN signal on $memory\mem[192]$6951 ($dff) from module axi_ram (D = $0$memwr$\mem$rtl/axi_ram.v:104$857_DATA[31:0]$876 [31:24], Q = \mem[192] [31:24]).
Adding EN signal on $memory\mem[191]$6949 ($dff) from module axi_ram (D = $0$memwr$\mem$rtl/axi_ram.v:97$854_DATA[31:0]$867 [7:0], Q = \mem[191] [7:0]).
Adding EN signal on $memory\mem[191]$6949 ($dff) from module axi_ram (D = $0$memwr$\mem$rtl/axi_ram.v:100$855_DATA[31:0]$870 [15:8], Q = \mem[191] [15:8]).
Adding EN signal on $memory\mem[191]$6949 ($dff) from module axi_ram (D = $0$memwr$\mem$rtl/axi_ram.v:102$856_DATA[31:0]$873 [23:16], Q = \mem[191] [23:16]).
Adding EN signal on $memory\mem[191]$6949 ($dff) from module axi_ram (D = $0$memwr$\mem$rtl/axi_ram.v:104$857_DATA[31:0]$876 [31:24], Q = \mem[191] [31:24]).
Adding EN signal on $memory\mem[190]$6947 ($dff) from module axi_ram (D = $0$memwr$\mem$rtl/axi_ram.v:97$854_DATA[31:0]$867 [7:0], Q = \mem[190] [7:0]).
Adding EN signal on $memory\mem[190]$6947 ($dff) from module axi_ram (D = $0$memwr$\mem$rtl/axi_ram.v:100$855_DATA[31:0]$870 [15:8], Q = \mem[190] [15:8]).
Adding EN signal on $memory\mem[190]$6947 ($dff) from module axi_ram (D = $0$memwr$\mem$rtl/axi_ram.v:102$856_DATA[31:0]$873 [23:16], Q = \mem[190] [23:16]).
Adding EN signal on $memory\mem[190]$6947 ($dff) from module axi_ram (D = $0$memwr$\mem$rtl/axi_ram.v:104$857_DATA[31:0]$876 [31:24], Q = \mem[190] [31:24]).
Adding EN signal on $memory\mem[18]$6603 ($dff) from module axi_ram (D = $0$memwr$\mem$rtl/axi_ram.v:97$854_DATA[31:0]$867 [7:0], Q = \mem[18] [7:0]).
Adding EN signal on $memory\mem[18]$6603 ($dff) from module axi_ram (D = $0$memwr$\mem$rtl/axi_ram.v:100$855_DATA[31:0]$870 [15:8], Q = \mem[18] [15:8]).
Adding EN signal on $memory\mem[18]$6603 ($dff) from module axi_ram (D = $0$memwr$\mem$rtl/axi_ram.v:102$856_DATA[31:0]$873 [23:16], Q = \mem[18] [23:16]).
Adding EN signal on $memory\mem[18]$6603 ($dff) from module axi_ram (D = $0$memwr$\mem$rtl/axi_ram.v:104$857_DATA[31:0]$876 [31:24], Q = \mem[18] [31:24]).
Adding EN signal on $memory\mem[189]$6945 ($dff) from module axi_ram (D = $0$memwr$\mem$rtl/axi_ram.v:97$854_DATA[31:0]$867 [7:0], Q = \mem[189] [7:0]).
Adding EN signal on $memory\mem[189]$6945 ($dff) from module axi_ram (D = $0$memwr$\mem$rtl/axi_ram.v:100$855_DATA[31:0]$870 [15:8], Q = \mem[189] [15:8]).
Adding EN signal on $memory\mem[189]$6945 ($dff) from module axi_ram (D = $0$memwr$\mem$rtl/axi_ram.v:102$856_DATA[31:0]$873 [23:16], Q = \mem[189] [23:16]).
Adding EN signal on $memory\mem[189]$6945 ($dff) from module axi_ram (D = $0$memwr$\mem$rtl/axi_ram.v:104$857_DATA[31:0]$876 [31:24], Q = \mem[189] [31:24]).
Adding EN signal on $memory\mem[188]$6943 ($dff) from module axi_ram (D = $0$memwr$\mem$rtl/axi_ram.v:97$854_DATA[31:0]$867 [7:0], Q = \mem[188] [7:0]).
Adding EN signal on $memory\mem[188]$6943 ($dff) from module axi_ram (D = $0$memwr$\mem$rtl/axi_ram.v:100$855_DATA[31:0]$870 [15:8], Q = \mem[188] [15:8]).
Adding EN signal on $memory\mem[188]$6943 ($dff) from module axi_ram (D = $0$memwr$\mem$rtl/axi_ram.v:102$856_DATA[31:0]$873 [23:16], Q = \mem[188] [23:16]).
Adding EN signal on $memory\mem[188]$6943 ($dff) from module axi_ram (D = $0$memwr$\mem$rtl/axi_ram.v:104$857_DATA[31:0]$876 [31:24], Q = \mem[188] [31:24]).
Adding EN signal on $memory\mem[187]$6941 ($dff) from module axi_ram (D = $0$memwr$\mem$rtl/axi_ram.v:97$854_DATA[31:0]$867 [7:0], Q = \mem[187] [7:0]).
Adding EN signal on $memory\mem[187]$6941 ($dff) from module axi_ram (D = $0$memwr$\mem$rtl/axi_ram.v:100$855_DATA[31:0]$870 [15:8], Q = \mem[187] [15:8]).
Adding EN signal on $memory\mem[187]$6941 ($dff) from module axi_ram (D = $0$memwr$\mem$rtl/axi_ram.v:102$856_DATA[31:0]$873 [23:16], Q = \mem[187] [23:16]).
Adding EN signal on $memory\mem[187]$6941 ($dff) from module axi_ram (D = $0$memwr$\mem$rtl/axi_ram.v:104$857_DATA[31:0]$876 [31:24], Q = \mem[187] [31:24]).
Adding EN signal on $memory\mem[186]$6939 ($dff) from module axi_ram (D = $0$memwr$\mem$rtl/axi_ram.v:97$854_DATA[31:0]$867 [7:0], Q = \mem[186] [7:0]).
Adding EN signal on $memory\mem[186]$6939 ($dff) from module axi_ram (D = $0$memwr$\mem$rtl/axi_ram.v:100$855_DATA[31:0]$870 [15:8], Q = \mem[186] [15:8]).
Adding EN signal on $memory\mem[186]$6939 ($dff) from module axi_ram (D = $0$memwr$\mem$rtl/axi_ram.v:102$856_DATA[31:0]$873 [23:16], Q = \mem[186] [23:16]).
Adding EN signal on $memory\mem[186]$6939 ($dff) from module axi_ram (D = $0$memwr$\mem$rtl/axi_ram.v:104$857_DATA[31:0]$876 [31:24], Q = \mem[186] [31:24]).
Adding EN signal on $memory\mem[185]$6937 ($dff) from module axi_ram (D = $0$memwr$\mem$rtl/axi_ram.v:97$854_DATA[31:0]$867 [7:0], Q = \mem[185] [7:0]).
Adding EN signal on $memory\mem[185]$6937 ($dff) from module axi_ram (D = $0$memwr$\mem$rtl/axi_ram.v:100$855_DATA[31:0]$870 [15:8], Q = \mem[185] [15:8]).
Adding EN signal on $memory\mem[185]$6937 ($dff) from module axi_ram (D = $0$memwr$\mem$rtl/axi_ram.v:102$856_DATA[31:0]$873 [23:16], Q = \mem[185] [23:16]).
Adding EN signal on $memory\mem[185]$6937 ($dff) from module axi_ram (D = $0$memwr$\mem$rtl/axi_ram.v:104$857_DATA[31:0]$876 [31:24], Q = \mem[185] [31:24]).
Adding EN signal on $memory\mem[184]$6935 ($dff) from module axi_ram (D = $0$memwr$\mem$rtl/axi_ram.v:97$854_DATA[31:0]$867 [7:0], Q = \mem[184] [7:0]).
Adding EN signal on $memory\mem[184]$6935 ($dff) from module axi_ram (D = $0$memwr$\mem$rtl/axi_ram.v:100$855_DATA[31:0]$870 [15:8], Q = \mem[184] [15:8]).
Adding EN signal on $memory\mem[184]$6935 ($dff) from module axi_ram (D = $0$memwr$\mem$rtl/axi_ram.v:102$856_DATA[31:0]$873 [23:16], Q = \mem[184] [23:16]).
Adding EN signal on $memory\mem[184]$6935 ($dff) from module axi_ram (D = $0$memwr$\mem$rtl/axi_ram.v:104$857_DATA[31:0]$876 [31:24], Q = \mem[184] [31:24]).
Adding EN signal on $memory\mem[183]$6933 ($dff) from module axi_ram (D = $0$memwr$\mem$rtl/axi_ram.v:97$854_DATA[31:0]$867 [7:0], Q = \mem[183] [7:0]).
Adding EN signal on $memory\mem[183]$6933 ($dff) from module axi_ram (D = $0$memwr$\mem$rtl/axi_ram.v:100$855_DATA[31:0]$870 [15:8], Q = \mem[183] [15:8]).
Adding EN signal on $memory\mem[183]$6933 ($dff) from module axi_ram (D = $0$memwr$\mem$rtl/axi_ram.v:102$856_DATA[31:0]$873 [23:16], Q = \mem[183] [23:16]).
Adding EN signal on $memory\mem[183]$6933 ($dff) from module axi_ram (D = $0$memwr$\mem$rtl/axi_ram.v:104$857_DATA[31:0]$876 [31:24], Q = \mem[183] [31:24]).
Adding EN signal on $memory\mem[182]$6931 ($dff) from module axi_ram (D = $0$memwr$\mem$rtl/axi_ram.v:97$854_DATA[31:0]$867 [7:0], Q = \mem[182] [7:0]).
Adding EN signal on $memory\mem[182]$6931 ($dff) from module axi_ram (D = $0$memwr$\mem$rtl/axi_ram.v:100$855_DATA[31:0]$870 [15:8], Q = \mem[182] [15:8]).
Adding EN signal on $memory\mem[182]$6931 ($dff) from module axi_ram (D = $0$memwr$\mem$rtl/axi_ram.v:102$856_DATA[31:0]$873 [23:16], Q = \mem[182] [23:16]).
Adding EN signal on $memory\mem[182]$6931 ($dff) from module axi_ram (D = $0$memwr$\mem$rtl/axi_ram.v:104$857_DATA[31:0]$876 [31:24], Q = \mem[182] [31:24]).
Adding EN signal on $memory\mem[181]$6929 ($dff) from module axi_ram (D = $0$memwr$\mem$rtl/axi_ram.v:97$854_DATA[31:0]$867 [7:0], Q = \mem[181] [7:0]).
Adding EN signal on $memory\mem[181]$6929 ($dff) from module axi_ram (D = $0$memwr$\mem$rtl/axi_ram.v:100$855_DATA[31:0]$870 [15:8], Q = \mem[181] [15:8]).
Adding EN signal on $memory\mem[181]$6929 ($dff) from module axi_ram (D = $0$memwr$\mem$rtl/axi_ram.v:102$856_DATA[31:0]$873 [23:16], Q = \mem[181] [23:16]).
Adding EN signal on $memory\mem[181]$6929 ($dff) from module axi_ram (D = $0$memwr$\mem$rtl/axi_ram.v:104$857_DATA[31:0]$876 [31:24], Q = \mem[181] [31:24]).
Adding EN signal on $memory\mem[180]$6927 ($dff) from module axi_ram (D = $0$memwr$\mem$rtl/axi_ram.v:97$854_DATA[31:0]$867 [7:0], Q = \mem[180] [7:0]).
Adding EN signal on $memory\mem[180]$6927 ($dff) from module axi_ram (D = $0$memwr$\mem$rtl/axi_ram.v:100$855_DATA[31:0]$870 [15:8], Q = \mem[180] [15:8]).
Adding EN signal on $memory\mem[180]$6927 ($dff) from module axi_ram (D = $0$memwr$\mem$rtl/axi_ram.v:102$856_DATA[31:0]$873 [23:16], Q = \mem[180] [23:16]).
Adding EN signal on $memory\mem[180]$6927 ($dff) from module axi_ram (D = $0$memwr$\mem$rtl/axi_ram.v:104$857_DATA[31:0]$876 [31:24], Q = \mem[180] [31:24]).
Adding EN signal on $memory\mem[17]$6601 ($dff) from module axi_ram (D = $0$memwr$\mem$rtl/axi_ram.v:97$854_DATA[31:0]$867 [7:0], Q = \mem[17] [7:0]).
Adding EN signal on $memory\mem[17]$6601 ($dff) from module axi_ram (D = $0$memwr$\mem$rtl/axi_ram.v:100$855_DATA[31:0]$870 [15:8], Q = \mem[17] [15:8]).
Adding EN signal on $memory\mem[17]$6601 ($dff) from module axi_ram (D = $0$memwr$\mem$rtl/axi_ram.v:102$856_DATA[31:0]$873 [23:16], Q = \mem[17] [23:16]).
Adding EN signal on $memory\mem[17]$6601 ($dff) from module axi_ram (D = $0$memwr$\mem$rtl/axi_ram.v:104$857_DATA[31:0]$876 [31:24], Q = \mem[17] [31:24]).
Adding EN signal on $memory\mem[179]$6925 ($dff) from module axi_ram (D = $0$memwr$\mem$rtl/axi_ram.v:97$854_DATA[31:0]$867 [7:0], Q = \mem[179] [7:0]).
Adding EN signal on $memory\mem[179]$6925 ($dff) from module axi_ram (D = $0$memwr$\mem$rtl/axi_ram.v:100$855_DATA[31:0]$870 [15:8], Q = \mem[179] [15:8]).
Adding EN signal on $memory\mem[179]$6925 ($dff) from module axi_ram (D = $0$memwr$\mem$rtl/axi_ram.v:102$856_DATA[31:0]$873 [23:16], Q = \mem[179] [23:16]).
Adding EN signal on $memory\mem[179]$6925 ($dff) from module axi_ram (D = $0$memwr$\mem$rtl/axi_ram.v:104$857_DATA[31:0]$876 [31:24], Q = \mem[179] [31:24]).
Adding EN signal on $memory\mem[178]$6923 ($dff) from module axi_ram (D = $0$memwr$\mem$rtl/axi_ram.v:97$854_DATA[31:0]$867 [7:0], Q = \mem[178] [7:0]).
Adding EN signal on $memory\mem[178]$6923 ($dff) from module axi_ram (D = $0$memwr$\mem$rtl/axi_ram.v:100$855_DATA[31:0]$870 [15:8], Q = \mem[178] [15:8]).
Adding EN signal on $memory\mem[178]$6923 ($dff) from module axi_ram (D = $0$memwr$\mem$rtl/axi_ram.v:102$856_DATA[31:0]$873 [23:16], Q = \mem[178] [23:16]).
Adding EN signal on $memory\mem[178]$6923 ($dff) from module axi_ram (D = $0$memwr$\mem$rtl/axi_ram.v:104$857_DATA[31:0]$876 [31:24], Q = \mem[178] [31:24]).
Adding EN signal on $memory\mem[177]$6921 ($dff) from module axi_ram (D = $0$memwr$\mem$rtl/axi_ram.v:97$854_DATA[31:0]$867 [7:0], Q = \mem[177] [7:0]).
Adding EN signal on $memory\mem[177]$6921 ($dff) from module axi_ram (D = $0$memwr$\mem$rtl/axi_ram.v:100$855_DATA[31:0]$870 [15:8], Q = \mem[177] [15:8]).
Adding EN signal on $memory\mem[177]$6921 ($dff) from module axi_ram (D = $0$memwr$\mem$rtl/axi_ram.v:102$856_DATA[31:0]$873 [23:16], Q = \mem[177] [23:16]).
Adding EN signal on $memory\mem[177]$6921 ($dff) from module axi_ram (D = $0$memwr$\mem$rtl/axi_ram.v:104$857_DATA[31:0]$876 [31:24], Q = \mem[177] [31:24]).
Adding EN signal on $memory\mem[176]$6919 ($dff) from module axi_ram (D = $0$memwr$\mem$rtl/axi_ram.v:97$854_DATA[31:0]$867 [7:0], Q = \mem[176] [7:0]).
Adding EN signal on $memory\mem[176]$6919 ($dff) from module axi_ram (D = $0$memwr$\mem$rtl/axi_ram.v:100$855_DATA[31:0]$870 [15:8], Q = \mem[176] [15:8]).
Adding EN signal on $memory\mem[176]$6919 ($dff) from module axi_ram (D = $0$memwr$\mem$rtl/axi_ram.v:102$856_DATA[31:0]$873 [23:16], Q = \mem[176] [23:16]).
Adding EN signal on $memory\mem[176]$6919 ($dff) from module axi_ram (D = $0$memwr$\mem$rtl/axi_ram.v:104$857_DATA[31:0]$876 [31:24], Q = \mem[176] [31:24]).
Adding EN signal on $memory\mem[175]$6917 ($dff) from module axi_ram (D = $0$memwr$\mem$rtl/axi_ram.v:97$854_DATA[31:0]$867 [7:0], Q = \mem[175] [7:0]).
Adding EN signal on $memory\mem[175]$6917 ($dff) from module axi_ram (D = $0$memwr$\mem$rtl/axi_ram.v:100$855_DATA[31:0]$870 [15:8], Q = \mem[175] [15:8]).
Adding EN signal on $memory\mem[175]$6917 ($dff) from module axi_ram (D = $0$memwr$\mem$rtl/axi_ram.v:102$856_DATA[31:0]$873 [23:16], Q = \mem[175] [23:16]).
Adding EN signal on $memory\mem[175]$6917 ($dff) from module axi_ram (D = $0$memwr$\mem$rtl/axi_ram.v:104$857_DATA[31:0]$876 [31:24], Q = \mem[175] [31:24]).
Adding EN signal on $memory\mem[174]$6915 ($dff) from module axi_ram (D = $0$memwr$\mem$rtl/axi_ram.v:97$854_DATA[31:0]$867 [7:0], Q = \mem[174] [7:0]).
Adding EN signal on $memory\mem[174]$6915 ($dff) from module axi_ram (D = $0$memwr$\mem$rtl/axi_ram.v:100$855_DATA[31:0]$870 [15:8], Q = \mem[174] [15:8]).
Adding EN signal on $memory\mem[174]$6915 ($dff) from module axi_ram (D = $0$memwr$\mem$rtl/axi_ram.v:102$856_DATA[31:0]$873 [23:16], Q = \mem[174] [23:16]).
Adding EN signal on $memory\mem[174]$6915 ($dff) from module axi_ram (D = $0$memwr$\mem$rtl/axi_ram.v:104$857_DATA[31:0]$876 [31:24], Q = \mem[174] [31:24]).
Adding EN signal on $memory\mem[173]$6913 ($dff) from module axi_ram (D = $0$memwr$\mem$rtl/axi_ram.v:97$854_DATA[31:0]$867 [7:0], Q = \mem[173] [7:0]).
Adding EN signal on $memory\mem[173]$6913 ($dff) from module axi_ram (D = $0$memwr$\mem$rtl/axi_ram.v:100$855_DATA[31:0]$870 [15:8], Q = \mem[173] [15:8]).
Adding EN signal on $memory\mem[173]$6913 ($dff) from module axi_ram (D = $0$memwr$\mem$rtl/axi_ram.v:102$856_DATA[31:0]$873 [23:16], Q = \mem[173] [23:16]).
Adding EN signal on $memory\mem[173]$6913 ($dff) from module axi_ram (D = $0$memwr$\mem$rtl/axi_ram.v:104$857_DATA[31:0]$876 [31:24], Q = \mem[173] [31:24]).
Adding EN signal on $memory\mem[172]$6911 ($dff) from module axi_ram (D = $0$memwr$\mem$rtl/axi_ram.v:97$854_DATA[31:0]$867 [7:0], Q = \mem[172] [7:0]).
Adding EN signal on $memory\mem[172]$6911 ($dff) from module axi_ram (D = $0$memwr$\mem$rtl/axi_ram.v:100$855_DATA[31:0]$870 [15:8], Q = \mem[172] [15:8]).
Adding EN signal on $memory\mem[172]$6911 ($dff) from module axi_ram (D = $0$memwr$\mem$rtl/axi_ram.v:102$856_DATA[31:0]$873 [23:16], Q = \mem[172] [23:16]).
Adding EN signal on $memory\mem[172]$6911 ($dff) from module axi_ram (D = $0$memwr$\mem$rtl/axi_ram.v:104$857_DATA[31:0]$876 [31:24], Q = \mem[172] [31:24]).
Adding EN signal on $memory\mem[171]$6909 ($dff) from module axi_ram (D = $0$memwr$\mem$rtl/axi_ram.v:97$854_DATA[31:0]$867 [7:0], Q = \mem[171] [7:0]).
Adding EN signal on $memory\mem[171]$6909 ($dff) from module axi_ram (D = $0$memwr$\mem$rtl/axi_ram.v:100$855_DATA[31:0]$870 [15:8], Q = \mem[171] [15:8]).
Adding EN signal on $memory\mem[171]$6909 ($dff) from module axi_ram (D = $0$memwr$\mem$rtl/axi_ram.v:102$856_DATA[31:0]$873 [23:16], Q = \mem[171] [23:16]).
Adding EN signal on $memory\mem[171]$6909 ($dff) from module axi_ram (D = $0$memwr$\mem$rtl/axi_ram.v:104$857_DATA[31:0]$876 [31:24], Q = \mem[171] [31:24]).
Adding EN signal on $memory\mem[170]$6907 ($dff) from module axi_ram (D = $0$memwr$\mem$rtl/axi_ram.v:97$854_DATA[31:0]$867 [7:0], Q = \mem[170] [7:0]).
Adding EN signal on $memory\mem[170]$6907 ($dff) from module axi_ram (D = $0$memwr$\mem$rtl/axi_ram.v:100$855_DATA[31:0]$870 [15:8], Q = \mem[170] [15:8]).
Adding EN signal on $memory\mem[170]$6907 ($dff) from module axi_ram (D = $0$memwr$\mem$rtl/axi_ram.v:102$856_DATA[31:0]$873 [23:16], Q = \mem[170] [23:16]).
Adding EN signal on $memory\mem[170]$6907 ($dff) from module axi_ram (D = $0$memwr$\mem$rtl/axi_ram.v:104$857_DATA[31:0]$876 [31:24], Q = \mem[170] [31:24]).
Adding EN signal on $memory\mem[16]$6599 ($dff) from module axi_ram (D = $0$memwr$\mem$rtl/axi_ram.v:97$854_DATA[31:0]$867 [7:0], Q = \mem[16] [7:0]).
Adding EN signal on $memory\mem[16]$6599 ($dff) from module axi_ram (D = $0$memwr$\mem$rtl/axi_ram.v:100$855_DATA[31:0]$870 [15:8], Q = \mem[16] [15:8]).
Adding EN signal on $memory\mem[16]$6599 ($dff) from module axi_ram (D = $0$memwr$\mem$rtl/axi_ram.v:102$856_DATA[31:0]$873 [23:16], Q = \mem[16] [23:16]).
Adding EN signal on $memory\mem[16]$6599 ($dff) from module axi_ram (D = $0$memwr$\mem$rtl/axi_ram.v:104$857_DATA[31:0]$876 [31:24], Q = \mem[16] [31:24]).
Adding EN signal on $memory\mem[169]$6905 ($dff) from module axi_ram (D = $0$memwr$\mem$rtl/axi_ram.v:97$854_DATA[31:0]$867 [7:0], Q = \mem[169] [7:0]).
Adding EN signal on $memory\mem[169]$6905 ($dff) from module axi_ram (D = $0$memwr$\mem$rtl/axi_ram.v:100$855_DATA[31:0]$870 [15:8], Q = \mem[169] [15:8]).
Adding EN signal on $memory\mem[169]$6905 ($dff) from module axi_ram (D = $0$memwr$\mem$rtl/axi_ram.v:102$856_DATA[31:0]$873 [23:16], Q = \mem[169] [23:16]).
Adding EN signal on $memory\mem[169]$6905 ($dff) from module axi_ram (D = $0$memwr$\mem$rtl/axi_ram.v:104$857_DATA[31:0]$876 [31:24], Q = \mem[169] [31:24]).
Adding EN signal on $memory\mem[168]$6903 ($dff) from module axi_ram (D = $0$memwr$\mem$rtl/axi_ram.v:97$854_DATA[31:0]$867 [7:0], Q = \mem[168] [7:0]).
Adding EN signal on $memory\mem[168]$6903 ($dff) from module axi_ram (D = $0$memwr$\mem$rtl/axi_ram.v:100$855_DATA[31:0]$870 [15:8], Q = \mem[168] [15:8]).
Adding EN signal on $memory\mem[168]$6903 ($dff) from module axi_ram (D = $0$memwr$\mem$rtl/axi_ram.v:102$856_DATA[31:0]$873 [23:16], Q = \mem[168] [23:16]).
Adding EN signal on $memory\mem[168]$6903 ($dff) from module axi_ram (D = $0$memwr$\mem$rtl/axi_ram.v:104$857_DATA[31:0]$876 [31:24], Q = \mem[168] [31:24]).
Adding EN signal on $memory\mem[167]$6901 ($dff) from module axi_ram (D = $0$memwr$\mem$rtl/axi_ram.v:97$854_DATA[31:0]$867 [7:0], Q = \mem[167] [7:0]).
Adding EN signal on $memory\mem[167]$6901 ($dff) from module axi_ram (D = $0$memwr$\mem$rtl/axi_ram.v:100$855_DATA[31:0]$870 [15:8], Q = \mem[167] [15:8]).
Adding EN signal on $memory\mem[167]$6901 ($dff) from module axi_ram (D = $0$memwr$\mem$rtl/axi_ram.v:102$856_DATA[31:0]$873 [23:16], Q = \mem[167] [23:16]).
Adding EN signal on $memory\mem[167]$6901 ($dff) from module axi_ram (D = $0$memwr$\mem$rtl/axi_ram.v:104$857_DATA[31:0]$876 [31:24], Q = \mem[167] [31:24]).
Adding EN signal on $memory\mem[166]$6899 ($dff) from module axi_ram (D = $0$memwr$\mem$rtl/axi_ram.v:97$854_DATA[31:0]$867 [7:0], Q = \mem[166] [7:0]).
Adding EN signal on $memory\mem[166]$6899 ($dff) from module axi_ram (D = $0$memwr$\mem$rtl/axi_ram.v:100$855_DATA[31:0]$870 [15:8], Q = \mem[166] [15:8]).
Adding EN signal on $memory\mem[166]$6899 ($dff) from module axi_ram (D = $0$memwr$\mem$rtl/axi_ram.v:102$856_DATA[31:0]$873 [23:16], Q = \mem[166] [23:16]).
Adding EN signal on $memory\mem[166]$6899 ($dff) from module axi_ram (D = $0$memwr$\mem$rtl/axi_ram.v:104$857_DATA[31:0]$876 [31:24], Q = \mem[166] [31:24]).
Adding EN signal on $memory\mem[165]$6897 ($dff) from module axi_ram (D = $0$memwr$\mem$rtl/axi_ram.v:97$854_DATA[31:0]$867 [7:0], Q = \mem[165] [7:0]).
Adding EN signal on $memory\mem[165]$6897 ($dff) from module axi_ram (D = $0$memwr$\mem$rtl/axi_ram.v:100$855_DATA[31:0]$870 [15:8], Q = \mem[165] [15:8]).
Adding EN signal on $memory\mem[165]$6897 ($dff) from module axi_ram (D = $0$memwr$\mem$rtl/axi_ram.v:102$856_DATA[31:0]$873 [23:16], Q = \mem[165] [23:16]).
Adding EN signal on $memory\mem[165]$6897 ($dff) from module axi_ram (D = $0$memwr$\mem$rtl/axi_ram.v:104$857_DATA[31:0]$876 [31:24], Q = \mem[165] [31:24]).
Adding EN signal on $memory\mem[164]$6895 ($dff) from module axi_ram (D = $0$memwr$\mem$rtl/axi_ram.v:97$854_DATA[31:0]$867 [7:0], Q = \mem[164] [7:0]).
Adding EN signal on $memory\mem[164]$6895 ($dff) from module axi_ram (D = $0$memwr$\mem$rtl/axi_ram.v:100$855_DATA[31:0]$870 [15:8], Q = \mem[164] [15:8]).
Adding EN signal on $memory\mem[164]$6895 ($dff) from module axi_ram (D = $0$memwr$\mem$rtl/axi_ram.v:102$856_DATA[31:0]$873 [23:16], Q = \mem[164] [23:16]).
Adding EN signal on $memory\mem[164]$6895 ($dff) from module axi_ram (D = $0$memwr$\mem$rtl/axi_ram.v:104$857_DATA[31:0]$876 [31:24], Q = \mem[164] [31:24]).
Adding EN signal on $memory\mem[163]$6893 ($dff) from module axi_ram (D = $0$memwr$\mem$rtl/axi_ram.v:97$854_DATA[31:0]$867 [7:0], Q = \mem[163] [7:0]).
Adding EN signal on $memory\mem[163]$6893 ($dff) from module axi_ram (D = $0$memwr$\mem$rtl/axi_ram.v:100$855_DATA[31:0]$870 [15:8], Q = \mem[163] [15:8]).
Adding EN signal on $memory\mem[163]$6893 ($dff) from module axi_ram (D = $0$memwr$\mem$rtl/axi_ram.v:102$856_DATA[31:0]$873 [23:16], Q = \mem[163] [23:16]).
Adding EN signal on $memory\mem[163]$6893 ($dff) from module axi_ram (D = $0$memwr$\mem$rtl/axi_ram.v:104$857_DATA[31:0]$876 [31:24], Q = \mem[163] [31:24]).
Adding EN signal on $memory\mem[162]$6891 ($dff) from module axi_ram (D = $0$memwr$\mem$rtl/axi_ram.v:97$854_DATA[31:0]$867 [7:0], Q = \mem[162] [7:0]).
Adding EN signal on $memory\mem[162]$6891 ($dff) from module axi_ram (D = $0$memwr$\mem$rtl/axi_ram.v:100$855_DATA[31:0]$870 [15:8], Q = \mem[162] [15:8]).
Adding EN signal on $memory\mem[162]$6891 ($dff) from module axi_ram (D = $0$memwr$\mem$rtl/axi_ram.v:102$856_DATA[31:0]$873 [23:16], Q = \mem[162] [23:16]).
Adding EN signal on $memory\mem[162]$6891 ($dff) from module axi_ram (D = $0$memwr$\mem$rtl/axi_ram.v:104$857_DATA[31:0]$876 [31:24], Q = \mem[162] [31:24]).
Adding EN signal on $memory\mem[161]$6889 ($dff) from module axi_ram (D = $0$memwr$\mem$rtl/axi_ram.v:97$854_DATA[31:0]$867 [7:0], Q = \mem[161] [7:0]).
Adding EN signal on $memory\mem[161]$6889 ($dff) from module axi_ram (D = $0$memwr$\mem$rtl/axi_ram.v:100$855_DATA[31:0]$870 [15:8], Q = \mem[161] [15:8]).
Adding EN signal on $memory\mem[161]$6889 ($dff) from module axi_ram (D = $0$memwr$\mem$rtl/axi_ram.v:102$856_DATA[31:0]$873 [23:16], Q = \mem[161] [23:16]).
Adding EN signal on $memory\mem[161]$6889 ($dff) from module axi_ram (D = $0$memwr$\mem$rtl/axi_ram.v:104$857_DATA[31:0]$876 [31:24], Q = \mem[161] [31:24]).
Adding EN signal on $memory\mem[160]$6887 ($dff) from module axi_ram (D = $0$memwr$\mem$rtl/axi_ram.v:97$854_DATA[31:0]$867 [7:0], Q = \mem[160] [7:0]).
Adding EN signal on $memory\mem[160]$6887 ($dff) from module axi_ram (D = $0$memwr$\mem$rtl/axi_ram.v:100$855_DATA[31:0]$870 [15:8], Q = \mem[160] [15:8]).
Adding EN signal on $memory\mem[160]$6887 ($dff) from module axi_ram (D = $0$memwr$\mem$rtl/axi_ram.v:102$856_DATA[31:0]$873 [23:16], Q = \mem[160] [23:16]).
Adding EN signal on $memory\mem[160]$6887 ($dff) from module axi_ram (D = $0$memwr$\mem$rtl/axi_ram.v:104$857_DATA[31:0]$876 [31:24], Q = \mem[160] [31:24]).
Adding EN signal on $memory\mem[15]$6597 ($dff) from module axi_ram (D = $0$memwr$\mem$rtl/axi_ram.v:97$854_DATA[31:0]$867 [7:0], Q = \mem[15] [7:0]).
Adding EN signal on $memory\mem[15]$6597 ($dff) from module axi_ram (D = $0$memwr$\mem$rtl/axi_ram.v:100$855_DATA[31:0]$870 [15:8], Q = \mem[15] [15:8]).
Adding EN signal on $memory\mem[15]$6597 ($dff) from module axi_ram (D = $0$memwr$\mem$rtl/axi_ram.v:102$856_DATA[31:0]$873 [23:16], Q = \mem[15] [23:16]).
Adding EN signal on $memory\mem[15]$6597 ($dff) from module axi_ram (D = $0$memwr$\mem$rtl/axi_ram.v:104$857_DATA[31:0]$876 [31:24], Q = \mem[15] [31:24]).
Adding EN signal on $memory\mem[159]$6885 ($dff) from module axi_ram (D = $0$memwr$\mem$rtl/axi_ram.v:97$854_DATA[31:0]$867 [7:0], Q = \mem[159] [7:0]).
Adding EN signal on $memory\mem[159]$6885 ($dff) from module axi_ram (D = $0$memwr$\mem$rtl/axi_ram.v:100$855_DATA[31:0]$870 [15:8], Q = \mem[159] [15:8]).
Adding EN signal on $memory\mem[159]$6885 ($dff) from module axi_ram (D = $0$memwr$\mem$rtl/axi_ram.v:102$856_DATA[31:0]$873 [23:16], Q = \mem[159] [23:16]).
Adding EN signal on $memory\mem[159]$6885 ($dff) from module axi_ram (D = $0$memwr$\mem$rtl/axi_ram.v:104$857_DATA[31:0]$876 [31:24], Q = \mem[159] [31:24]).
Adding EN signal on $memory\mem[158]$6883 ($dff) from module axi_ram (D = $0$memwr$\mem$rtl/axi_ram.v:97$854_DATA[31:0]$867 [7:0], Q = \mem[158] [7:0]).
Adding EN signal on $memory\mem[158]$6883 ($dff) from module axi_ram (D = $0$memwr$\mem$rtl/axi_ram.v:100$855_DATA[31:0]$870 [15:8], Q = \mem[158] [15:8]).
Adding EN signal on $memory\mem[158]$6883 ($dff) from module axi_ram (D = $0$memwr$\mem$rtl/axi_ram.v:102$856_DATA[31:0]$873 [23:16], Q = \mem[158] [23:16]).
Adding EN signal on $memory\mem[158]$6883 ($dff) from module axi_ram (D = $0$memwr$\mem$rtl/axi_ram.v:104$857_DATA[31:0]$876 [31:24], Q = \mem[158] [31:24]).
Adding EN signal on $memory\mem[157]$6881 ($dff) from module axi_ram (D = $0$memwr$\mem$rtl/axi_ram.v:97$854_DATA[31:0]$867 [7:0], Q = \mem[157] [7:0]).
Adding EN signal on $memory\mem[157]$6881 ($dff) from module axi_ram (D = $0$memwr$\mem$rtl/axi_ram.v:100$855_DATA[31:0]$870 [15:8], Q = \mem[157] [15:8]).
Adding EN signal on $memory\mem[157]$6881 ($dff) from module axi_ram (D = $0$memwr$\mem$rtl/axi_ram.v:102$856_DATA[31:0]$873 [23:16], Q = \mem[157] [23:16]).
Adding EN signal on $memory\mem[157]$6881 ($dff) from module axi_ram (D = $0$memwr$\mem$rtl/axi_ram.v:104$857_DATA[31:0]$876 [31:24], Q = \mem[157] [31:24]).
Adding EN signal on $memory\mem[156]$6879 ($dff) from module axi_ram (D = $0$memwr$\mem$rtl/axi_ram.v:97$854_DATA[31:0]$867 [7:0], Q = \mem[156] [7:0]).
Adding EN signal on $memory\mem[156]$6879 ($dff) from module axi_ram (D = $0$memwr$\mem$rtl/axi_ram.v:100$855_DATA[31:0]$870 [15:8], Q = \mem[156] [15:8]).
Adding EN signal on $memory\mem[156]$6879 ($dff) from module axi_ram (D = $0$memwr$\mem$rtl/axi_ram.v:102$856_DATA[31:0]$873 [23:16], Q = \mem[156] [23:16]).
Adding EN signal on $memory\mem[156]$6879 ($dff) from module axi_ram (D = $0$memwr$\mem$rtl/axi_ram.v:104$857_DATA[31:0]$876 [31:24], Q = \mem[156] [31:24]).
Adding EN signal on $memory\mem[155]$6877 ($dff) from module axi_ram (D = $0$memwr$\mem$rtl/axi_ram.v:97$854_DATA[31:0]$867 [7:0], Q = \mem[155] [7:0]).
Adding EN signal on $memory\mem[155]$6877 ($dff) from module axi_ram (D = $0$memwr$\mem$rtl/axi_ram.v:100$855_DATA[31:0]$870 [15:8], Q = \mem[155] [15:8]).
Adding EN signal on $memory\mem[155]$6877 ($dff) from module axi_ram (D = $0$memwr$\mem$rtl/axi_ram.v:102$856_DATA[31:0]$873 [23:16], Q = \mem[155] [23:16]).
Adding EN signal on $memory\mem[155]$6877 ($dff) from module axi_ram (D = $0$memwr$\mem$rtl/axi_ram.v:104$857_DATA[31:0]$876 [31:24], Q = \mem[155] [31:24]).
Adding EN signal on $memory\mem[154]$6875 ($dff) from module axi_ram (D = $0$memwr$\mem$rtl/axi_ram.v:97$854_DATA[31:0]$867 [7:0], Q = \mem[154] [7:0]).
Adding EN signal on $memory\mem[154]$6875 ($dff) from module axi_ram (D = $0$memwr$\mem$rtl/axi_ram.v:100$855_DATA[31:0]$870 [15:8], Q = \mem[154] [15:8]).
Adding EN signal on $memory\mem[154]$6875 ($dff) from module axi_ram (D = $0$memwr$\mem$rtl/axi_ram.v:102$856_DATA[31:0]$873 [23:16], Q = \mem[154] [23:16]).
Adding EN signal on $memory\mem[154]$6875 ($dff) from module axi_ram (D = $0$memwr$\mem$rtl/axi_ram.v:104$857_DATA[31:0]$876 [31:24], Q = \mem[154] [31:24]).
Adding EN signal on $memory\mem[153]$6873 ($dff) from module axi_ram (D = $0$memwr$\mem$rtl/axi_ram.v:97$854_DATA[31:0]$867 [7:0], Q = \mem[153] [7:0]).
Adding EN signal on $memory\mem[153]$6873 ($dff) from module axi_ram (D = $0$memwr$\mem$rtl/axi_ram.v:100$855_DATA[31:0]$870 [15:8], Q = \mem[153] [15:8]).
Adding EN signal on $memory\mem[153]$6873 ($dff) from module axi_ram (D = $0$memwr$\mem$rtl/axi_ram.v:102$856_DATA[31:0]$873 [23:16], Q = \mem[153] [23:16]).
Adding EN signal on $memory\mem[153]$6873 ($dff) from module axi_ram (D = $0$memwr$\mem$rtl/axi_ram.v:104$857_DATA[31:0]$876 [31:24], Q = \mem[153] [31:24]).
Adding EN signal on $memory\mem[152]$6871 ($dff) from module axi_ram (D = $0$memwr$\mem$rtl/axi_ram.v:97$854_DATA[31:0]$867 [7:0], Q = \mem[152] [7:0]).
Adding EN signal on $memory\mem[152]$6871 ($dff) from module axi_ram (D = $0$memwr$\mem$rtl/axi_ram.v:100$855_DATA[31:0]$870 [15:8], Q = \mem[152] [15:8]).
Adding EN signal on $memory\mem[152]$6871 ($dff) from module axi_ram (D = $0$memwr$\mem$rtl/axi_ram.v:102$856_DATA[31:0]$873 [23:16], Q = \mem[152] [23:16]).
Adding EN signal on $memory\mem[152]$6871 ($dff) from module axi_ram (D = $0$memwr$\mem$rtl/axi_ram.v:104$857_DATA[31:0]$876 [31:24], Q = \mem[152] [31:24]).
Adding EN signal on $memory\mem[151]$6869 ($dff) from module axi_ram (D = $0$memwr$\mem$rtl/axi_ram.v:97$854_DATA[31:0]$867 [7:0], Q = \mem[151] [7:0]).
Adding EN signal on $memory\mem[151]$6869 ($dff) from module axi_ram (D = $0$memwr$\mem$rtl/axi_ram.v:100$855_DATA[31:0]$870 [15:8], Q = \mem[151] [15:8]).
Adding EN signal on $memory\mem[151]$6869 ($dff) from module axi_ram (D = $0$memwr$\mem$rtl/axi_ram.v:102$856_DATA[31:0]$873 [23:16], Q = \mem[151] [23:16]).
Adding EN signal on $memory\mem[151]$6869 ($dff) from module axi_ram (D = $0$memwr$\mem$rtl/axi_ram.v:104$857_DATA[31:0]$876 [31:24], Q = \mem[151] [31:24]).
Adding EN signal on $memory\mem[150]$6867 ($dff) from module axi_ram (D = $0$memwr$\mem$rtl/axi_ram.v:97$854_DATA[31:0]$867 [7:0], Q = \mem[150] [7:0]).
Adding EN signal on $memory\mem[150]$6867 ($dff) from module axi_ram (D = $0$memwr$\mem$rtl/axi_ram.v:100$855_DATA[31:0]$870 [15:8], Q = \mem[150] [15:8]).
Adding EN signal on $memory\mem[150]$6867 ($dff) from module axi_ram (D = $0$memwr$\mem$rtl/axi_ram.v:102$856_DATA[31:0]$873 [23:16], Q = \mem[150] [23:16]).
Adding EN signal on $memory\mem[150]$6867 ($dff) from module axi_ram (D = $0$memwr$\mem$rtl/axi_ram.v:104$857_DATA[31:0]$876 [31:24], Q = \mem[150] [31:24]).
Adding EN signal on $memory\mem[14]$6595 ($dff) from module axi_ram (D = $0$memwr$\mem$rtl/axi_ram.v:97$854_DATA[31:0]$867 [7:0], Q = \mem[14] [7:0]).
Adding EN signal on $memory\mem[14]$6595 ($dff) from module axi_ram (D = $0$memwr$\mem$rtl/axi_ram.v:100$855_DATA[31:0]$870 [15:8], Q = \mem[14] [15:8]).
Adding EN signal on $memory\mem[14]$6595 ($dff) from module axi_ram (D = $0$memwr$\mem$rtl/axi_ram.v:102$856_DATA[31:0]$873 [23:16], Q = \mem[14] [23:16]).
Adding EN signal on $memory\mem[14]$6595 ($dff) from module axi_ram (D = $0$memwr$\mem$rtl/axi_ram.v:104$857_DATA[31:0]$876 [31:24], Q = \mem[14] [31:24]).
Adding EN signal on $memory\mem[149]$6865 ($dff) from module axi_ram (D = $0$memwr$\mem$rtl/axi_ram.v:97$854_DATA[31:0]$867 [7:0], Q = \mem[149] [7:0]).
Adding EN signal on $memory\mem[149]$6865 ($dff) from module axi_ram (D = $0$memwr$\mem$rtl/axi_ram.v:100$855_DATA[31:0]$870 [15:8], Q = \mem[149] [15:8]).
Adding EN signal on $memory\mem[149]$6865 ($dff) from module axi_ram (D = $0$memwr$\mem$rtl/axi_ram.v:102$856_DATA[31:0]$873 [23:16], Q = \mem[149] [23:16]).
Adding EN signal on $memory\mem[149]$6865 ($dff) from module axi_ram (D = $0$memwr$\mem$rtl/axi_ram.v:104$857_DATA[31:0]$876 [31:24], Q = \mem[149] [31:24]).
Adding EN signal on $memory\mem[148]$6863 ($dff) from module axi_ram (D = $0$memwr$\mem$rtl/axi_ram.v:97$854_DATA[31:0]$867 [7:0], Q = \mem[148] [7:0]).
Adding EN signal on $memory\mem[148]$6863 ($dff) from module axi_ram (D = $0$memwr$\mem$rtl/axi_ram.v:100$855_DATA[31:0]$870 [15:8], Q = \mem[148] [15:8]).
Adding EN signal on $memory\mem[148]$6863 ($dff) from module axi_ram (D = $0$memwr$\mem$rtl/axi_ram.v:102$856_DATA[31:0]$873 [23:16], Q = \mem[148] [23:16]).
Adding EN signal on $memory\mem[148]$6863 ($dff) from module axi_ram (D = $0$memwr$\mem$rtl/axi_ram.v:104$857_DATA[31:0]$876 [31:24], Q = \mem[148] [31:24]).
Adding EN signal on $memory\mem[147]$6861 ($dff) from module axi_ram (D = $0$memwr$\mem$rtl/axi_ram.v:97$854_DATA[31:0]$867 [7:0], Q = \mem[147] [7:0]).
Adding EN signal on $memory\mem[147]$6861 ($dff) from module axi_ram (D = $0$memwr$\mem$rtl/axi_ram.v:100$855_DATA[31:0]$870 [15:8], Q = \mem[147] [15:8]).
Adding EN signal on $memory\mem[147]$6861 ($dff) from module axi_ram (D = $0$memwr$\mem$rtl/axi_ram.v:102$856_DATA[31:0]$873 [23:16], Q = \mem[147] [23:16]).
Adding EN signal on $memory\mem[147]$6861 ($dff) from module axi_ram (D = $0$memwr$\mem$rtl/axi_ram.v:104$857_DATA[31:0]$876 [31:24], Q = \mem[147] [31:24]).
Adding EN signal on $memory\mem[146]$6859 ($dff) from module axi_ram (D = $0$memwr$\mem$rtl/axi_ram.v:97$854_DATA[31:0]$867 [7:0], Q = \mem[146] [7:0]).
Adding EN signal on $memory\mem[146]$6859 ($dff) from module axi_ram (D = $0$memwr$\mem$rtl/axi_ram.v:100$855_DATA[31:0]$870 [15:8], Q = \mem[146] [15:8]).
Adding EN signal on $memory\mem[146]$6859 ($dff) from module axi_ram (D = $0$memwr$\mem$rtl/axi_ram.v:102$856_DATA[31:0]$873 [23:16], Q = \mem[146] [23:16]).
Adding EN signal on $memory\mem[146]$6859 ($dff) from module axi_ram (D = $0$memwr$\mem$rtl/axi_ram.v:104$857_DATA[31:0]$876 [31:24], Q = \mem[146] [31:24]).
Adding EN signal on $memory\mem[145]$6857 ($dff) from module axi_ram (D = $0$memwr$\mem$rtl/axi_ram.v:97$854_DATA[31:0]$867 [7:0], Q = \mem[145] [7:0]).
Adding EN signal on $memory\mem[145]$6857 ($dff) from module axi_ram (D = $0$memwr$\mem$rtl/axi_ram.v:100$855_DATA[31:0]$870 [15:8], Q = \mem[145] [15:8]).
Adding EN signal on $memory\mem[145]$6857 ($dff) from module axi_ram (D = $0$memwr$\mem$rtl/axi_ram.v:102$856_DATA[31:0]$873 [23:16], Q = \mem[145] [23:16]).
Adding EN signal on $memory\mem[145]$6857 ($dff) from module axi_ram (D = $0$memwr$\mem$rtl/axi_ram.v:104$857_DATA[31:0]$876 [31:24], Q = \mem[145] [31:24]).
Adding EN signal on $memory\mem[144]$6855 ($dff) from module axi_ram (D = $0$memwr$\mem$rtl/axi_ram.v:97$854_DATA[31:0]$867 [7:0], Q = \mem[144] [7:0]).
Adding EN signal on $memory\mem[144]$6855 ($dff) from module axi_ram (D = $0$memwr$\mem$rtl/axi_ram.v:100$855_DATA[31:0]$870 [15:8], Q = \mem[144] [15:8]).
Adding EN signal on $memory\mem[144]$6855 ($dff) from module axi_ram (D = $0$memwr$\mem$rtl/axi_ram.v:102$856_DATA[31:0]$873 [23:16], Q = \mem[144] [23:16]).
Adding EN signal on $memory\mem[144]$6855 ($dff) from module axi_ram (D = $0$memwr$\mem$rtl/axi_ram.v:104$857_DATA[31:0]$876 [31:24], Q = \mem[144] [31:24]).
Adding EN signal on $memory\mem[143]$6853 ($dff) from module axi_ram (D = $0$memwr$\mem$rtl/axi_ram.v:97$854_DATA[31:0]$867 [7:0], Q = \mem[143] [7:0]).
Adding EN signal on $memory\mem[143]$6853 ($dff) from module axi_ram (D = $0$memwr$\mem$rtl/axi_ram.v:100$855_DATA[31:0]$870 [15:8], Q = \mem[143] [15:8]).
Adding EN signal on $memory\mem[143]$6853 ($dff) from module axi_ram (D = $0$memwr$\mem$rtl/axi_ram.v:102$856_DATA[31:0]$873 [23:16], Q = \mem[143] [23:16]).
Adding EN signal on $memory\mem[143]$6853 ($dff) from module axi_ram (D = $0$memwr$\mem$rtl/axi_ram.v:104$857_DATA[31:0]$876 [31:24], Q = \mem[143] [31:24]).
Adding EN signal on $memory\mem[142]$6851 ($dff) from module axi_ram (D = $0$memwr$\mem$rtl/axi_ram.v:97$854_DATA[31:0]$867 [7:0], Q = \mem[142] [7:0]).
Adding EN signal on $memory\mem[142]$6851 ($dff) from module axi_ram (D = $0$memwr$\mem$rtl/axi_ram.v:100$855_DATA[31:0]$870 [15:8], Q = \mem[142] [15:8]).
Adding EN signal on $memory\mem[142]$6851 ($dff) from module axi_ram (D = $0$memwr$\mem$rtl/axi_ram.v:102$856_DATA[31:0]$873 [23:16], Q = \mem[142] [23:16]).
Adding EN signal on $memory\mem[142]$6851 ($dff) from module axi_ram (D = $0$memwr$\mem$rtl/axi_ram.v:104$857_DATA[31:0]$876 [31:24], Q = \mem[142] [31:24]).
Adding EN signal on $memory\mem[141]$6849 ($dff) from module axi_ram (D = $0$memwr$\mem$rtl/axi_ram.v:97$854_DATA[31:0]$867 [7:0], Q = \mem[141] [7:0]).
Adding EN signal on $memory\mem[141]$6849 ($dff) from module axi_ram (D = $0$memwr$\mem$rtl/axi_ram.v:100$855_DATA[31:0]$870 [15:8], Q = \mem[141] [15:8]).
Adding EN signal on $memory\mem[141]$6849 ($dff) from module axi_ram (D = $0$memwr$\mem$rtl/axi_ram.v:102$856_DATA[31:0]$873 [23:16], Q = \mem[141] [23:16]).
Adding EN signal on $memory\mem[141]$6849 ($dff) from module axi_ram (D = $0$memwr$\mem$rtl/axi_ram.v:104$857_DATA[31:0]$876 [31:24], Q = \mem[141] [31:24]).
Adding EN signal on $memory\mem[140]$6847 ($dff) from module axi_ram (D = $0$memwr$\mem$rtl/axi_ram.v:97$854_DATA[31:0]$867 [7:0], Q = \mem[140] [7:0]).
Adding EN signal on $memory\mem[140]$6847 ($dff) from module axi_ram (D = $0$memwr$\mem$rtl/axi_ram.v:100$855_DATA[31:0]$870 [15:8], Q = \mem[140] [15:8]).
Adding EN signal on $memory\mem[140]$6847 ($dff) from module axi_ram (D = $0$memwr$\mem$rtl/axi_ram.v:102$856_DATA[31:0]$873 [23:16], Q = \mem[140] [23:16]).
Adding EN signal on $memory\mem[140]$6847 ($dff) from module axi_ram (D = $0$memwr$\mem$rtl/axi_ram.v:104$857_DATA[31:0]$876 [31:24], Q = \mem[140] [31:24]).
Adding EN signal on $memory\mem[13]$6593 ($dff) from module axi_ram (D = $0$memwr$\mem$rtl/axi_ram.v:97$854_DATA[31:0]$867 [7:0], Q = \mem[13] [7:0]).
Adding EN signal on $memory\mem[13]$6593 ($dff) from module axi_ram (D = $0$memwr$\mem$rtl/axi_ram.v:100$855_DATA[31:0]$870 [15:8], Q = \mem[13] [15:8]).
Adding EN signal on $memory\mem[13]$6593 ($dff) from module axi_ram (D = $0$memwr$\mem$rtl/axi_ram.v:102$856_DATA[31:0]$873 [23:16], Q = \mem[13] [23:16]).
Adding EN signal on $memory\mem[13]$6593 ($dff) from module axi_ram (D = $0$memwr$\mem$rtl/axi_ram.v:104$857_DATA[31:0]$876 [31:24], Q = \mem[13] [31:24]).
Adding EN signal on $memory\mem[139]$6845 ($dff) from module axi_ram (D = $0$memwr$\mem$rtl/axi_ram.v:97$854_DATA[31:0]$867 [7:0], Q = \mem[139] [7:0]).
Adding EN signal on $memory\mem[139]$6845 ($dff) from module axi_ram (D = $0$memwr$\mem$rtl/axi_ram.v:100$855_DATA[31:0]$870 [15:8], Q = \mem[139] [15:8]).
Adding EN signal on $memory\mem[139]$6845 ($dff) from module axi_ram (D = $0$memwr$\mem$rtl/axi_ram.v:102$856_DATA[31:0]$873 [23:16], Q = \mem[139] [23:16]).
Adding EN signal on $memory\mem[139]$6845 ($dff) from module axi_ram (D = $0$memwr$\mem$rtl/axi_ram.v:104$857_DATA[31:0]$876 [31:24], Q = \mem[139] [31:24]).
Adding EN signal on $memory\mem[138]$6843 ($dff) from module axi_ram (D = $0$memwr$\mem$rtl/axi_ram.v:97$854_DATA[31:0]$867 [7:0], Q = \mem[138] [7:0]).
Adding EN signal on $memory\mem[138]$6843 ($dff) from module axi_ram (D = $0$memwr$\mem$rtl/axi_ram.v:100$855_DATA[31:0]$870 [15:8], Q = \mem[138] [15:8]).
Adding EN signal on $memory\mem[138]$6843 ($dff) from module axi_ram (D = $0$memwr$\mem$rtl/axi_ram.v:102$856_DATA[31:0]$873 [23:16], Q = \mem[138] [23:16]).
Adding EN signal on $memory\mem[138]$6843 ($dff) from module axi_ram (D = $0$memwr$\mem$rtl/axi_ram.v:104$857_DATA[31:0]$876 [31:24], Q = \mem[138] [31:24]).
Adding EN signal on $memory\mem[137]$6841 ($dff) from module axi_ram (D = $0$memwr$\mem$rtl/axi_ram.v:97$854_DATA[31:0]$867 [7:0], Q = \mem[137] [7:0]).
Adding EN signal on $memory\mem[137]$6841 ($dff) from module axi_ram (D = $0$memwr$\mem$rtl/axi_ram.v:100$855_DATA[31:0]$870 [15:8], Q = \mem[137] [15:8]).
Adding EN signal on $memory\mem[137]$6841 ($dff) from module axi_ram (D = $0$memwr$\mem$rtl/axi_ram.v:102$856_DATA[31:0]$873 [23:16], Q = \mem[137] [23:16]).
Adding EN signal on $memory\mem[137]$6841 ($dff) from module axi_ram (D = $0$memwr$\mem$rtl/axi_ram.v:104$857_DATA[31:0]$876 [31:24], Q = \mem[137] [31:24]).
Adding EN signal on $memory\mem[136]$6839 ($dff) from module axi_ram (D = $0$memwr$\mem$rtl/axi_ram.v:97$854_DATA[31:0]$867 [7:0], Q = \mem[136] [7:0]).
Adding EN signal on $memory\mem[136]$6839 ($dff) from module axi_ram (D = $0$memwr$\mem$rtl/axi_ram.v:100$855_DATA[31:0]$870 [15:8], Q = \mem[136] [15:8]).
Adding EN signal on $memory\mem[136]$6839 ($dff) from module axi_ram (D = $0$memwr$\mem$rtl/axi_ram.v:102$856_DATA[31:0]$873 [23:16], Q = \mem[136] [23:16]).
Adding EN signal on $memory\mem[136]$6839 ($dff) from module axi_ram (D = $0$memwr$\mem$rtl/axi_ram.v:104$857_DATA[31:0]$876 [31:24], Q = \mem[136] [31:24]).
Adding EN signal on $memory\mem[135]$6837 ($dff) from module axi_ram (D = $0$memwr$\mem$rtl/axi_ram.v:97$854_DATA[31:0]$867 [7:0], Q = \mem[135] [7:0]).
Adding EN signal on $memory\mem[135]$6837 ($dff) from module axi_ram (D = $0$memwr$\mem$rtl/axi_ram.v:100$855_DATA[31:0]$870 [15:8], Q = \mem[135] [15:8]).
Adding EN signal on $memory\mem[135]$6837 ($dff) from module axi_ram (D = $0$memwr$\mem$rtl/axi_ram.v:102$856_DATA[31:0]$873 [23:16], Q = \mem[135] [23:16]).
Adding EN signal on $memory\mem[135]$6837 ($dff) from module axi_ram (D = $0$memwr$\mem$rtl/axi_ram.v:104$857_DATA[31:0]$876 [31:24], Q = \mem[135] [31:24]).
Adding EN signal on $memory\mem[134]$6835 ($dff) from module axi_ram (D = $0$memwr$\mem$rtl/axi_ram.v:97$854_DATA[31:0]$867 [7:0], Q = \mem[134] [7:0]).
Adding EN signal on $memory\mem[134]$6835 ($dff) from module axi_ram (D = $0$memwr$\mem$rtl/axi_ram.v:100$855_DATA[31:0]$870 [15:8], Q = \mem[134] [15:8]).
Adding EN signal on $memory\mem[134]$6835 ($dff) from module axi_ram (D = $0$memwr$\mem$rtl/axi_ram.v:102$856_DATA[31:0]$873 [23:16], Q = \mem[134] [23:16]).
Adding EN signal on $memory\mem[134]$6835 ($dff) from module axi_ram (D = $0$memwr$\mem$rtl/axi_ram.v:104$857_DATA[31:0]$876 [31:24], Q = \mem[134] [31:24]).
Adding EN signal on $memory\mem[133]$6833 ($dff) from module axi_ram (D = $0$memwr$\mem$rtl/axi_ram.v:97$854_DATA[31:0]$867 [7:0], Q = \mem[133] [7:0]).
Adding EN signal on $memory\mem[133]$6833 ($dff) from module axi_ram (D = $0$memwr$\mem$rtl/axi_ram.v:100$855_DATA[31:0]$870 [15:8], Q = \mem[133] [15:8]).
Adding EN signal on $memory\mem[133]$6833 ($dff) from module axi_ram (D = $0$memwr$\mem$rtl/axi_ram.v:102$856_DATA[31:0]$873 [23:16], Q = \mem[133] [23:16]).
Adding EN signal on $memory\mem[133]$6833 ($dff) from module axi_ram (D = $0$memwr$\mem$rtl/axi_ram.v:104$857_DATA[31:0]$876 [31:24], Q = \mem[133] [31:24]).
Adding EN signal on $memory\mem[132]$6831 ($dff) from module axi_ram (D = $0$memwr$\mem$rtl/axi_ram.v:97$854_DATA[31:0]$867 [7:0], Q = \mem[132] [7:0]).
Adding EN signal on $memory\mem[132]$6831 ($dff) from module axi_ram (D = $0$memwr$\mem$rtl/axi_ram.v:100$855_DATA[31:0]$870 [15:8], Q = \mem[132] [15:8]).
Adding EN signal on $memory\mem[132]$6831 ($dff) from module axi_ram (D = $0$memwr$\mem$rtl/axi_ram.v:102$856_DATA[31:0]$873 [23:16], Q = \mem[132] [23:16]).
Adding EN signal on $memory\mem[132]$6831 ($dff) from module axi_ram (D = $0$memwr$\mem$rtl/axi_ram.v:104$857_DATA[31:0]$876 [31:24], Q = \mem[132] [31:24]).
Adding EN signal on $memory\mem[131]$6829 ($dff) from module axi_ram (D = $0$memwr$\mem$rtl/axi_ram.v:97$854_DATA[31:0]$867 [7:0], Q = \mem[131] [7:0]).
Adding EN signal on $memory\mem[131]$6829 ($dff) from module axi_ram (D = $0$memwr$\mem$rtl/axi_ram.v:100$855_DATA[31:0]$870 [15:8], Q = \mem[131] [15:8]).
Adding EN signal on $memory\mem[131]$6829 ($dff) from module axi_ram (D = $0$memwr$\mem$rtl/axi_ram.v:102$856_DATA[31:0]$873 [23:16], Q = \mem[131] [23:16]).
Adding EN signal on $memory\mem[131]$6829 ($dff) from module axi_ram (D = $0$memwr$\mem$rtl/axi_ram.v:104$857_DATA[31:0]$876 [31:24], Q = \mem[131] [31:24]).
Adding EN signal on $memory\mem[130]$6827 ($dff) from module axi_ram (D = $0$memwr$\mem$rtl/axi_ram.v:97$854_DATA[31:0]$867 [7:0], Q = \mem[130] [7:0]).
Adding EN signal on $memory\mem[130]$6827 ($dff) from module axi_ram (D = $0$memwr$\mem$rtl/axi_ram.v:100$855_DATA[31:0]$870 [15:8], Q = \mem[130] [15:8]).
Adding EN signal on $memory\mem[130]$6827 ($dff) from module axi_ram (D = $0$memwr$\mem$rtl/axi_ram.v:102$856_DATA[31:0]$873 [23:16], Q = \mem[130] [23:16]).
Adding EN signal on $memory\mem[130]$6827 ($dff) from module axi_ram (D = $0$memwr$\mem$rtl/axi_ram.v:104$857_DATA[31:0]$876 [31:24], Q = \mem[130] [31:24]).
Adding EN signal on $memory\mem[12]$6591 ($dff) from module axi_ram (D = $0$memwr$\mem$rtl/axi_ram.v:97$854_DATA[31:0]$867 [7:0], Q = \mem[12] [7:0]).
Adding EN signal on $memory\mem[12]$6591 ($dff) from module axi_ram (D = $0$memwr$\mem$rtl/axi_ram.v:100$855_DATA[31:0]$870 [15:8], Q = \mem[12] [15:8]).
Adding EN signal on $memory\mem[12]$6591 ($dff) from module axi_ram (D = $0$memwr$\mem$rtl/axi_ram.v:102$856_DATA[31:0]$873 [23:16], Q = \mem[12] [23:16]).
Adding EN signal on $memory\mem[12]$6591 ($dff) from module axi_ram (D = $0$memwr$\mem$rtl/axi_ram.v:104$857_DATA[31:0]$876 [31:24], Q = \mem[12] [31:24]).
Adding EN signal on $memory\mem[129]$6825 ($dff) from module axi_ram (D = $0$memwr$\mem$rtl/axi_ram.v:97$854_DATA[31:0]$867 [7:0], Q = \mem[129] [7:0]).
Adding EN signal on $memory\mem[129]$6825 ($dff) from module axi_ram (D = $0$memwr$\mem$rtl/axi_ram.v:100$855_DATA[31:0]$870 [15:8], Q = \mem[129] [15:8]).
Adding EN signal on $memory\mem[129]$6825 ($dff) from module axi_ram (D = $0$memwr$\mem$rtl/axi_ram.v:102$856_DATA[31:0]$873 [23:16], Q = \mem[129] [23:16]).
Adding EN signal on $memory\mem[129]$6825 ($dff) from module axi_ram (D = $0$memwr$\mem$rtl/axi_ram.v:104$857_DATA[31:0]$876 [31:24], Q = \mem[129] [31:24]).
Adding EN signal on $memory\mem[128]$6823 ($dff) from module axi_ram (D = $0$memwr$\mem$rtl/axi_ram.v:97$854_DATA[31:0]$867 [7:0], Q = \mem[128] [7:0]).
Adding EN signal on $memory\mem[128]$6823 ($dff) from module axi_ram (D = $0$memwr$\mem$rtl/axi_ram.v:100$855_DATA[31:0]$870 [15:8], Q = \mem[128] [15:8]).
Adding EN signal on $memory\mem[128]$6823 ($dff) from module axi_ram (D = $0$memwr$\mem$rtl/axi_ram.v:102$856_DATA[31:0]$873 [23:16], Q = \mem[128] [23:16]).
Adding EN signal on $memory\mem[128]$6823 ($dff) from module axi_ram (D = $0$memwr$\mem$rtl/axi_ram.v:104$857_DATA[31:0]$876 [31:24], Q = \mem[128] [31:24]).
Adding EN signal on $memory\mem[127]$6821 ($dff) from module axi_ram (D = $0$memwr$\mem$rtl/axi_ram.v:97$854_DATA[31:0]$867 [7:0], Q = \mem[127] [7:0]).
Adding EN signal on $memory\mem[127]$6821 ($dff) from module axi_ram (D = $0$memwr$\mem$rtl/axi_ram.v:100$855_DATA[31:0]$870 [15:8], Q = \mem[127] [15:8]).
Adding EN signal on $memory\mem[127]$6821 ($dff) from module axi_ram (D = $0$memwr$\mem$rtl/axi_ram.v:102$856_DATA[31:0]$873 [23:16], Q = \mem[127] [23:16]).
Adding EN signal on $memory\mem[127]$6821 ($dff) from module axi_ram (D = $0$memwr$\mem$rtl/axi_ram.v:104$857_DATA[31:0]$876 [31:24], Q = \mem[127] [31:24]).
Adding EN signal on $memory\mem[126]$6819 ($dff) from module axi_ram (D = $0$memwr$\mem$rtl/axi_ram.v:97$854_DATA[31:0]$867 [7:0], Q = \mem[126] [7:0]).
Adding EN signal on $memory\mem[126]$6819 ($dff) from module axi_ram (D = $0$memwr$\mem$rtl/axi_ram.v:100$855_DATA[31:0]$870 [15:8], Q = \mem[126] [15:8]).
Adding EN signal on $memory\mem[126]$6819 ($dff) from module axi_ram (D = $0$memwr$\mem$rtl/axi_ram.v:102$856_DATA[31:0]$873 [23:16], Q = \mem[126] [23:16]).
Adding EN signal on $memory\mem[126]$6819 ($dff) from module axi_ram (D = $0$memwr$\mem$rtl/axi_ram.v:104$857_DATA[31:0]$876 [31:24], Q = \mem[126] [31:24]).
Adding EN signal on $memory\mem[125]$6817 ($dff) from module axi_ram (D = $0$memwr$\mem$rtl/axi_ram.v:97$854_DATA[31:0]$867 [7:0], Q = \mem[125] [7:0]).
Adding EN signal on $memory\mem[125]$6817 ($dff) from module axi_ram (D = $0$memwr$\mem$rtl/axi_ram.v:100$855_DATA[31:0]$870 [15:8], Q = \mem[125] [15:8]).
Adding EN signal on $memory\mem[125]$6817 ($dff) from module axi_ram (D = $0$memwr$\mem$rtl/axi_ram.v:102$856_DATA[31:0]$873 [23:16], Q = \mem[125] [23:16]).
Adding EN signal on $memory\mem[125]$6817 ($dff) from module axi_ram (D = $0$memwr$\mem$rtl/axi_ram.v:104$857_DATA[31:0]$876 [31:24], Q = \mem[125] [31:24]).
Adding EN signal on $memory\mem[124]$6815 ($dff) from module axi_ram (D = $0$memwr$\mem$rtl/axi_ram.v:97$854_DATA[31:0]$867 [7:0], Q = \mem[124] [7:0]).
Adding EN signal on $memory\mem[124]$6815 ($dff) from module axi_ram (D = $0$memwr$\mem$rtl/axi_ram.v:100$855_DATA[31:0]$870 [15:8], Q = \mem[124] [15:8]).
Adding EN signal on $memory\mem[124]$6815 ($dff) from module axi_ram (D = $0$memwr$\mem$rtl/axi_ram.v:102$856_DATA[31:0]$873 [23:16], Q = \mem[124] [23:16]).
Adding EN signal on $memory\mem[124]$6815 ($dff) from module axi_ram (D = $0$memwr$\mem$rtl/axi_ram.v:104$857_DATA[31:0]$876 [31:24], Q = \mem[124] [31:24]).
Adding EN signal on $memory\mem[123]$6813 ($dff) from module axi_ram (D = $0$memwr$\mem$rtl/axi_ram.v:97$854_DATA[31:0]$867 [7:0], Q = \mem[123] [7:0]).
Adding EN signal on $memory\mem[123]$6813 ($dff) from module axi_ram (D = $0$memwr$\mem$rtl/axi_ram.v:100$855_DATA[31:0]$870 [15:8], Q = \mem[123] [15:8]).
Adding EN signal on $memory\mem[123]$6813 ($dff) from module axi_ram (D = $0$memwr$\mem$rtl/axi_ram.v:102$856_DATA[31:0]$873 [23:16], Q = \mem[123] [23:16]).
Adding EN signal on $memory\mem[123]$6813 ($dff) from module axi_ram (D = $0$memwr$\mem$rtl/axi_ram.v:104$857_DATA[31:0]$876 [31:24], Q = \mem[123] [31:24]).
Adding EN signal on $memory\mem[122]$6811 ($dff) from module axi_ram (D = $0$memwr$\mem$rtl/axi_ram.v:97$854_DATA[31:0]$867 [7:0], Q = \mem[122] [7:0]).
Adding EN signal on $memory\mem[122]$6811 ($dff) from module axi_ram (D = $0$memwr$\mem$rtl/axi_ram.v:100$855_DATA[31:0]$870 [15:8], Q = \mem[122] [15:8]).
Adding EN signal on $memory\mem[122]$6811 ($dff) from module axi_ram (D = $0$memwr$\mem$rtl/axi_ram.v:102$856_DATA[31:0]$873 [23:16], Q = \mem[122] [23:16]).
Adding EN signal on $memory\mem[122]$6811 ($dff) from module axi_ram (D = $0$memwr$\mem$rtl/axi_ram.v:104$857_DATA[31:0]$876 [31:24], Q = \mem[122] [31:24]).
Adding EN signal on $memory\mem[121]$6809 ($dff) from module axi_ram (D = $0$memwr$\mem$rtl/axi_ram.v:97$854_DATA[31:0]$867 [7:0], Q = \mem[121] [7:0]).
Adding EN signal on $memory\mem[121]$6809 ($dff) from module axi_ram (D = $0$memwr$\mem$rtl/axi_ram.v:100$855_DATA[31:0]$870 [15:8], Q = \mem[121] [15:8]).
Adding EN signal on $memory\mem[121]$6809 ($dff) from module axi_ram (D = $0$memwr$\mem$rtl/axi_ram.v:102$856_DATA[31:0]$873 [23:16], Q = \mem[121] [23:16]).
Adding EN signal on $memory\mem[121]$6809 ($dff) from module axi_ram (D = $0$memwr$\mem$rtl/axi_ram.v:104$857_DATA[31:0]$876 [31:24], Q = \mem[121] [31:24]).
Adding EN signal on $memory\mem[120]$6807 ($dff) from module axi_ram (D = $0$memwr$\mem$rtl/axi_ram.v:97$854_DATA[31:0]$867 [7:0], Q = \mem[120] [7:0]).
Adding EN signal on $memory\mem[120]$6807 ($dff) from module axi_ram (D = $0$memwr$\mem$rtl/axi_ram.v:100$855_DATA[31:0]$870 [15:8], Q = \mem[120] [15:8]).
Adding EN signal on $memory\mem[120]$6807 ($dff) from module axi_ram (D = $0$memwr$\mem$rtl/axi_ram.v:102$856_DATA[31:0]$873 [23:16], Q = \mem[120] [23:16]).
Adding EN signal on $memory\mem[120]$6807 ($dff) from module axi_ram (D = $0$memwr$\mem$rtl/axi_ram.v:104$857_DATA[31:0]$876 [31:24], Q = \mem[120] [31:24]).
Adding EN signal on $memory\mem[11]$6589 ($dff) from module axi_ram (D = $0$memwr$\mem$rtl/axi_ram.v:97$854_DATA[31:0]$867 [7:0], Q = \mem[11] [7:0]).
Adding EN signal on $memory\mem[11]$6589 ($dff) from module axi_ram (D = $0$memwr$\mem$rtl/axi_ram.v:100$855_DATA[31:0]$870 [15:8], Q = \mem[11] [15:8]).
Adding EN signal on $memory\mem[11]$6589 ($dff) from module axi_ram (D = $0$memwr$\mem$rtl/axi_ram.v:102$856_DATA[31:0]$873 [23:16], Q = \mem[11] [23:16]).
Adding EN signal on $memory\mem[11]$6589 ($dff) from module axi_ram (D = $0$memwr$\mem$rtl/axi_ram.v:104$857_DATA[31:0]$876 [31:24], Q = \mem[11] [31:24]).
Adding EN signal on $memory\mem[119]$6805 ($dff) from module axi_ram (D = $0$memwr$\mem$rtl/axi_ram.v:97$854_DATA[31:0]$867 [7:0], Q = \mem[119] [7:0]).
Adding EN signal on $memory\mem[119]$6805 ($dff) from module axi_ram (D = $0$memwr$\mem$rtl/axi_ram.v:100$855_DATA[31:0]$870 [15:8], Q = \mem[119] [15:8]).
Adding EN signal on $memory\mem[119]$6805 ($dff) from module axi_ram (D = $0$memwr$\mem$rtl/axi_ram.v:102$856_DATA[31:0]$873 [23:16], Q = \mem[119] [23:16]).
Adding EN signal on $memory\mem[119]$6805 ($dff) from module axi_ram (D = $0$memwr$\mem$rtl/axi_ram.v:104$857_DATA[31:0]$876 [31:24], Q = \mem[119] [31:24]).
Adding EN signal on $memory\mem[118]$6803 ($dff) from module axi_ram (D = $0$memwr$\mem$rtl/axi_ram.v:97$854_DATA[31:0]$867 [7:0], Q = \mem[118] [7:0]).
Adding EN signal on $memory\mem[118]$6803 ($dff) from module axi_ram (D = $0$memwr$\mem$rtl/axi_ram.v:100$855_DATA[31:0]$870 [15:8], Q = \mem[118] [15:8]).
Adding EN signal on $memory\mem[118]$6803 ($dff) from module axi_ram (D = $0$memwr$\mem$rtl/axi_ram.v:102$856_DATA[31:0]$873 [23:16], Q = \mem[118] [23:16]).
Adding EN signal on $memory\mem[118]$6803 ($dff) from module axi_ram (D = $0$memwr$\mem$rtl/axi_ram.v:104$857_DATA[31:0]$876 [31:24], Q = \mem[118] [31:24]).
Adding EN signal on $memory\mem[117]$6801 ($dff) from module axi_ram (D = $0$memwr$\mem$rtl/axi_ram.v:97$854_DATA[31:0]$867 [7:0], Q = \mem[117] [7:0]).
Adding EN signal on $memory\mem[117]$6801 ($dff) from module axi_ram (D = $0$memwr$\mem$rtl/axi_ram.v:100$855_DATA[31:0]$870 [15:8], Q = \mem[117] [15:8]).
Adding EN signal on $memory\mem[117]$6801 ($dff) from module axi_ram (D = $0$memwr$\mem$rtl/axi_ram.v:102$856_DATA[31:0]$873 [23:16], Q = \mem[117] [23:16]).
Adding EN signal on $memory\mem[117]$6801 ($dff) from module axi_ram (D = $0$memwr$\mem$rtl/axi_ram.v:104$857_DATA[31:0]$876 [31:24], Q = \mem[117] [31:24]).
Adding EN signal on $memory\mem[116]$6799 ($dff) from module axi_ram (D = $0$memwr$\mem$rtl/axi_ram.v:97$854_DATA[31:0]$867 [7:0], Q = \mem[116] [7:0]).
Adding EN signal on $memory\mem[116]$6799 ($dff) from module axi_ram (D = $0$memwr$\mem$rtl/axi_ram.v:100$855_DATA[31:0]$870 [15:8], Q = \mem[116] [15:8]).
Adding EN signal on $memory\mem[116]$6799 ($dff) from module axi_ram (D = $0$memwr$\mem$rtl/axi_ram.v:102$856_DATA[31:0]$873 [23:16], Q = \mem[116] [23:16]).
Adding EN signal on $memory\mem[116]$6799 ($dff) from module axi_ram (D = $0$memwr$\mem$rtl/axi_ram.v:104$857_DATA[31:0]$876 [31:24], Q = \mem[116] [31:24]).
Adding EN signal on $memory\mem[115]$6797 ($dff) from module axi_ram (D = $0$memwr$\mem$rtl/axi_ram.v:97$854_DATA[31:0]$867 [7:0], Q = \mem[115] [7:0]).
Adding EN signal on $memory\mem[115]$6797 ($dff) from module axi_ram (D = $0$memwr$\mem$rtl/axi_ram.v:100$855_DATA[31:0]$870 [15:8], Q = \mem[115] [15:8]).
Adding EN signal on $memory\mem[115]$6797 ($dff) from module axi_ram (D = $0$memwr$\mem$rtl/axi_ram.v:102$856_DATA[31:0]$873 [23:16], Q = \mem[115] [23:16]).
Adding EN signal on $memory\mem[115]$6797 ($dff) from module axi_ram (D = $0$memwr$\mem$rtl/axi_ram.v:104$857_DATA[31:0]$876 [31:24], Q = \mem[115] [31:24]).
Adding EN signal on $memory\mem[114]$6795 ($dff) from module axi_ram (D = $0$memwr$\mem$rtl/axi_ram.v:97$854_DATA[31:0]$867 [7:0], Q = \mem[114] [7:0]).
Adding EN signal on $memory\mem[114]$6795 ($dff) from module axi_ram (D = $0$memwr$\mem$rtl/axi_ram.v:100$855_DATA[31:0]$870 [15:8], Q = \mem[114] [15:8]).
Adding EN signal on $memory\mem[114]$6795 ($dff) from module axi_ram (D = $0$memwr$\mem$rtl/axi_ram.v:102$856_DATA[31:0]$873 [23:16], Q = \mem[114] [23:16]).
Adding EN signal on $memory\mem[114]$6795 ($dff) from module axi_ram (D = $0$memwr$\mem$rtl/axi_ram.v:104$857_DATA[31:0]$876 [31:24], Q = \mem[114] [31:24]).
Adding EN signal on $memory\mem[113]$6793 ($dff) from module axi_ram (D = $0$memwr$\mem$rtl/axi_ram.v:97$854_DATA[31:0]$867 [7:0], Q = \mem[113] [7:0]).
Adding EN signal on $memory\mem[113]$6793 ($dff) from module axi_ram (D = $0$memwr$\mem$rtl/axi_ram.v:100$855_DATA[31:0]$870 [15:8], Q = \mem[113] [15:8]).
Adding EN signal on $memory\mem[113]$6793 ($dff) from module axi_ram (D = $0$memwr$\mem$rtl/axi_ram.v:102$856_DATA[31:0]$873 [23:16], Q = \mem[113] [23:16]).
Adding EN signal on $memory\mem[113]$6793 ($dff) from module axi_ram (D = $0$memwr$\mem$rtl/axi_ram.v:104$857_DATA[31:0]$876 [31:24], Q = \mem[113] [31:24]).
Adding EN signal on $memory\mem[112]$6791 ($dff) from module axi_ram (D = $0$memwr$\mem$rtl/axi_ram.v:97$854_DATA[31:0]$867 [7:0], Q = \mem[112] [7:0]).
Adding EN signal on $memory\mem[112]$6791 ($dff) from module axi_ram (D = $0$memwr$\mem$rtl/axi_ram.v:100$855_DATA[31:0]$870 [15:8], Q = \mem[112] [15:8]).
Adding EN signal on $memory\mem[112]$6791 ($dff) from module axi_ram (D = $0$memwr$\mem$rtl/axi_ram.v:102$856_DATA[31:0]$873 [23:16], Q = \mem[112] [23:16]).
Adding EN signal on $memory\mem[112]$6791 ($dff) from module axi_ram (D = $0$memwr$\mem$rtl/axi_ram.v:104$857_DATA[31:0]$876 [31:24], Q = \mem[112] [31:24]).
Adding EN signal on $memory\mem[111]$6789 ($dff) from module axi_ram (D = $0$memwr$\mem$rtl/axi_ram.v:97$854_DATA[31:0]$867 [7:0], Q = \mem[111] [7:0]).
Adding EN signal on $memory\mem[111]$6789 ($dff) from module axi_ram (D = $0$memwr$\mem$rtl/axi_ram.v:100$855_DATA[31:0]$870 [15:8], Q = \mem[111] [15:8]).
Adding EN signal on $memory\mem[111]$6789 ($dff) from module axi_ram (D = $0$memwr$\mem$rtl/axi_ram.v:102$856_DATA[31:0]$873 [23:16], Q = \mem[111] [23:16]).
Adding EN signal on $memory\mem[111]$6789 ($dff) from module axi_ram (D = $0$memwr$\mem$rtl/axi_ram.v:104$857_DATA[31:0]$876 [31:24], Q = \mem[111] [31:24]).
Adding EN signal on $memory\mem[110]$6787 ($dff) from module axi_ram (D = $0$memwr$\mem$rtl/axi_ram.v:97$854_DATA[31:0]$867 [7:0], Q = \mem[110] [7:0]).
Adding EN signal on $memory\mem[110]$6787 ($dff) from module axi_ram (D = $0$memwr$\mem$rtl/axi_ram.v:100$855_DATA[31:0]$870 [15:8], Q = \mem[110] [15:8]).
Adding EN signal on $memory\mem[110]$6787 ($dff) from module axi_ram (D = $0$memwr$\mem$rtl/axi_ram.v:102$856_DATA[31:0]$873 [23:16], Q = \mem[110] [23:16]).
Adding EN signal on $memory\mem[110]$6787 ($dff) from module axi_ram (D = $0$memwr$\mem$rtl/axi_ram.v:104$857_DATA[31:0]$876 [31:24], Q = \mem[110] [31:24]).
Adding EN signal on $memory\mem[10]$6587 ($dff) from module axi_ram (D = $0$memwr$\mem$rtl/axi_ram.v:97$854_DATA[31:0]$867 [7:0], Q = \mem[10] [7:0]).
Adding EN signal on $memory\mem[10]$6587 ($dff) from module axi_ram (D = $0$memwr$\mem$rtl/axi_ram.v:100$855_DATA[31:0]$870 [15:8], Q = \mem[10] [15:8]).
Adding EN signal on $memory\mem[10]$6587 ($dff) from module axi_ram (D = $0$memwr$\mem$rtl/axi_ram.v:102$856_DATA[31:0]$873 [23:16], Q = \mem[10] [23:16]).
Adding EN signal on $memory\mem[10]$6587 ($dff) from module axi_ram (D = $0$memwr$\mem$rtl/axi_ram.v:104$857_DATA[31:0]$876 [31:24], Q = \mem[10] [31:24]).
Adding EN signal on $memory\mem[109]$6785 ($dff) from module axi_ram (D = $0$memwr$\mem$rtl/axi_ram.v:97$854_DATA[31:0]$867 [7:0], Q = \mem[109] [7:0]).
Adding EN signal on $memory\mem[109]$6785 ($dff) from module axi_ram (D = $0$memwr$\mem$rtl/axi_ram.v:100$855_DATA[31:0]$870 [15:8], Q = \mem[109] [15:8]).
Adding EN signal on $memory\mem[109]$6785 ($dff) from module axi_ram (D = $0$memwr$\mem$rtl/axi_ram.v:102$856_DATA[31:0]$873 [23:16], Q = \mem[109] [23:16]).
Adding EN signal on $memory\mem[109]$6785 ($dff) from module axi_ram (D = $0$memwr$\mem$rtl/axi_ram.v:104$857_DATA[31:0]$876 [31:24], Q = \mem[109] [31:24]).
Adding EN signal on $memory\mem[108]$6783 ($dff) from module axi_ram (D = $0$memwr$\mem$rtl/axi_ram.v:97$854_DATA[31:0]$867 [7:0], Q = \mem[108] [7:0]).
Adding EN signal on $memory\mem[108]$6783 ($dff) from module axi_ram (D = $0$memwr$\mem$rtl/axi_ram.v:100$855_DATA[31:0]$870 [15:8], Q = \mem[108] [15:8]).
Adding EN signal on $memory\mem[108]$6783 ($dff) from module axi_ram (D = $0$memwr$\mem$rtl/axi_ram.v:102$856_DATA[31:0]$873 [23:16], Q = \mem[108] [23:16]).
Adding EN signal on $memory\mem[108]$6783 ($dff) from module axi_ram (D = $0$memwr$\mem$rtl/axi_ram.v:104$857_DATA[31:0]$876 [31:24], Q = \mem[108] [31:24]).
Adding EN signal on $memory\mem[107]$6781 ($dff) from module axi_ram (D = $0$memwr$\mem$rtl/axi_ram.v:97$854_DATA[31:0]$867 [7:0], Q = \mem[107] [7:0]).
Adding EN signal on $memory\mem[107]$6781 ($dff) from module axi_ram (D = $0$memwr$\mem$rtl/axi_ram.v:100$855_DATA[31:0]$870 [15:8], Q = \mem[107] [15:8]).
Adding EN signal on $memory\mem[107]$6781 ($dff) from module axi_ram (D = $0$memwr$\mem$rtl/axi_ram.v:102$856_DATA[31:0]$873 [23:16], Q = \mem[107] [23:16]).
Adding EN signal on $memory\mem[107]$6781 ($dff) from module axi_ram (D = $0$memwr$\mem$rtl/axi_ram.v:104$857_DATA[31:0]$876 [31:24], Q = \mem[107] [31:24]).
Adding EN signal on $memory\mem[106]$6779 ($dff) from module axi_ram (D = $0$memwr$\mem$rtl/axi_ram.v:97$854_DATA[31:0]$867 [7:0], Q = \mem[106] [7:0]).
Adding EN signal on $memory\mem[106]$6779 ($dff) from module axi_ram (D = $0$memwr$\mem$rtl/axi_ram.v:100$855_DATA[31:0]$870 [15:8], Q = \mem[106] [15:8]).
Adding EN signal on $memory\mem[106]$6779 ($dff) from module axi_ram (D = $0$memwr$\mem$rtl/axi_ram.v:102$856_DATA[31:0]$873 [23:16], Q = \mem[106] [23:16]).
Adding EN signal on $memory\mem[106]$6779 ($dff) from module axi_ram (D = $0$memwr$\mem$rtl/axi_ram.v:104$857_DATA[31:0]$876 [31:24], Q = \mem[106] [31:24]).
Adding EN signal on $memory\mem[105]$6777 ($dff) from module axi_ram (D = $0$memwr$\mem$rtl/axi_ram.v:97$854_DATA[31:0]$867 [7:0], Q = \mem[105] [7:0]).
Adding EN signal on $memory\mem[105]$6777 ($dff) from module axi_ram (D = $0$memwr$\mem$rtl/axi_ram.v:100$855_DATA[31:0]$870 [15:8], Q = \mem[105] [15:8]).
Adding EN signal on $memory\mem[105]$6777 ($dff) from module axi_ram (D = $0$memwr$\mem$rtl/axi_ram.v:102$856_DATA[31:0]$873 [23:16], Q = \mem[105] [23:16]).
Adding EN signal on $memory\mem[105]$6777 ($dff) from module axi_ram (D = $0$memwr$\mem$rtl/axi_ram.v:104$857_DATA[31:0]$876 [31:24], Q = \mem[105] [31:24]).
Adding EN signal on $memory\mem[104]$6775 ($dff) from module axi_ram (D = $0$memwr$\mem$rtl/axi_ram.v:97$854_DATA[31:0]$867 [7:0], Q = \mem[104] [7:0]).
Adding EN signal on $memory\mem[104]$6775 ($dff) from module axi_ram (D = $0$memwr$\mem$rtl/axi_ram.v:100$855_DATA[31:0]$870 [15:8], Q = \mem[104] [15:8]).
Adding EN signal on $memory\mem[104]$6775 ($dff) from module axi_ram (D = $0$memwr$\mem$rtl/axi_ram.v:102$856_DATA[31:0]$873 [23:16], Q = \mem[104] [23:16]).
Adding EN signal on $memory\mem[104]$6775 ($dff) from module axi_ram (D = $0$memwr$\mem$rtl/axi_ram.v:104$857_DATA[31:0]$876 [31:24], Q = \mem[104] [31:24]).
Adding EN signal on $memory\mem[103]$6773 ($dff) from module axi_ram (D = $0$memwr$\mem$rtl/axi_ram.v:97$854_DATA[31:0]$867 [7:0], Q = \mem[103] [7:0]).
Adding EN signal on $memory\mem[103]$6773 ($dff) from module axi_ram (D = $0$memwr$\mem$rtl/axi_ram.v:100$855_DATA[31:0]$870 [15:8], Q = \mem[103] [15:8]).
Adding EN signal on $memory\mem[103]$6773 ($dff) from module axi_ram (D = $0$memwr$\mem$rtl/axi_ram.v:102$856_DATA[31:0]$873 [23:16], Q = \mem[103] [23:16]).
Adding EN signal on $memory\mem[103]$6773 ($dff) from module axi_ram (D = $0$memwr$\mem$rtl/axi_ram.v:104$857_DATA[31:0]$876 [31:24], Q = \mem[103] [31:24]).
Adding EN signal on $memory\mem[102]$6771 ($dff) from module axi_ram (D = $0$memwr$\mem$rtl/axi_ram.v:97$854_DATA[31:0]$867 [7:0], Q = \mem[102] [7:0]).
Adding EN signal on $memory\mem[102]$6771 ($dff) from module axi_ram (D = $0$memwr$\mem$rtl/axi_ram.v:100$855_DATA[31:0]$870 [15:8], Q = \mem[102] [15:8]).
Adding EN signal on $memory\mem[102]$6771 ($dff) from module axi_ram (D = $0$memwr$\mem$rtl/axi_ram.v:102$856_DATA[31:0]$873 [23:16], Q = \mem[102] [23:16]).
Adding EN signal on $memory\mem[102]$6771 ($dff) from module axi_ram (D = $0$memwr$\mem$rtl/axi_ram.v:104$857_DATA[31:0]$876 [31:24], Q = \mem[102] [31:24]).
Adding EN signal on $memory\mem[1023]$8613 ($dff) from module axi_ram (D = $0$memwr$\mem$rtl/axi_ram.v:97$854_DATA[31:0]$867 [7:0], Q = \mem[1023] [7:0]).
Adding EN signal on $memory\mem[1023]$8613 ($dff) from module axi_ram (D = $0$memwr$\mem$rtl/axi_ram.v:100$855_DATA[31:0]$870 [15:8], Q = \mem[1023] [15:8]).
Adding EN signal on $memory\mem[1023]$8613 ($dff) from module axi_ram (D = $0$memwr$\mem$rtl/axi_ram.v:102$856_DATA[31:0]$873 [23:16], Q = \mem[1023] [23:16]).
Adding EN signal on $memory\mem[1023]$8613 ($dff) from module axi_ram (D = $0$memwr$\mem$rtl/axi_ram.v:104$857_DATA[31:0]$876 [31:24], Q = \mem[1023] [31:24]).
Adding EN signal on $memory\mem[1022]$8611 ($dff) from module axi_ram (D = $0$memwr$\mem$rtl/axi_ram.v:97$854_DATA[31:0]$867 [7:0], Q = \mem[1022] [7:0]).
Adding EN signal on $memory\mem[1022]$8611 ($dff) from module axi_ram (D = $0$memwr$\mem$rtl/axi_ram.v:100$855_DATA[31:0]$870 [15:8], Q = \mem[1022] [15:8]).
Adding EN signal on $memory\mem[1022]$8611 ($dff) from module axi_ram (D = $0$memwr$\mem$rtl/axi_ram.v:102$856_DATA[31:0]$873 [23:16], Q = \mem[1022] [23:16]).
Adding EN signal on $memory\mem[1022]$8611 ($dff) from module axi_ram (D = $0$memwr$\mem$rtl/axi_ram.v:104$857_DATA[31:0]$876 [31:24], Q = \mem[1022] [31:24]).
Adding EN signal on $memory\mem[1021]$8609 ($dff) from module axi_ram (D = $0$memwr$\mem$rtl/axi_ram.v:97$854_DATA[31:0]$867 [7:0], Q = \mem[1021] [7:0]).
Adding EN signal on $memory\mem[1021]$8609 ($dff) from module axi_ram (D = $0$memwr$\mem$rtl/axi_ram.v:100$855_DATA[31:0]$870 [15:8], Q = \mem[1021] [15:8]).
Adding EN signal on $memory\mem[1021]$8609 ($dff) from module axi_ram (D = $0$memwr$\mem$rtl/axi_ram.v:102$856_DATA[31:0]$873 [23:16], Q = \mem[1021] [23:16]).
Adding EN signal on $memory\mem[1021]$8609 ($dff) from module axi_ram (D = $0$memwr$\mem$rtl/axi_ram.v:104$857_DATA[31:0]$876 [31:24], Q = \mem[1021] [31:24]).
Adding EN signal on $memory\mem[1020]$8607 ($dff) from module axi_ram (D = $0$memwr$\mem$rtl/axi_ram.v:97$854_DATA[31:0]$867 [7:0], Q = \mem[1020] [7:0]).
Adding EN signal on $memory\mem[1020]$8607 ($dff) from module axi_ram (D = $0$memwr$\mem$rtl/axi_ram.v:100$855_DATA[31:0]$870 [15:8], Q = \mem[1020] [15:8]).
Adding EN signal on $memory\mem[1020]$8607 ($dff) from module axi_ram (D = $0$memwr$\mem$rtl/axi_ram.v:102$856_DATA[31:0]$873 [23:16], Q = \mem[1020] [23:16]).
Adding EN signal on $memory\mem[1020]$8607 ($dff) from module axi_ram (D = $0$memwr$\mem$rtl/axi_ram.v:104$857_DATA[31:0]$876 [31:24], Q = \mem[1020] [31:24]).
Adding EN signal on $memory\mem[101]$6769 ($dff) from module axi_ram (D = $0$memwr$\mem$rtl/axi_ram.v:97$854_DATA[31:0]$867 [7:0], Q = \mem[101] [7:0]).
Adding EN signal on $memory\mem[101]$6769 ($dff) from module axi_ram (D = $0$memwr$\mem$rtl/axi_ram.v:100$855_DATA[31:0]$870 [15:8], Q = \mem[101] [15:8]).
Adding EN signal on $memory\mem[101]$6769 ($dff) from module axi_ram (D = $0$memwr$\mem$rtl/axi_ram.v:102$856_DATA[31:0]$873 [23:16], Q = \mem[101] [23:16]).
Adding EN signal on $memory\mem[101]$6769 ($dff) from module axi_ram (D = $0$memwr$\mem$rtl/axi_ram.v:104$857_DATA[31:0]$876 [31:24], Q = \mem[101] [31:24]).
Adding EN signal on $memory\mem[1019]$8605 ($dff) from module axi_ram (D = $0$memwr$\mem$rtl/axi_ram.v:97$854_DATA[31:0]$867 [7:0], Q = \mem[1019] [7:0]).
Adding EN signal on $memory\mem[1019]$8605 ($dff) from module axi_ram (D = $0$memwr$\mem$rtl/axi_ram.v:100$855_DATA[31:0]$870 [15:8], Q = \mem[1019] [15:8]).
Adding EN signal on $memory\mem[1019]$8605 ($dff) from module axi_ram (D = $0$memwr$\mem$rtl/axi_ram.v:102$856_DATA[31:0]$873 [23:16], Q = \mem[1019] [23:16]).
Adding EN signal on $memory\mem[1019]$8605 ($dff) from module axi_ram (D = $0$memwr$\mem$rtl/axi_ram.v:104$857_DATA[31:0]$876 [31:24], Q = \mem[1019] [31:24]).
Adding EN signal on $memory\mem[1018]$8603 ($dff) from module axi_ram (D = $0$memwr$\mem$rtl/axi_ram.v:97$854_DATA[31:0]$867 [7:0], Q = \mem[1018] [7:0]).
Adding EN signal on $memory\mem[1018]$8603 ($dff) from module axi_ram (D = $0$memwr$\mem$rtl/axi_ram.v:100$855_DATA[31:0]$870 [15:8], Q = \mem[1018] [15:8]).
Adding EN signal on $memory\mem[1018]$8603 ($dff) from module axi_ram (D = $0$memwr$\mem$rtl/axi_ram.v:102$856_DATA[31:0]$873 [23:16], Q = \mem[1018] [23:16]).
Adding EN signal on $memory\mem[1018]$8603 ($dff) from module axi_ram (D = $0$memwr$\mem$rtl/axi_ram.v:104$857_DATA[31:0]$876 [31:24], Q = \mem[1018] [31:24]).
Adding EN signal on $memory\mem[1017]$8601 ($dff) from module axi_ram (D = $0$memwr$\mem$rtl/axi_ram.v:97$854_DATA[31:0]$867 [7:0], Q = \mem[1017] [7:0]).
Adding EN signal on $memory\mem[1017]$8601 ($dff) from module axi_ram (D = $0$memwr$\mem$rtl/axi_ram.v:100$855_DATA[31:0]$870 [15:8], Q = \mem[1017] [15:8]).
Adding EN signal on $memory\mem[1017]$8601 ($dff) from module axi_ram (D = $0$memwr$\mem$rtl/axi_ram.v:102$856_DATA[31:0]$873 [23:16], Q = \mem[1017] [23:16]).
Adding EN signal on $memory\mem[1017]$8601 ($dff) from module axi_ram (D = $0$memwr$\mem$rtl/axi_ram.v:104$857_DATA[31:0]$876 [31:24], Q = \mem[1017] [31:24]).
Adding EN signal on $memory\mem[1016]$8599 ($dff) from module axi_ram (D = $0$memwr$\mem$rtl/axi_ram.v:97$854_DATA[31:0]$867 [7:0], Q = \mem[1016] [7:0]).
Adding EN signal on $memory\mem[1016]$8599 ($dff) from module axi_ram (D = $0$memwr$\mem$rtl/axi_ram.v:100$855_DATA[31:0]$870 [15:8], Q = \mem[1016] [15:8]).
Adding EN signal on $memory\mem[1016]$8599 ($dff) from module axi_ram (D = $0$memwr$\mem$rtl/axi_ram.v:102$856_DATA[31:0]$873 [23:16], Q = \mem[1016] [23:16]).
Adding EN signal on $memory\mem[1016]$8599 ($dff) from module axi_ram (D = $0$memwr$\mem$rtl/axi_ram.v:104$857_DATA[31:0]$876 [31:24], Q = \mem[1016] [31:24]).
Adding EN signal on $memory\mem[1015]$8597 ($dff) from module axi_ram (D = $0$memwr$\mem$rtl/axi_ram.v:97$854_DATA[31:0]$867 [7:0], Q = \mem[1015] [7:0]).
Adding EN signal on $memory\mem[1015]$8597 ($dff) from module axi_ram (D = $0$memwr$\mem$rtl/axi_ram.v:100$855_DATA[31:0]$870 [15:8], Q = \mem[1015] [15:8]).
Adding EN signal on $memory\mem[1015]$8597 ($dff) from module axi_ram (D = $0$memwr$\mem$rtl/axi_ram.v:102$856_DATA[31:0]$873 [23:16], Q = \mem[1015] [23:16]).
Adding EN signal on $memory\mem[1015]$8597 ($dff) from module axi_ram (D = $0$memwr$\mem$rtl/axi_ram.v:104$857_DATA[31:0]$876 [31:24], Q = \mem[1015] [31:24]).
Adding EN signal on $memory\mem[1014]$8595 ($dff) from module axi_ram (D = $0$memwr$\mem$rtl/axi_ram.v:97$854_DATA[31:0]$867 [7:0], Q = \mem[1014] [7:0]).
Adding EN signal on $memory\mem[1014]$8595 ($dff) from module axi_ram (D = $0$memwr$\mem$rtl/axi_ram.v:100$855_DATA[31:0]$870 [15:8], Q = \mem[1014] [15:8]).
Adding EN signal on $memory\mem[1014]$8595 ($dff) from module axi_ram (D = $0$memwr$\mem$rtl/axi_ram.v:102$856_DATA[31:0]$873 [23:16], Q = \mem[1014] [23:16]).
Adding EN signal on $memory\mem[1014]$8595 ($dff) from module axi_ram (D = $0$memwr$\mem$rtl/axi_ram.v:104$857_DATA[31:0]$876 [31:24], Q = \mem[1014] [31:24]).
Adding EN signal on $memory\mem[1013]$8593 ($dff) from module axi_ram (D = $0$memwr$\mem$rtl/axi_ram.v:97$854_DATA[31:0]$867 [7:0], Q = \mem[1013] [7:0]).
Adding EN signal on $memory\mem[1013]$8593 ($dff) from module axi_ram (D = $0$memwr$\mem$rtl/axi_ram.v:100$855_DATA[31:0]$870 [15:8], Q = \mem[1013] [15:8]).
Adding EN signal on $memory\mem[1013]$8593 ($dff) from module axi_ram (D = $0$memwr$\mem$rtl/axi_ram.v:102$856_DATA[31:0]$873 [23:16], Q = \mem[1013] [23:16]).
Adding EN signal on $memory\mem[1013]$8593 ($dff) from module axi_ram (D = $0$memwr$\mem$rtl/axi_ram.v:104$857_DATA[31:0]$876 [31:24], Q = \mem[1013] [31:24]).
Adding EN signal on $memory\mem[1012]$8591 ($dff) from module axi_ram (D = $0$memwr$\mem$rtl/axi_ram.v:97$854_DATA[31:0]$867 [7:0], Q = \mem[1012] [7:0]).
Adding EN signal on $memory\mem[1012]$8591 ($dff) from module axi_ram (D = $0$memwr$\mem$rtl/axi_ram.v:100$855_DATA[31:0]$870 [15:8], Q = \mem[1012] [15:8]).
Adding EN signal on $memory\mem[1012]$8591 ($dff) from module axi_ram (D = $0$memwr$\mem$rtl/axi_ram.v:102$856_DATA[31:0]$873 [23:16], Q = \mem[1012] [23:16]).
Adding EN signal on $memory\mem[1012]$8591 ($dff) from module axi_ram (D = $0$memwr$\mem$rtl/axi_ram.v:104$857_DATA[31:0]$876 [31:24], Q = \mem[1012] [31:24]).
Adding EN signal on $memory\mem[1011]$8589 ($dff) from module axi_ram (D = $0$memwr$\mem$rtl/axi_ram.v:97$854_DATA[31:0]$867 [7:0], Q = \mem[1011] [7:0]).
Adding EN signal on $memory\mem[1011]$8589 ($dff) from module axi_ram (D = $0$memwr$\mem$rtl/axi_ram.v:100$855_DATA[31:0]$870 [15:8], Q = \mem[1011] [15:8]).
Adding EN signal on $memory\mem[1011]$8589 ($dff) from module axi_ram (D = $0$memwr$\mem$rtl/axi_ram.v:102$856_DATA[31:0]$873 [23:16], Q = \mem[1011] [23:16]).
Adding EN signal on $memory\mem[1011]$8589 ($dff) from module axi_ram (D = $0$memwr$\mem$rtl/axi_ram.v:104$857_DATA[31:0]$876 [31:24], Q = \mem[1011] [31:24]).
Adding EN signal on $memory\mem[1010]$8587 ($dff) from module axi_ram (D = $0$memwr$\mem$rtl/axi_ram.v:97$854_DATA[31:0]$867 [7:0], Q = \mem[1010] [7:0]).
Adding EN signal on $memory\mem[1010]$8587 ($dff) from module axi_ram (D = $0$memwr$\mem$rtl/axi_ram.v:100$855_DATA[31:0]$870 [15:8], Q = \mem[1010] [15:8]).
Adding EN signal on $memory\mem[1010]$8587 ($dff) from module axi_ram (D = $0$memwr$\mem$rtl/axi_ram.v:102$856_DATA[31:0]$873 [23:16], Q = \mem[1010] [23:16]).
Adding EN signal on $memory\mem[1010]$8587 ($dff) from module axi_ram (D = $0$memwr$\mem$rtl/axi_ram.v:104$857_DATA[31:0]$876 [31:24], Q = \mem[1010] [31:24]).
Adding EN signal on $memory\mem[100]$6767 ($dff) from module axi_ram (D = $0$memwr$\mem$rtl/axi_ram.v:97$854_DATA[31:0]$867 [7:0], Q = \mem[100] [7:0]).
Adding EN signal on $memory\mem[100]$6767 ($dff) from module axi_ram (D = $0$memwr$\mem$rtl/axi_ram.v:100$855_DATA[31:0]$870 [15:8], Q = \mem[100] [15:8]).
Adding EN signal on $memory\mem[100]$6767 ($dff) from module axi_ram (D = $0$memwr$\mem$rtl/axi_ram.v:102$856_DATA[31:0]$873 [23:16], Q = \mem[100] [23:16]).
Adding EN signal on $memory\mem[100]$6767 ($dff) from module axi_ram (D = $0$memwr$\mem$rtl/axi_ram.v:104$857_DATA[31:0]$876 [31:24], Q = \mem[100] [31:24]).
Adding EN signal on $memory\mem[1009]$8585 ($dff) from module axi_ram (D = $0$memwr$\mem$rtl/axi_ram.v:97$854_DATA[31:0]$867 [7:0], Q = \mem[1009] [7:0]).
Adding EN signal on $memory\mem[1009]$8585 ($dff) from module axi_ram (D = $0$memwr$\mem$rtl/axi_ram.v:100$855_DATA[31:0]$870 [15:8], Q = \mem[1009] [15:8]).
Adding EN signal on $memory\mem[1009]$8585 ($dff) from module axi_ram (D = $0$memwr$\mem$rtl/axi_ram.v:102$856_DATA[31:0]$873 [23:16], Q = \mem[1009] [23:16]).
Adding EN signal on $memory\mem[1009]$8585 ($dff) from module axi_ram (D = $0$memwr$\mem$rtl/axi_ram.v:104$857_DATA[31:0]$876 [31:24], Q = \mem[1009] [31:24]).
Adding EN signal on $memory\mem[1008]$8583 ($dff) from module axi_ram (D = $0$memwr$\mem$rtl/axi_ram.v:97$854_DATA[31:0]$867 [7:0], Q = \mem[1008] [7:0]).
Adding EN signal on $memory\mem[1008]$8583 ($dff) from module axi_ram (D = $0$memwr$\mem$rtl/axi_ram.v:100$855_DATA[31:0]$870 [15:8], Q = \mem[1008] [15:8]).
Adding EN signal on $memory\mem[1008]$8583 ($dff) from module axi_ram (D = $0$memwr$\mem$rtl/axi_ram.v:102$856_DATA[31:0]$873 [23:16], Q = \mem[1008] [23:16]).
Adding EN signal on $memory\mem[1008]$8583 ($dff) from module axi_ram (D = $0$memwr$\mem$rtl/axi_ram.v:104$857_DATA[31:0]$876 [31:24], Q = \mem[1008] [31:24]).
Adding EN signal on $memory\mem[1007]$8581 ($dff) from module axi_ram (D = $0$memwr$\mem$rtl/axi_ram.v:97$854_DATA[31:0]$867 [7:0], Q = \mem[1007] [7:0]).
Adding EN signal on $memory\mem[1007]$8581 ($dff) from module axi_ram (D = $0$memwr$\mem$rtl/axi_ram.v:100$855_DATA[31:0]$870 [15:8], Q = \mem[1007] [15:8]).
Adding EN signal on $memory\mem[1007]$8581 ($dff) from module axi_ram (D = $0$memwr$\mem$rtl/axi_ram.v:102$856_DATA[31:0]$873 [23:16], Q = \mem[1007] [23:16]).
Adding EN signal on $memory\mem[1007]$8581 ($dff) from module axi_ram (D = $0$memwr$\mem$rtl/axi_ram.v:104$857_DATA[31:0]$876 [31:24], Q = \mem[1007] [31:24]).
Adding EN signal on $memory\mem[1006]$8579 ($dff) from module axi_ram (D = $0$memwr$\mem$rtl/axi_ram.v:97$854_DATA[31:0]$867 [7:0], Q = \mem[1006] [7:0]).
Adding EN signal on $memory\mem[1006]$8579 ($dff) from module axi_ram (D = $0$memwr$\mem$rtl/axi_ram.v:100$855_DATA[31:0]$870 [15:8], Q = \mem[1006] [15:8]).
Adding EN signal on $memory\mem[1006]$8579 ($dff) from module axi_ram (D = $0$memwr$\mem$rtl/axi_ram.v:102$856_DATA[31:0]$873 [23:16], Q = \mem[1006] [23:16]).
Adding EN signal on $memory\mem[1006]$8579 ($dff) from module axi_ram (D = $0$memwr$\mem$rtl/axi_ram.v:104$857_DATA[31:0]$876 [31:24], Q = \mem[1006] [31:24]).
Adding EN signal on $memory\mem[1005]$8577 ($dff) from module axi_ram (D = $0$memwr$\mem$rtl/axi_ram.v:97$854_DATA[31:0]$867 [7:0], Q = \mem[1005] [7:0]).
Adding EN signal on $memory\mem[1005]$8577 ($dff) from module axi_ram (D = $0$memwr$\mem$rtl/axi_ram.v:100$855_DATA[31:0]$870 [15:8], Q = \mem[1005] [15:8]).
Adding EN signal on $memory\mem[1005]$8577 ($dff) from module axi_ram (D = $0$memwr$\mem$rtl/axi_ram.v:102$856_DATA[31:0]$873 [23:16], Q = \mem[1005] [23:16]).
Adding EN signal on $memory\mem[1005]$8577 ($dff) from module axi_ram (D = $0$memwr$\mem$rtl/axi_ram.v:104$857_DATA[31:0]$876 [31:24], Q = \mem[1005] [31:24]).
Adding EN signal on $memory\mem[1004]$8575 ($dff) from module axi_ram (D = $0$memwr$\mem$rtl/axi_ram.v:97$854_DATA[31:0]$867 [7:0], Q = \mem[1004] [7:0]).
Adding EN signal on $memory\mem[1004]$8575 ($dff) from module axi_ram (D = $0$memwr$\mem$rtl/axi_ram.v:100$855_DATA[31:0]$870 [15:8], Q = \mem[1004] [15:8]).
Adding EN signal on $memory\mem[1004]$8575 ($dff) from module axi_ram (D = $0$memwr$\mem$rtl/axi_ram.v:102$856_DATA[31:0]$873 [23:16], Q = \mem[1004] [23:16]).
Adding EN signal on $memory\mem[1004]$8575 ($dff) from module axi_ram (D = $0$memwr$\mem$rtl/axi_ram.v:104$857_DATA[31:0]$876 [31:24], Q = \mem[1004] [31:24]).
Adding EN signal on $memory\mem[1003]$8573 ($dff) from module axi_ram (D = $0$memwr$\mem$rtl/axi_ram.v:97$854_DATA[31:0]$867 [7:0], Q = \mem[1003] [7:0]).
Adding EN signal on $memory\mem[1003]$8573 ($dff) from module axi_ram (D = $0$memwr$\mem$rtl/axi_ram.v:100$855_DATA[31:0]$870 [15:8], Q = \mem[1003] [15:8]).
Adding EN signal on $memory\mem[1003]$8573 ($dff) from module axi_ram (D = $0$memwr$\mem$rtl/axi_ram.v:102$856_DATA[31:0]$873 [23:16], Q = \mem[1003] [23:16]).
Adding EN signal on $memory\mem[1003]$8573 ($dff) from module axi_ram (D = $0$memwr$\mem$rtl/axi_ram.v:104$857_DATA[31:0]$876 [31:24], Q = \mem[1003] [31:24]).
Adding EN signal on $memory\mem[1002]$8571 ($dff) from module axi_ram (D = $0$memwr$\mem$rtl/axi_ram.v:97$854_DATA[31:0]$867 [7:0], Q = \mem[1002] [7:0]).
Adding EN signal on $memory\mem[1002]$8571 ($dff) from module axi_ram (D = $0$memwr$\mem$rtl/axi_ram.v:100$855_DATA[31:0]$870 [15:8], Q = \mem[1002] [15:8]).
Adding EN signal on $memory\mem[1002]$8571 ($dff) from module axi_ram (D = $0$memwr$\mem$rtl/axi_ram.v:102$856_DATA[31:0]$873 [23:16], Q = \mem[1002] [23:16]).
Adding EN signal on $memory\mem[1002]$8571 ($dff) from module axi_ram (D = $0$memwr$\mem$rtl/axi_ram.v:104$857_DATA[31:0]$876 [31:24], Q = \mem[1002] [31:24]).
Adding EN signal on $memory\mem[1001]$8569 ($dff) from module axi_ram (D = $0$memwr$\mem$rtl/axi_ram.v:97$854_DATA[31:0]$867 [7:0], Q = \mem[1001] [7:0]).
Adding EN signal on $memory\mem[1001]$8569 ($dff) from module axi_ram (D = $0$memwr$\mem$rtl/axi_ram.v:100$855_DATA[31:0]$870 [15:8], Q = \mem[1001] [15:8]).
Adding EN signal on $memory\mem[1001]$8569 ($dff) from module axi_ram (D = $0$memwr$\mem$rtl/axi_ram.v:102$856_DATA[31:0]$873 [23:16], Q = \mem[1001] [23:16]).
Adding EN signal on $memory\mem[1001]$8569 ($dff) from module axi_ram (D = $0$memwr$\mem$rtl/axi_ram.v:104$857_DATA[31:0]$876 [31:24], Q = \mem[1001] [31:24]).
Adding EN signal on $memory\mem[1000]$8567 ($dff) from module axi_ram (D = $0$memwr$\mem$rtl/axi_ram.v:97$854_DATA[31:0]$867 [7:0], Q = \mem[1000] [7:0]).
Adding EN signal on $memory\mem[1000]$8567 ($dff) from module axi_ram (D = $0$memwr$\mem$rtl/axi_ram.v:100$855_DATA[31:0]$870 [15:8], Q = \mem[1000] [15:8]).
Adding EN signal on $memory\mem[1000]$8567 ($dff) from module axi_ram (D = $0$memwr$\mem$rtl/axi_ram.v:102$856_DATA[31:0]$873 [23:16], Q = \mem[1000] [23:16]).
Adding EN signal on $memory\mem[1000]$8567 ($dff) from module axi_ram (D = $0$memwr$\mem$rtl/axi_ram.v:104$857_DATA[31:0]$876 [31:24], Q = \mem[1000] [31:24]).
Adding EN signal on $memory\mem[0]$6567 ($dff) from module axi_ram (D = $0$memwr$\mem$rtl/axi_ram.v:97$854_DATA[31:0]$867 [7:0], Q = \mem[0] [7:0]).
Adding EN signal on $memory\mem[0]$6567 ($dff) from module axi_ram (D = $0$memwr$\mem$rtl/axi_ram.v:100$855_DATA[31:0]$870 [15:8], Q = \mem[0] [15:8]).
Adding EN signal on $memory\mem[0]$6567 ($dff) from module axi_ram (D = $0$memwr$\mem$rtl/axi_ram.v:102$856_DATA[31:0]$873 [23:16], Q = \mem[0] [23:16]).
Adding EN signal on $memory\mem[0]$6567 ($dff) from module axi_ram (D = $0$memwr$\mem$rtl/axi_ram.v:104$857_DATA[31:0]$876 [31:24], Q = \mem[0] [31:24]).

12.14. Executing OPT_CLEAN pass (remove unused cells and wires).
Finding unused cells or wires in module $paramod$6ce030db3796b28030d2721a573c1331c27d5357\picorv32..
Finding unused cells or wires in module $paramod$e42465b9e259ab0b6bc45fe1c5feb129e75f41e8\axi_uart..
Finding unused cells or wires in module $paramod$e42465b9e259ab0b6bc45fe1c5feb129e75f41e8\uart_rx..
Finding unused cells or wires in module $paramod$e42465b9e259ab0b6bc45fe1c5feb129e75f41e8\uart_tx..
Finding unused cells or wires in module $paramod\picorv32_axi\PROGADDR_RESET=32'00000000000000000000000000000000..
Finding unused cells or wires in module \axi_interconnect..
Finding unused cells or wires in module \axi_ram..
Finding unused cells or wires in module \picorv32_axi_adapter..
Finding unused cells or wires in module \soc_top..
Removed 4128 unused cells and 4128 unused wires.
<suppressed ~4130 debug messages>

12.15. Executing OPT_EXPR pass (perform const folding).
Optimizing module $paramod$6ce030db3796b28030d2721a573c1331c27d5357\picorv32.
Optimizing module $paramod$e42465b9e259ab0b6bc45fe1c5feb129e75f41e8\axi_uart.
Optimizing module $paramod$e42465b9e259ab0b6bc45fe1c5feb129e75f41e8\uart_rx.
Optimizing module $paramod$e42465b9e259ab0b6bc45fe1c5feb129e75f41e8\uart_tx.
Optimizing module $paramod\picorv32_axi\PROGADDR_RESET=32'00000000000000000000000000000000.
Optimizing module axi_interconnect.
Optimizing module axi_ram.
Optimizing module picorv32_axi_adapter.
Optimizing module soc_top.

12.16. Rerunning OPT passes. (Maybe there is more to do..)

12.17. Executing OPT_MUXTREE pass (detect dead branches in mux trees).
Running muxtree optimizer on module $paramod$6ce030db3796b28030d2721a573c1331c27d5357\picorv32..
  Creating internal representation of mux trees.
  Evaluating internal representation of mux trees.
  Analyzing evaluation results.
Running muxtree optimizer on module $paramod$e42465b9e259ab0b6bc45fe1c5feb129e75f41e8\axi_uart..
  Creating internal representation of mux trees.
  Evaluating internal representation of mux trees.
  Analyzing evaluation results.
Running muxtree optimizer on module $paramod$e42465b9e259ab0b6bc45fe1c5feb129e75f41e8\uart_rx..
  Creating internal representation of mux trees.
  Evaluating internal representation of mux trees.
  Analyzing evaluation results.
Running muxtree optimizer on module $paramod$e42465b9e259ab0b6bc45fe1c5feb129e75f41e8\uart_tx..
  Creating internal representation of mux trees.
  Evaluating internal representation of mux trees.
  Analyzing evaluation results.
Running muxtree optimizer on module $paramod\picorv32_axi\PROGADDR_RESET=32'00000000000000000000000000000000..
  Creating internal representation of mux trees.
  No muxes found in this module.
Running muxtree optimizer on module \axi_interconnect..
  Creating internal representation of mux trees.
  Evaluating internal representation of mux trees.
  Analyzing evaluation results.
Running muxtree optimizer on module \axi_ram..
  Creating internal representation of mux trees.
  Evaluating internal representation of mux trees.
  Analyzing evaluation results.
Running muxtree optimizer on module \picorv32_axi_adapter..
  Creating internal representation of mux trees.
  Evaluating internal representation of mux trees.
  Analyzing evaluation results.
Running muxtree optimizer on module \soc_top..
  Creating internal representation of mux trees.
  No muxes found in this module.
Removed 0 multiplexer ports.
<suppressed ~76 debug messages>

12.18. Executing OPT_REDUCE pass (consolidate $*mux and $reduce_* inputs).
  Optimizing cells in module $paramod$6ce030db3796b28030d2721a573c1331c27d5357\picorv32.
  Optimizing cells in module $paramod$e42465b9e259ab0b6bc45fe1c5feb129e75f41e8\axi_uart.
  Optimizing cells in module $paramod$e42465b9e259ab0b6bc45fe1c5feb129e75f41e8\uart_rx.
  Optimizing cells in module $paramod$e42465b9e259ab0b6bc45fe1c5feb129e75f41e8\uart_tx.
  Optimizing cells in module $paramod\picorv32_axi\PROGADDR_RESET=32'00000000000000000000000000000000.
  Optimizing cells in module \axi_interconnect.
  Optimizing cells in module \axi_ram.
  Optimizing cells in module \picorv32_axi_adapter.
  Optimizing cells in module \soc_top.
Performed a total of 0 changes.

12.19. Executing OPT_MERGE pass (detect identical cells).
Finding identical cells in module `$paramod$6ce030db3796b28030d2721a573c1331c27d5357\picorv32'.
Finding identical cells in module `$paramod$e42465b9e259ab0b6bc45fe1c5feb129e75f41e8\axi_uart'.
Finding identical cells in module `$paramod$e42465b9e259ab0b6bc45fe1c5feb129e75f41e8\uart_rx'.
Finding identical cells in module `$paramod$e42465b9e259ab0b6bc45fe1c5feb129e75f41e8\uart_tx'.
Finding identical cells in module `$paramod\picorv32_axi\PROGADDR_RESET=32'00000000000000000000000000000000'.
Finding identical cells in module `\axi_interconnect'.
Finding identical cells in module `\axi_ram'.
Finding identical cells in module `\picorv32_axi_adapter'.
Finding identical cells in module `\soc_top'.
Removed a total of 0 cells.

12.20. Executing OPT_DFF pass (perform DFF optimizations).

12.21. Executing OPT_CLEAN pass (remove unused cells and wires).
Finding unused cells or wires in module $paramod$6ce030db3796b28030d2721a573c1331c27d5357\picorv32..
Finding unused cells or wires in module $paramod$e42465b9e259ab0b6bc45fe1c5feb129e75f41e8\axi_uart..
Finding unused cells or wires in module $paramod$e42465b9e259ab0b6bc45fe1c5feb129e75f41e8\uart_rx..
Finding unused cells or wires in module $paramod$e42465b9e259ab0b6bc45fe1c5feb129e75f41e8\uart_tx..
Finding unused cells or wires in module $paramod\picorv32_axi\PROGADDR_RESET=32'00000000000000000000000000000000..
Finding unused cells or wires in module \axi_interconnect..
Finding unused cells or wires in module \axi_ram..
Finding unused cells or wires in module \picorv32_axi_adapter..
Finding unused cells or wires in module \soc_top..

12.22. Executing OPT_EXPR pass (perform const folding).
Optimizing module $paramod$6ce030db3796b28030d2721a573c1331c27d5357\picorv32.
Optimizing module $paramod$e42465b9e259ab0b6bc45fe1c5feb129e75f41e8\axi_uart.
Optimizing module $paramod$e42465b9e259ab0b6bc45fe1c5feb129e75f41e8\uart_rx.
Optimizing module $paramod$e42465b9e259ab0b6bc45fe1c5feb129e75f41e8\uart_tx.
Optimizing module $paramod\picorv32_axi\PROGADDR_RESET=32'00000000000000000000000000000000.
Optimizing module axi_interconnect.
Optimizing module axi_ram.
Optimizing module picorv32_axi_adapter.
Optimizing module soc_top.

12.23. Finished OPT passes. (There is nothing left to do.)

13. Executing TECHMAP pass (map to technology primitives).

13.1. Executing Verilog-2005 frontend: /usr/bin/../share/yosys/techmap.v
Parsing Verilog input from `/usr/bin/../share/yosys/techmap.v' to AST representation.
Generating RTLIL representation for module `\_90_simplemap_bool_ops'.
Generating RTLIL representation for module `\_90_simplemap_reduce_ops'.
Generating RTLIL representation for module `\_90_simplemap_logic_ops'.
Generating RTLIL representation for module `\_90_simplemap_compare_ops'.
Generating RTLIL representation for module `\_90_simplemap_various'.
Generating RTLIL representation for module `\_90_simplemap_registers'.
Generating RTLIL representation for module `\_90_shift_ops_shr_shl_sshl_sshr'.
Generating RTLIL representation for module `\_90_shift_shiftx'.
Generating RTLIL representation for module `\_90_fa'.
Generating RTLIL representation for module `\_90_lcu'.
Generating RTLIL representation for module `\_90_alu'.
Generating RTLIL representation for module `\_90_macc'.
Generating RTLIL representation for module `\_90_alumacc'.
Generating RTLIL representation for module `\$__div_mod_u'.
Generating RTLIL representation for module `\$__div_mod_trunc'.
Generating RTLIL representation for module `\_90_div'.
Generating RTLIL representation for module `\_90_mod'.
Generating RTLIL representation for module `\$__div_mod_floor'.
Generating RTLIL representation for module `\_90_divfloor'.
Generating RTLIL representation for module `\_90_modfloor'.
Generating RTLIL representation for module `\_90_pow'.
Generating RTLIL representation for module `\_90_pmux'.
Generating RTLIL representation for module `\_90_demux'.
Generating RTLIL representation for module `\_90_lut'.
Successfully finished Verilog frontend.

13.2. Continuing TECHMAP pass.
Using extmapper simplemap for cells of type $mux.
Using extmapper simplemap for cells of type $logic_not.
Using extmapper simplemap for cells of type $logic_and.
Using extmapper simplemap for cells of type $logic_or.
Using extmapper simplemap for cells of type $reduce_or.
Using extmapper simplemap for cells of type $reduce_bool.
Using extmapper simplemap for cells of type $reduce_and.
Using extmapper simplemap for cells of type $not.
Using extmapper simplemap for cells of type $dffe.
Using extmapper simplemap for cells of type $sdffe.
Using extmapper simplemap for cells of type $sdffce.
Using extmapper simplemap for cells of type $and.
Using extmapper simplemap for cells of type $eq.
Using extmapper simplemap for cells of type $ne.
Running "alumacc" on wrapper $extern:wrap:$add:A_SIGNED=0:A_WIDTH=4:B_SIGNED=0:B_WIDTH=1:Y_WIDTH=4:394426c56d1a028ba8fdd5469b163e04011def47.
Using template $extern:wrap:$add:A_SIGNED=0:A_WIDTH=4:B_SIGNED=0:B_WIDTH=1:Y_WIDTH=4:394426c56d1a028ba8fdd5469b163e04011def47 for cells of type $extern:wrap:$add:A_SIGNED=0:A_WIDTH=4:B_SIGNED=0:B_WIDTH=1:Y_WIDTH=4:394426c56d1a028ba8fdd5469b163e04011def47.
Running "alumacc" on wrapper $extern:wrap:$add:A_SIGNED=0:A_WIDTH=32:B_SIGNED=0:B_WIDTH=1:Y_WIDTH=32:394426c56d1a028ba8fdd5469b163e04011def47.
Using template $extern:wrap:$add:A_SIGNED=0:A_WIDTH=32:B_SIGNED=0:B_WIDTH=1:Y_WIDTH=32:394426c56d1a028ba8fdd5469b163e04011def47 for cells of type $extern:wrap:$add:A_SIGNED=0:A_WIDTH=32:B_SIGNED=0:B_WIDTH=1:Y_WIDTH=32:394426c56d1a028ba8fdd5469b163e04011def47.
Using extmapper simplemap for cells of type $sdff.
Using template $paramod$32a7b7b86c07519b7537abc18e96f0331f97914d\_90_alu for cells of type $alu.
Using template $paramod$6a42b6fefed750f8a1c58eab59479d960557103c\_90_alu for cells of type $alu.
Using extmapper simplemap for cells of type $xor.
Using template $paramod\_90_lcu\WIDTH=32'00000000000000000000000000000100 for cells of type $lcu.
Using extmapper simplemap for cells of type $pos.
Using template $paramod\_90_lcu\WIDTH=32'00000000000000000000000000100000 for cells of type $lcu.
Using extmapper simplemap for cells of type $or.
Using template $paramod$d31bf4d7d72e59528d18fbd4f322e9d608532043\_90_pmux for cells of type $pmux.
Using template $paramod$54d740639e1393b22262823179ff783ea9f17a35\_90_pmux for cells of type $pmux.
Using template $paramod$85df5dc01c7df96a7d8e5f1fdf76ce9ac452af63\_90_pmux for cells of type $pmux.
Using template $paramod$constmap:53f81d327ce76cbf6a8a98434119a90a4847620f$paramod$21dee603dc19e4530a14795556c80eafcc4f26b8\_90_shift_shiftx for cells of type $shift.
Running "alumacc" on wrapper $extern:wrap:$neg:A_SIGNED=1:A_WIDTH=32:Y_WIDTH=32:394426c56d1a028ba8fdd5469b163e04011def47.
Using template $extern:wrap:$neg:A_SIGNED=1:A_WIDTH=32:Y_WIDTH=32:394426c56d1a028ba8fdd5469b163e04011def47 for cells of type $extern:wrap:$neg:A_SIGNED=1:A_WIDTH=32:Y_WIDTH=32:394426c56d1a028ba8fdd5469b163e04011def47.
Analyzing pattern of constant bits for this cell:
Creating constmapped module `$paramod$constmap:104da9d1db7a1a3d3040fc47e9181bb90c2db772$paramod$21dee603dc19e4530a14795556c80eafcc4f26b8\_90_shift_shiftx'.

13.32. Executing OPT_MUXTREE pass (detect dead branches in mux trees).
Running muxtree optimizer on module $paramod$constmap:104da9d1db7a1a3d3040fc47e9181bb90c2db772$paramod$21dee603dc19e4530a14795556c80eafcc4f26b8\_90_shift_shiftx..
  Creating internal representation of mux trees.
  Evaluating internal representation of mux trees.
  Analyzing evaluation results.
    dead port 2/2 on $mux $procmux$107109.
    dead port 2/2 on $mux $procmux$107103.
    dead port 2/2 on $mux $procmux$107097.
    dead port 2/2 on $mux $procmux$107091.
Removed 4 multiplexer ports.
<suppressed ~11359 debug messages>

13.33. Executing OPT_EXPR pass (perform const folding).
Optimizing module $paramod$constmap:104da9d1db7a1a3d3040fc47e9181bb90c2db772$paramod$21dee603dc19e4530a14795556c80eafcc4f26b8\_90_shift_shiftx.
<suppressed ~29 debug messages>
Removed 0 unused cells and 9 unused wires.
Using template $paramod$constmap:104da9d1db7a1a3d3040fc47e9181bb90c2db772$paramod$21dee603dc19e4530a14795556c80eafcc4f26b8\_90_shift_shiftx for cells of type $shift.
Running "alumacc" on wrapper $extern:wrap:$add:A_SIGNED=0:A_WIDTH=3:B_SIGNED=0:B_WIDTH=1:Y_WIDTH=3:394426c56d1a028ba8fdd5469b163e04011def47.
Using template $extern:wrap:$add:A_SIGNED=0:A_WIDTH=3:B_SIGNED=0:B_WIDTH=1:Y_WIDTH=3:394426c56d1a028ba8fdd5469b163e04011def47 for cells of type $extern:wrap:$add:A_SIGNED=0:A_WIDTH=3:B_SIGNED=0:B_WIDTH=1:Y_WIDTH=3:394426c56d1a028ba8fdd5469b163e04011def47.
Using template $paramod$c6baa65225090ac0a120feab1b920965244aa496\_90_alu for cells of type $alu.
Using template $paramod$3ef7d3dd227da7627a99c5e5a6a4deb817573e39\_90_alu for cells of type $alu.
Using template $paramod\_90_lcu\WIDTH=32'00000000000000000000000000000011 for cells of type $lcu.
Using template $paramod$c5c783b17ab1d780abfad8cfe6563a0a7b47a3b0\_90_pmux for cells of type $pmux.
Using template $paramod$70d30c21ff772b34d0d1da2801fbd781dc3c70e4\_90_pmux for cells of type $pmux.
Using template $paramod$fedb90247e1daaa8b0af86a595f377181f141d27\_90_pmux for cells of type $pmux.
Using template $paramod$b098bc6f249c0ac91c4d6e19d54b23c285914115\_90_pmux for cells of type $pmux.
Using template $paramod$8fabc56b80a569262acfc42757a02ca0b8e91278\_90_pmux for cells of type $pmux.
Using template $paramod$fc16b9f758000d363d24f130038bd99b46b4fa1b\_90_pmux for cells of type $pmux.
Using template $paramod$f42569e367821ad1b7d52f2d157a44ce80c766dc\_90_pmux for cells of type $pmux.
Using template $paramod$e830d104b5de63a966ae948f6aff012e63986700\_90_pmux for cells of type $pmux.
Using template $paramod$b3b6ac92d800c6f07aa48f510f923d86a674e5a7\_90_pmux for cells of type $pmux.
Using template $paramod$d629d85c8826a74239b9178d1930215a43b0ceb0\_90_pmux for cells of type $pmux.
Using template $paramod$97565c3687be688407d1272a293bd9d0ae6852dc\_90_pmux for cells of type $pmux.
Using template $paramod$constmap:6f839b88a62e7966712adf872dbe4c4a5cbcd49f$paramod$7b0bb309dce042ecaf2e0bfa495da988fc49fdf1\_90_shift_ops_shr_shl_sshl_sshr for cells of type $shl.
Running "alumacc" on wrapper $extern:wrap:$add:A_SIGNED=0:A_WIDTH=32:B_SIGNED=0:B_WIDTH=32:Y_WIDTH=32:394426c56d1a028ba8fdd5469b163e04011def47.
Using template $extern:wrap:$add:A_SIGNED=0:A_WIDTH=32:B_SIGNED=0:B_WIDTH=32:Y_WIDTH=32:394426c56d1a028ba8fdd5469b163e04011def47 for cells of type $extern:wrap:$add:A_SIGNED=0:A_WIDTH=32:B_SIGNED=0:B_WIDTH=32:Y_WIDTH=32:394426c56d1a028ba8fdd5469b163e04011def47.
Running "alumacc" on wrapper $extern:wrap:$add:A_SIGNED=0:A_WIDTH=64:B_SIGNED=0:B_WIDTH=32:Y_WIDTH=64:394426c56d1a028ba8fdd5469b163e04011def47.
Using template $extern:wrap:$add:A_SIGNED=0:A_WIDTH=64:B_SIGNED=0:B_WIDTH=32:Y_WIDTH=64:394426c56d1a028ba8fdd5469b163e04011def47 for cells of type $extern:wrap:$add:A_SIGNED=0:A_WIDTH=64:B_SIGNED=0:B_WIDTH=32:Y_WIDTH=64:394426c56d1a028ba8fdd5469b163e04011def47.
Using extmapper simplemap for cells of type $dff.
Running "alumacc" on wrapper $extern:wrap:$ge:A_SIGNED=0:A_WIDTH=5:B_SIGNED=0:B_WIDTH=32:Y_WIDTH=1:394426c56d1a028ba8fdd5469b163e04011def47.
Using template $extern:wrap:$ge:A_SIGNED=0:A_WIDTH=5:B_SIGNED=0:B_WIDTH=32:Y_WIDTH=1:394426c56d1a028ba8fdd5469b163e04011def47 for cells of type $extern:wrap:$ge:A_SIGNED=0:A_WIDTH=5:B_SIGNED=0:B_WIDTH=32:Y_WIDTH=1:394426c56d1a028ba8fdd5469b163e04011def47.
Running "alumacc" on wrapper $extern:wrap:$sub:A_SIGNED=0:A_WIDTH=5:B_SIGNED=0:B_WIDTH=32:Y_WIDTH=32:394426c56d1a028ba8fdd5469b163e04011def47.
Using template $extern:wrap:$sub:A_SIGNED=0:A_WIDTH=5:B_SIGNED=0:B_WIDTH=32:Y_WIDTH=32:394426c56d1a028ba8fdd5469b163e04011def47 for cells of type $extern:wrap:$sub:A_SIGNED=0:A_WIDTH=5:B_SIGNED=0:B_WIDTH=32:Y_WIDTH=32:394426c56d1a028ba8fdd5469b163e04011def47.
Running "alumacc" on wrapper $extern:wrap:$sub:A_SIGNED=0:A_WIDTH=32:B_SIGNED=0:B_WIDTH=32:Y_WIDTH=32:394426c56d1a028ba8fdd5469b163e04011def47.
Using template $extern:wrap:$sub:A_SIGNED=0:A_WIDTH=32:B_SIGNED=0:B_WIDTH=32:Y_WIDTH=32:394426c56d1a028ba8fdd5469b163e04011def47 for cells of type $extern:wrap:$sub:A_SIGNED=0:A_WIDTH=32:B_SIGNED=0:B_WIDTH=32:Y_WIDTH=32:394426c56d1a028ba8fdd5469b163e04011def47.
Running "alumacc" on wrapper $extern:wrap:$lt:A_SIGNED=1:A_WIDTH=32:B_SIGNED=1:B_WIDTH=32:Y_WIDTH=1:394426c56d1a028ba8fdd5469b163e04011def47.
Using template $extern:wrap:$lt:A_SIGNED=1:A_WIDTH=32:B_SIGNED=1:B_WIDTH=32:Y_WIDTH=1:394426c56d1a028ba8fdd5469b163e04011def47 for cells of type $extern:wrap:$lt:A_SIGNED=1:A_WIDTH=32:B_SIGNED=1:B_WIDTH=32:Y_WIDTH=1:394426c56d1a028ba8fdd5469b163e04011def47.
Running "alumacc" on wrapper $extern:wrap:$lt:A_SIGNED=0:A_WIDTH=32:B_SIGNED=0:B_WIDTH=32:Y_WIDTH=1:394426c56d1a028ba8fdd5469b163e04011def47.
Using template $extern:wrap:$lt:A_SIGNED=0:A_WIDTH=32:B_SIGNED=0:B_WIDTH=32:Y_WIDTH=1:394426c56d1a028ba8fdd5469b163e04011def47 for cells of type $extern:wrap:$lt:A_SIGNED=0:A_WIDTH=32:B_SIGNED=0:B_WIDTH=32:Y_WIDTH=1:394426c56d1a028ba8fdd5469b163e04011def47.
Using template $paramod$eaeb96106163dbf82031649d189817109fe07c69\_90_pmux for cells of type $pmux.
Using template $paramod$59b03ae2620a41577de8da5f5c97b2919e82362b\_90_pmux for cells of type $pmux.
Using template $paramod$068ad458e7761d78e5eed8238508872e7b0aef95\_90_pmux for cells of type $pmux.
Using template $paramod$c2e415ef15bc3ccd2723772353a6b450d3d76206\_90_pmux for cells of type $pmux.
Using template $paramod$fbc7873bff55778c0b3173955b7e4bce1d9d6834\_90_alu for cells of type $alu.
Using template $paramod$2126a3039e9678f6a4bd73d35a1f58ee2616afb2\_90_alu for cells of type $alu.
Using template $paramod$b0777dc865134c8525a4aa84de8cfa938974cad1\_90_alu for cells of type $alu.
Using template $paramod$2653f68ddb8eab7b1907b4a20767b72a824a7a36\_90_alu for cells of type $alu.
Using template $paramod\_90_lcu\WIDTH=32'00000000000000000000000001000000 for cells of type $lcu.
No more expansions possible.
<suppressed ~5357 debug messages>

14. Executing OPT pass (performing simple optimizations).

14.1. Executing OPT_EXPR pass (perform const folding).
Optimizing module $paramod$6ce030db3796b28030d2721a573c1331c27d5357\picorv32.
<suppressed ~3640 debug messages>
Optimizing module $paramod$e42465b9e259ab0b6bc45fe1c5feb129e75f41e8\axi_uart.
<suppressed ~169 debug messages>
Optimizing module $paramod$e42465b9e259ab0b6bc45fe1c5feb129e75f41e8\uart_rx.
<suppressed ~1008 debug messages>
Optimizing module $paramod$e42465b9e259ab0b6bc45fe1c5feb129e75f41e8\uart_tx.
<suppressed ~311 debug messages>
Optimizing module $paramod\picorv32_axi\PROGADDR_RESET=32'00000000000000000000000000000000.
Optimizing module axi_interconnect.
<suppressed ~8 debug messages>
Optimizing module axi_ram.
<suppressed ~148 debug messages>
Optimizing module picorv32_axi_adapter.
<suppressed ~3 debug messages>
Optimizing module soc_top.

14.2. Executing OPT_MERGE pass (detect identical cells).
Finding identical cells in module `$paramod$6ce030db3796b28030d2721a573c1331c27d5357\picorv32'.
<suppressed ~4113 debug messages>
Finding identical cells in module `$paramod$e42465b9e259ab0b6bc45fe1c5feb129e75f41e8\axi_uart'.
<suppressed ~84 debug messages>
Finding identical cells in module `$paramod$e42465b9e259ab0b6bc45fe1c5feb129e75f41e8\uart_rx'.
<suppressed ~516 debug messages>
Finding identical cells in module `$paramod$e42465b9e259ab0b6bc45fe1c5feb129e75f41e8\uart_tx'.
<suppressed ~27 debug messages>
Finding identical cells in module `$paramod\picorv32_axi\PROGADDR_RESET=32'00000000000000000000000000000000'.
Finding identical cells in module `\axi_interconnect'.
<suppressed ~6 debug messages>
Finding identical cells in module `\axi_ram'.
<suppressed ~405 debug messages>
Finding identical cells in module `\picorv32_axi_adapter'.
<suppressed ~9 debug messages>
Finding identical cells in module `\soc_top'.
Removed a total of 1720 cells.

14.3. Executing OPT_MUXTREE pass (detect dead branches in mux trees).
Running muxtree optimizer on module $paramod$6ce030db3796b28030d2721a573c1331c27d5357\picorv32..
  Creating internal representation of mux trees.
  No muxes found in this module.
Running muxtree optimizer on module $paramod$e42465b9e259ab0b6bc45fe1c5feb129e75f41e8\axi_uart..
  Creating internal representation of mux trees.
  No muxes found in this module.
Running muxtree optimizer on module $paramod$e42465b9e259ab0b6bc45fe1c5feb129e75f41e8\uart_rx..
  Creating internal representation of mux trees.
  No muxes found in this module.
Running muxtree optimizer on module $paramod$e42465b9e259ab0b6bc45fe1c5feb129e75f41e8\uart_tx..
  Creating internal representation of mux trees.
  No muxes found in this module.
Running muxtree optimizer on module $paramod\picorv32_axi\PROGADDR_RESET=32'00000000000000000000000000000000..
  Creating internal representation of mux trees.
  No muxes found in this module.
Running muxtree optimizer on module \axi_interconnect..
  Creating internal representation of mux trees.
  No muxes found in this module.
Running muxtree optimizer on module \axi_ram..
  Creating internal representation of mux trees.
  No muxes found in this module.
Running muxtree optimizer on module \picorv32_axi_adapter..
  Creating internal representation of mux trees.
  No muxes found in this module.
Running muxtree optimizer on module \soc_top..
  Creating internal representation of mux trees.
  No muxes found in this module.
Removed 0 multiplexer ports.

14.4. Executing OPT_REDUCE pass (consolidate $*mux and $reduce_* inputs).
  Optimizing cells in module $paramod$6ce030db3796b28030d2721a573c1331c27d5357\picorv32.
  Optimizing cells in module $paramod$e42465b9e259ab0b6bc45fe1c5feb129e75f41e8\axi_uart.
  Optimizing cells in module $paramod$e42465b9e259ab0b6bc45fe1c5feb129e75f41e8\uart_rx.
  Optimizing cells in module $paramod$e42465b9e259ab0b6bc45fe1c5feb129e75f41e8\uart_tx.
  Optimizing cells in module $paramod\picorv32_axi\PROGADDR_RESET=32'00000000000000000000000000000000.
  Optimizing cells in module \axi_interconnect.
  Optimizing cells in module \axi_ram.
  Optimizing cells in module \picorv32_axi_adapter.
  Optimizing cells in module \soc_top.
Performed a total of 0 changes.

14.5. Executing OPT_MERGE pass (detect identical cells).
Finding identical cells in module `$paramod$6ce030db3796b28030d2721a573c1331c27d5357\picorv32'.
Finding identical cells in module `$paramod$e42465b9e259ab0b6bc45fe1c5feb129e75f41e8\axi_uart'.
Finding identical cells in module `$paramod$e42465b9e259ab0b6bc45fe1c5feb129e75f41e8\uart_rx'.
Finding identical cells in module `$paramod$e42465b9e259ab0b6bc45fe1c5feb129e75f41e8\uart_tx'.
Finding identical cells in module `$paramod\picorv32_axi\PROGADDR_RESET=32'00000000000000000000000000000000'.
Finding identical cells in module `\axi_interconnect'.
Finding identical cells in module `\axi_ram'.
Finding identical cells in module `\picorv32_axi_adapter'.
Finding identical cells in module `\soc_top'.
Removed a total of 0 cells.

14.6. Executing OPT_DFF pass (perform DFF optimizations).
Setting constant 0-bit at position 0 on $auto$ff.cc:266:slice$116144 ($_DFFE_PP_) from module $paramod$6ce030db3796b28030d2721a573c1331c27d5357\picorv32.
Setting constant 0-bit at position 0 on $auto$ff.cc:266:slice$109067 ($_SDFFE_PN0P_) from module $paramod$e42465b9e259ab0b6bc45fe1c5feb129e75f41e8\axi_uart.

14.7. Executing OPT_CLEAN pass (remove unused cells and wires).
Finding unused cells or wires in module $paramod$6ce030db3796b28030d2721a573c1331c27d5357\picorv32..
Finding unused cells or wires in module $paramod$e42465b9e259ab0b6bc45fe1c5feb129e75f41e8\axi_uart..
Finding unused cells or wires in module $paramod$e42465b9e259ab0b6bc45fe1c5feb129e75f41e8\uart_rx..
Finding unused cells or wires in module $paramod$e42465b9e259ab0b6bc45fe1c5feb129e75f41e8\uart_tx..
Finding unused cells or wires in module $paramod\picorv32_axi\PROGADDR_RESET=32'00000000000000000000000000000000..
Finding unused cells or wires in module \axi_interconnect..
Finding unused cells or wires in module \axi_ram..
Finding unused cells or wires in module \picorv32_axi_adapter..
Finding unused cells or wires in module \soc_top..
Removed 552 unused cells and 5342 unused wires.
<suppressed ~559 debug messages>

14.8. Executing OPT_EXPR pass (perform const folding).
Optimizing module $paramod$6ce030db3796b28030d2721a573c1331c27d5357\picorv32.
Optimizing module $paramod$e42465b9e259ab0b6bc45fe1c5feb129e75f41e8\axi_uart.
Optimizing module $paramod$e42465b9e259ab0b6bc45fe1c5feb129e75f41e8\uart_rx.
<suppressed ~30 debug messages>
Optimizing module $paramod$e42465b9e259ab0b6bc45fe1c5feb129e75f41e8\uart_tx.
Optimizing module $paramod\picorv32_axi\PROGADDR_RESET=32'00000000000000000000000000000000.
Optimizing module axi_interconnect.
Optimizing module axi_ram.
Optimizing module picorv32_axi_adapter.
Optimizing module soc_top.

14.9. Rerunning OPT passes. (Maybe there is more to do..)

14.10. Executing OPT_MUXTREE pass (detect dead branches in mux trees).
Running muxtree optimizer on module $paramod$6ce030db3796b28030d2721a573c1331c27d5357\picorv32..
  Creating internal representation of mux trees.
  No muxes found in this module.
Running muxtree optimizer on module $paramod$e42465b9e259ab0b6bc45fe1c5feb129e75f41e8\axi_uart..
  Creating internal representation of mux trees.
  No muxes found in this module.
Running muxtree optimizer on module $paramod$e42465b9e259ab0b6bc45fe1c5feb129e75f41e8\uart_rx..
  Creating internal representation of mux trees.
  No muxes found in this module.
Running muxtree optimizer on module $paramod$e42465b9e259ab0b6bc45fe1c5feb129e75f41e8\uart_tx..
  Creating internal representation of mux trees.
  No muxes found in this module.
Running muxtree optimizer on module $paramod\picorv32_axi\PROGADDR_RESET=32'00000000000000000000000000000000..
  Creating internal representation of mux trees.
  No muxes found in this module.
Running muxtree optimizer on module \axi_interconnect..
  Creating internal representation of mux trees.
  No muxes found in this module.
Running muxtree optimizer on module \axi_ram..
  Creating internal representation of mux trees.
  No muxes found in this module.
Running muxtree optimizer on module \picorv32_axi_adapter..
  Creating internal representation of mux trees.
  No muxes found in this module.
Running muxtree optimizer on module \soc_top..
  Creating internal representation of mux trees.
  No muxes found in this module.
Removed 0 multiplexer ports.

14.11. Executing OPT_REDUCE pass (consolidate $*mux and $reduce_* inputs).
  Optimizing cells in module $paramod$6ce030db3796b28030d2721a573c1331c27d5357\picorv32.
  Optimizing cells in module $paramod$e42465b9e259ab0b6bc45fe1c5feb129e75f41e8\axi_uart.
  Optimizing cells in module $paramod$e42465b9e259ab0b6bc45fe1c5feb129e75f41e8\uart_rx.
  Optimizing cells in module $paramod$e42465b9e259ab0b6bc45fe1c5feb129e75f41e8\uart_tx.
  Optimizing cells in module $paramod\picorv32_axi\PROGADDR_RESET=32'00000000000000000000000000000000.
  Optimizing cells in module \axi_interconnect.
  Optimizing cells in module \axi_ram.
  Optimizing cells in module \picorv32_axi_adapter.
  Optimizing cells in module \soc_top.
Performed a total of 0 changes.

14.12. Executing OPT_MERGE pass (detect identical cells).
Finding identical cells in module `$paramod$6ce030db3796b28030d2721a573c1331c27d5357\picorv32'.
Finding identical cells in module `$paramod$e42465b9e259ab0b6bc45fe1c5feb129e75f41e8\axi_uart'.
Finding identical cells in module `$paramod$e42465b9e259ab0b6bc45fe1c5feb129e75f41e8\uart_rx'.
<suppressed ~3 debug messages>
Finding identical cells in module `$paramod$e42465b9e259ab0b6bc45fe1c5feb129e75f41e8\uart_tx'.
Finding identical cells in module `$paramod\picorv32_axi\PROGADDR_RESET=32'00000000000000000000000000000000'.
Finding identical cells in module `\axi_interconnect'.
Finding identical cells in module `\axi_ram'.
Finding identical cells in module `\picorv32_axi_adapter'.
Finding identical cells in module `\soc_top'.
Removed a total of 1 cells.

14.13. Executing OPT_DFF pass (perform DFF optimizations).
Adding SRST signal on $auto$ff.cc:266:slice$115994 ($_DFFE_PP_) from module $paramod$6ce030db3796b28030d2721a573c1331c27d5357\picorv32 (D = $procmux$4144.Y_B [31], Q = \decoded_imm [31], rval = 1'0).
Adding SRST signal on $auto$ff.cc:266:slice$115993 ($_DFFE_PP_) from module $paramod$6ce030db3796b28030d2721a573c1331c27d5357\picorv32 (D = $procmux$4144.Y_B [30], Q = \decoded_imm [30], rval = 1'0).
Adding SRST signal on $auto$ff.cc:266:slice$115992 ($_DFFE_PP_) from module $paramod$6ce030db3796b28030d2721a573c1331c27d5357\picorv32 (D = $procmux$4144.Y_B [29], Q = \decoded_imm [29], rval = 1'0).
Adding SRST signal on $auto$ff.cc:266:slice$115991 ($_DFFE_PP_) from module $paramod$6ce030db3796b28030d2721a573c1331c27d5357\picorv32 (D = $procmux$4144.Y_B [28], Q = \decoded_imm [28], rval = 1'0).
Adding SRST signal on $auto$ff.cc:266:slice$115990 ($_DFFE_PP_) from module $paramod$6ce030db3796b28030d2721a573c1331c27d5357\picorv32 (D = $procmux$4144.Y_B [27], Q = \decoded_imm [27], rval = 1'0).
Adding SRST signal on $auto$ff.cc:266:slice$115989 ($_DFFE_PP_) from module $paramod$6ce030db3796b28030d2721a573c1331c27d5357\picorv32 (D = $procmux$4144.Y_B [26], Q = \decoded_imm [26], rval = 1'0).
Adding SRST signal on $auto$ff.cc:266:slice$115988 ($_DFFE_PP_) from module $paramod$6ce030db3796b28030d2721a573c1331c27d5357\picorv32 (D = $procmux$4144.Y_B [25], Q = \decoded_imm [25], rval = 1'0).
Adding SRST signal on $auto$ff.cc:266:slice$115987 ($_DFFE_PP_) from module $paramod$6ce030db3796b28030d2721a573c1331c27d5357\picorv32 (D = $procmux$4144.Y_B [24], Q = \decoded_imm [24], rval = 1'0).
Adding SRST signal on $auto$ff.cc:266:slice$115986 ($_DFFE_PP_) from module $paramod$6ce030db3796b28030d2721a573c1331c27d5357\picorv32 (D = $procmux$4144.Y_B [23], Q = \decoded_imm [23], rval = 1'0).
Adding SRST signal on $auto$ff.cc:266:slice$115985 ($_DFFE_PP_) from module $paramod$6ce030db3796b28030d2721a573c1331c27d5357\picorv32 (D = $procmux$4144.Y_B [22], Q = \decoded_imm [22], rval = 1'0).
Adding SRST signal on $auto$ff.cc:266:slice$115984 ($_DFFE_PP_) from module $paramod$6ce030db3796b28030d2721a573c1331c27d5357\picorv32 (D = $procmux$4144.Y_B [21], Q = \decoded_imm [21], rval = 1'0).
Adding SRST signal on $auto$ff.cc:266:slice$115983 ($_DFFE_PP_) from module $paramod$6ce030db3796b28030d2721a573c1331c27d5357\picorv32 (D = $procmux$4144.Y_B [20], Q = \decoded_imm [20], rval = 1'0).
Adding SRST signal on $auto$ff.cc:266:slice$115982 ($_DFFE_PP_) from module $paramod$6ce030db3796b28030d2721a573c1331c27d5357\picorv32 (D = $procmux$4144.Y_B [19], Q = \decoded_imm [19], rval = 1'0).
Adding SRST signal on $auto$ff.cc:266:slice$115981 ($_DFFE_PP_) from module $paramod$6ce030db3796b28030d2721a573c1331c27d5357\picorv32 (D = $procmux$4144.Y_B [18], Q = \decoded_imm [18], rval = 1'0).
Adding SRST signal on $auto$ff.cc:266:slice$115980 ($_DFFE_PP_) from module $paramod$6ce030db3796b28030d2721a573c1331c27d5357\picorv32 (D = $procmux$4144.Y_B [17], Q = \decoded_imm [17], rval = 1'0).
Adding SRST signal on $auto$ff.cc:266:slice$115979 ($_DFFE_PP_) from module $paramod$6ce030db3796b28030d2721a573c1331c27d5357\picorv32 (D = $procmux$4144.Y_B [16], Q = \decoded_imm [16], rval = 1'0).
Adding SRST signal on $auto$ff.cc:266:slice$115978 ($_DFFE_PP_) from module $paramod$6ce030db3796b28030d2721a573c1331c27d5357\picorv32 (D = $procmux$4144.Y_B [15], Q = \decoded_imm [15], rval = 1'0).
Adding SRST signal on $auto$ff.cc:266:slice$115977 ($_DFFE_PP_) from module $paramod$6ce030db3796b28030d2721a573c1331c27d5357\picorv32 (D = $procmux$4144.Y_B [14], Q = \decoded_imm [14], rval = 1'0).
Adding SRST signal on $auto$ff.cc:266:slice$115976 ($_DFFE_PP_) from module $paramod$6ce030db3796b28030d2721a573c1331c27d5357\picorv32 (D = $procmux$4144.Y_B [13], Q = \decoded_imm [13], rval = 1'0).
Adding SRST signal on $auto$ff.cc:266:slice$115975 ($_DFFE_PP_) from module $paramod$6ce030db3796b28030d2721a573c1331c27d5357\picorv32 (D = $procmux$4144.Y_B [12], Q = \decoded_imm [12], rval = 1'0).
Adding SRST signal on $auto$ff.cc:266:slice$115974 ($_DFFE_PP_) from module $paramod$6ce030db3796b28030d2721a573c1331c27d5357\picorv32 (D = $procmux$4144.Y_B [11], Q = \decoded_imm [11], rval = 1'0).
Adding SRST signal on $auto$ff.cc:266:slice$115973 ($_DFFE_PP_) from module $paramod$6ce030db3796b28030d2721a573c1331c27d5357\picorv32 (D = $procmux$4144.Y_B [10], Q = \decoded_imm [10], rval = 1'0).
Adding SRST signal on $auto$ff.cc:266:slice$115972 ($_DFFE_PP_) from module $paramod$6ce030db3796b28030d2721a573c1331c27d5357\picorv32 (D = $procmux$4144.Y_B [9], Q = \decoded_imm [9], rval = 1'0).
Adding SRST signal on $auto$ff.cc:266:slice$115971 ($_DFFE_PP_) from module $paramod$6ce030db3796b28030d2721a573c1331c27d5357\picorv32 (D = $procmux$4144.Y_B [8], Q = \decoded_imm [8], rval = 1'0).
Adding SRST signal on $auto$ff.cc:266:slice$115970 ($_DFFE_PP_) from module $paramod$6ce030db3796b28030d2721a573c1331c27d5357\picorv32 (D = $procmux$4144.Y_B [7], Q = \decoded_imm [7], rval = 1'0).
Adding SRST signal on $auto$ff.cc:266:slice$115969 ($_DFFE_PP_) from module $paramod$6ce030db3796b28030d2721a573c1331c27d5357\picorv32 (D = $procmux$4144.Y_B [6], Q = \decoded_imm [6], rval = 1'0).
Adding SRST signal on $auto$ff.cc:266:slice$115968 ($_DFFE_PP_) from module $paramod$6ce030db3796b28030d2721a573c1331c27d5357\picorv32 (D = $procmux$4144.Y_B [5], Q = \decoded_imm [5], rval = 1'0).
Adding SRST signal on $auto$ff.cc:266:slice$115967 ($_DFFE_PP_) from module $paramod$6ce030db3796b28030d2721a573c1331c27d5357\picorv32 (D = $procmux$4144.Y_B [4], Q = \decoded_imm [4], rval = 1'0).
Adding SRST signal on $auto$ff.cc:266:slice$115966 ($_DFFE_PP_) from module $paramod$6ce030db3796b28030d2721a573c1331c27d5357\picorv32 (D = $procmux$4144.Y_B [3], Q = \decoded_imm [3], rval = 1'0).
Adding SRST signal on $auto$ff.cc:266:slice$115965 ($_DFFE_PP_) from module $paramod$6ce030db3796b28030d2721a573c1331c27d5357\picorv32 (D = $procmux$4144.Y_B [2], Q = \decoded_imm [2], rval = 1'0).
Adding SRST signal on $auto$ff.cc:266:slice$115964 ($_DFFE_PP_) from module $paramod$6ce030db3796b28030d2721a573c1331c27d5357\picorv32 (D = $procmux$4144.Y_B [1], Q = \decoded_imm [1], rval = 1'0).
Adding EN signal on $auto$ff.cc:266:slice$115764 ($_SDFFE_PN0N_) from module $paramod$6ce030db3796b28030d2721a573c1331c27d5357\picorv32 (D = $techmap$add$ip/picorv32/picorv32a.v:1555$1586.$auto$alumacc.cc:485:replace_alu$112259.B [0], Q = \reg_next_pc [0]).

14.14. Executing OPT_CLEAN pass (remove unused cells and wires).
Finding unused cells or wires in module $paramod$6ce030db3796b28030d2721a573c1331c27d5357\picorv32..
Finding unused cells or wires in module $paramod$e42465b9e259ab0b6bc45fe1c5feb129e75f41e8\axi_uart..
Finding unused cells or wires in module $paramod$e42465b9e259ab0b6bc45fe1c5feb129e75f41e8\uart_rx..
Finding unused cells or wires in module $paramod$e42465b9e259ab0b6bc45fe1c5feb129e75f41e8\uart_tx..
Finding unused cells or wires in module $paramod\picorv32_axi\PROGADDR_RESET=32'00000000000000000000000000000000..
Finding unused cells or wires in module \axi_interconnect..
Finding unused cells or wires in module \axi_ram..
Finding unused cells or wires in module \picorv32_axi_adapter..
Finding unused cells or wires in module \soc_top..
Removed 31 unused cells and 33 unused wires.
<suppressed ~33 debug messages>

14.15. Executing OPT_EXPR pass (perform const folding).
Optimizing module $paramod$6ce030db3796b28030d2721a573c1331c27d5357\picorv32.
<suppressed ~7 debug messages>
Optimizing module $paramod$e42465b9e259ab0b6bc45fe1c5feb129e75f41e8\axi_uart.
Optimizing module $paramod$e42465b9e259ab0b6bc45fe1c5feb129e75f41e8\uart_rx.
Optimizing module $paramod$e42465b9e259ab0b6bc45fe1c5feb129e75f41e8\uart_tx.
Optimizing module $paramod\picorv32_axi\PROGADDR_RESET=32'00000000000000000000000000000000.
Optimizing module axi_interconnect.
Optimizing module axi_ram.
Optimizing module picorv32_axi_adapter.
Optimizing module soc_top.

14.16. Rerunning OPT passes. (Maybe there is more to do..)

14.17. Executing OPT_MUXTREE pass (detect dead branches in mux trees).
Running muxtree optimizer on module $paramod$6ce030db3796b28030d2721a573c1331c27d5357\picorv32..
  Creating internal representation of mux trees.
  No muxes found in this module.
Running muxtree optimizer on module $paramod$e42465b9e259ab0b6bc45fe1c5feb129e75f41e8\axi_uart..
  Creating internal representation of mux trees.
  No muxes found in this module.
Running muxtree optimizer on module $paramod$e42465b9e259ab0b6bc45fe1c5feb129e75f41e8\uart_rx..
  Creating internal representation of mux trees.
  No muxes found in this module.
Running muxtree optimizer on module $paramod$e42465b9e259ab0b6bc45fe1c5feb129e75f41e8\uart_tx..
  Creating internal representation of mux trees.
  No muxes found in this module.
Running muxtree optimizer on module $paramod\picorv32_axi\PROGADDR_RESET=32'00000000000000000000000000000000..
  Creating internal representation of mux trees.
  No muxes found in this module.
Running muxtree optimizer on module \axi_interconnect..
  Creating internal representation of mux trees.
  No muxes found in this module.
Running muxtree optimizer on module \axi_ram..
  Creating internal representation of mux trees.
  No muxes found in this module.
Running muxtree optimizer on module \picorv32_axi_adapter..
  Creating internal representation of mux trees.
  No muxes found in this module.
Running muxtree optimizer on module \soc_top..
  Creating internal representation of mux trees.
  No muxes found in this module.
Removed 0 multiplexer ports.

14.18. Executing OPT_REDUCE pass (consolidate $*mux and $reduce_* inputs).
  Optimizing cells in module $paramod$6ce030db3796b28030d2721a573c1331c27d5357\picorv32.
  Optimizing cells in module $paramod$e42465b9e259ab0b6bc45fe1c5feb129e75f41e8\axi_uart.
  Optimizing cells in module $paramod$e42465b9e259ab0b6bc45fe1c5feb129e75f41e8\uart_rx.
  Optimizing cells in module $paramod$e42465b9e259ab0b6bc45fe1c5feb129e75f41e8\uart_tx.
  Optimizing cells in module $paramod\picorv32_axi\PROGADDR_RESET=32'00000000000000000000000000000000.
  Optimizing cells in module \axi_interconnect.
  Optimizing cells in module \axi_ram.
  Optimizing cells in module \picorv32_axi_adapter.
  Optimizing cells in module \soc_top.
Performed a total of 0 changes.

14.19. Executing OPT_MERGE pass (detect identical cells).
Finding identical cells in module `$paramod$6ce030db3796b28030d2721a573c1331c27d5357\picorv32'.
<suppressed ~12 debug messages>
Finding identical cells in module `$paramod$e42465b9e259ab0b6bc45fe1c5feb129e75f41e8\axi_uart'.
Finding identical cells in module `$paramod$e42465b9e259ab0b6bc45fe1c5feb129e75f41e8\uart_rx'.
Finding identical cells in module `$paramod$e42465b9e259ab0b6bc45fe1c5feb129e75f41e8\uart_tx'.
Finding identical cells in module `$paramod\picorv32_axi\PROGADDR_RESET=32'00000000000000000000000000000000'.
Finding identical cells in module `\axi_interconnect'.
Finding identical cells in module `\axi_ram'.
Finding identical cells in module `\picorv32_axi_adapter'.
Finding identical cells in module `\soc_top'.
Removed a total of 4 cells.

14.20. Executing OPT_DFF pass (perform DFF optimizations).

14.21. Executing OPT_CLEAN pass (remove unused cells and wires).
Finding unused cells or wires in module $paramod$6ce030db3796b28030d2721a573c1331c27d5357\picorv32..
Finding unused cells or wires in module $paramod$e42465b9e259ab0b6bc45fe1c5feb129e75f41e8\axi_uart..
Finding unused cells or wires in module $paramod$e42465b9e259ab0b6bc45fe1c5feb129e75f41e8\uart_rx..
Finding unused cells or wires in module $paramod$e42465b9e259ab0b6bc45fe1c5feb129e75f41e8\uart_tx..
Finding unused cells or wires in module $paramod\picorv32_axi\PROGADDR_RESET=32'00000000000000000000000000000000..
Finding unused cells or wires in module \axi_interconnect..
Finding unused cells or wires in module \axi_ram..
Finding unused cells or wires in module \picorv32_axi_adapter..
Finding unused cells or wires in module \soc_top..
Removed 0 unused cells and 6 unused wires.
<suppressed ~1 debug messages>

14.22. Executing OPT_EXPR pass (perform const folding).
Optimizing module $paramod$6ce030db3796b28030d2721a573c1331c27d5357\picorv32.
Optimizing module $paramod$e42465b9e259ab0b6bc45fe1c5feb129e75f41e8\axi_uart.
Optimizing module $paramod$e42465b9e259ab0b6bc45fe1c5feb129e75f41e8\uart_rx.
Optimizing module $paramod$e42465b9e259ab0b6bc45fe1c5feb129e75f41e8\uart_tx.
Optimizing module $paramod\picorv32_axi\PROGADDR_RESET=32'00000000000000000000000000000000.
Optimizing module axi_interconnect.
Optimizing module axi_ram.
Optimizing module picorv32_axi_adapter.
Optimizing module soc_top.

14.23. Rerunning OPT passes. (Maybe there is more to do..)

14.24. Executing OPT_MUXTREE pass (detect dead branches in mux trees).
Running muxtree optimizer on module $paramod$6ce030db3796b28030d2721a573c1331c27d5357\picorv32..
  Creating internal representation of mux trees.
  No muxes found in this module.
Running muxtree optimizer on module $paramod$e42465b9e259ab0b6bc45fe1c5feb129e75f41e8\axi_uart..
  Creating internal representation of mux trees.
  No muxes found in this module.
Running muxtree optimizer on module $paramod$e42465b9e259ab0b6bc45fe1c5feb129e75f41e8\uart_rx..
  Creating internal representation of mux trees.
  No muxes found in this module.
Running muxtree optimizer on module $paramod$e42465b9e259ab0b6bc45fe1c5feb129e75f41e8\uart_tx..
  Creating internal representation of mux trees.
  No muxes found in this module.
Running muxtree optimizer on module $paramod\picorv32_axi\PROGADDR_RESET=32'00000000000000000000000000000000..
  Creating internal representation of mux trees.
  No muxes found in this module.
Running muxtree optimizer on module \axi_interconnect..
  Creating internal representation of mux trees.
  No muxes found in this module.
Running muxtree optimizer on module \axi_ram..
  Creating internal representation of mux trees.
  No muxes found in this module.
Running muxtree optimizer on module \picorv32_axi_adapter..
  Creating internal representation of mux trees.
  No muxes found in this module.
Running muxtree optimizer on module \soc_top..
  Creating internal representation of mux trees.
  No muxes found in this module.
Removed 0 multiplexer ports.

14.25. Executing OPT_REDUCE pass (consolidate $*mux and $reduce_* inputs).
  Optimizing cells in module $paramod$6ce030db3796b28030d2721a573c1331c27d5357\picorv32.
  Optimizing cells in module $paramod$e42465b9e259ab0b6bc45fe1c5feb129e75f41e8\axi_uart.
  Optimizing cells in module $paramod$e42465b9e259ab0b6bc45fe1c5feb129e75f41e8\uart_rx.
  Optimizing cells in module $paramod$e42465b9e259ab0b6bc45fe1c5feb129e75f41e8\uart_tx.
  Optimizing cells in module $paramod\picorv32_axi\PROGADDR_RESET=32'00000000000000000000000000000000.
  Optimizing cells in module \axi_interconnect.
  Optimizing cells in module \axi_ram.
  Optimizing cells in module \picorv32_axi_adapter.
  Optimizing cells in module \soc_top.
Performed a total of 0 changes.

14.26. Executing OPT_MERGE pass (detect identical cells).
Finding identical cells in module `$paramod$6ce030db3796b28030d2721a573c1331c27d5357\picorv32'.
Finding identical cells in module `$paramod$e42465b9e259ab0b6bc45fe1c5feb129e75f41e8\axi_uart'.
Finding identical cells in module `$paramod$e42465b9e259ab0b6bc45fe1c5feb129e75f41e8\uart_rx'.
Finding identical cells in module `$paramod$e42465b9e259ab0b6bc45fe1c5feb129e75f41e8\uart_tx'.
Finding identical cells in module `$paramod\picorv32_axi\PROGADDR_RESET=32'00000000000000000000000000000000'.
Finding identical cells in module `\axi_interconnect'.
Finding identical cells in module `\axi_ram'.
Finding identical cells in module `\picorv32_axi_adapter'.
Finding identical cells in module `\soc_top'.
Removed a total of 0 cells.

14.27. Executing OPT_DFF pass (perform DFF optimizations).

14.28. Executing OPT_CLEAN pass (remove unused cells and wires).
Finding unused cells or wires in module $paramod$6ce030db3796b28030d2721a573c1331c27d5357\picorv32..
Finding unused cells or wires in module $paramod$e42465b9e259ab0b6bc45fe1c5feb129e75f41e8\axi_uart..
Finding unused cells or wires in module $paramod$e42465b9e259ab0b6bc45fe1c5feb129e75f41e8\uart_rx..
Finding unused cells or wires in module $paramod$e42465b9e259ab0b6bc45fe1c5feb129e75f41e8\uart_tx..
Finding unused cells or wires in module $paramod\picorv32_axi\PROGADDR_RESET=32'00000000000000000000000000000000..
Finding unused cells or wires in module \axi_interconnect..
Finding unused cells or wires in module \axi_ram..
Finding unused cells or wires in module \picorv32_axi_adapter..
Finding unused cells or wires in module \soc_top..

14.29. Executing OPT_EXPR pass (perform const folding).
Optimizing module $paramod$6ce030db3796b28030d2721a573c1331c27d5357\picorv32.
Optimizing module $paramod$e42465b9e259ab0b6bc45fe1c5feb129e75f41e8\axi_uart.
Optimizing module $paramod$e42465b9e259ab0b6bc45fe1c5feb129e75f41e8\uart_rx.
Optimizing module $paramod$e42465b9e259ab0b6bc45fe1c5feb129e75f41e8\uart_tx.
Optimizing module $paramod\picorv32_axi\PROGADDR_RESET=32'00000000000000000000000000000000.
Optimizing module axi_interconnect.
Optimizing module axi_ram.
Optimizing module picorv32_axi_adapter.
Optimizing module soc_top.

14.30. Finished OPT passes. (There is nothing left to do.)

15. Printing statistics.

=== $paramod$6ce030db3796b28030d2721a573c1331c27d5357\picorv32 ===

   Number of wires:               2078
   Number of wire bits:          11913
   Number of public wires:         201
   Number of public wire bits:    2512
   Number of memories:               0
   Number of memory bits:            0
   Number of processes:              0
   Number of cells:               9865
     $_AND_                       2383
     $_DFFE_PN_                      4
     $_DFFE_PP_                   1244
     $_DFF_P_                       84
     $_MUX_                       3510
     $_NOT_                        183
     $_OR_                        1651
     $_SDFFCE_PN0P_                 31
     $_SDFFCE_PP0P_                  1
     $_SDFFE_PN0N_                  62
     $_SDFFE_PN0P_                  94
     $_SDFFE_PP0P_                   1
     $_SDFFE_PP1P_                   3
     $_SDFF_PN0_                    66
     $_SDFF_PP0_                     9
     $_SDFF_PP1_                     1
     $_XOR_                        538

=== $paramod$e42465b9e259ab0b6bc45fe1c5feb129e75f41e8\axi_uart ===

   Number of wires:                 81
   Number of wire bits:            460
   Number of public wires:          34
   Number of public wire bits:     249
   Number of memories:               0
   Number of memory bits:            0
   Number of processes:              0
   Number of cells:                134
     $_AND_                         32
     $_MUX_                         13
     $_NOT_                         14
     $_OR_                          26
     $_SDFFE_PN0P_                  38
     $_SDFFE_PP0P_                   5
     $_SDFF_PN0_                     2
     $paramod$e42465b9e259ab0b6bc45fe1c5feb129e75f41e8\uart_rx      1
     $paramod$e42465b9e259ab0b6bc45fe1c5feb129e75f41e8\uart_tx      1
     $print                          2

=== $paramod$e42465b9e259ab0b6bc45fe1c5feb129e75f41e8\uart_rx ===

   Number of wires:                130
   Number of wire bits:            984
   Number of public wires:           9
   Number of public wire bits:      58
   Number of memories:               0
   Number of memory bits:            0
   Number of processes:              0
   Number of cells:                550
     $_AND_                        151
     $_MUX_                        168
     $_NOT_                         25
     $_OR_                         116
     $_SDFFE_PN0P_                  54
     $_SDFF_PN0_                     1
     $_XOR_                         35

=== $paramod$e42465b9e259ab0b6bc45fe1c5feb129e75f41e8\uart_tx ===

   Number of wires:                 72
   Number of wire bits:            324
   Number of public wires:           9
   Number of public wire bits:      59
   Number of memories:               0
   Number of memory bits:            0
   Number of processes:              0
   Number of cells:                258
     $_AND_                         60
     $_MUX_                         71
     $_NOT_                          7
     $_OR_                          40
     $_SDFFE_PN1P_                   9
     $_SDFFE_PP0P_                  36
     $_SDFF_PN0_                     1
     $_XOR_                         34

=== $paramod\picorv32_axi\PROGADDR_RESET=32'00000000000000000000000000000000 ===

   Number of wires:                 39
   Number of wire bits:            487
   Number of public wires:          39
   Number of public wire bits:     487
   Number of memories:               0
   Number of memory bits:            0
   Number of processes:              0
   Number of cells:                  2
     $paramod$6ce030db3796b28030d2721a573c1331c27d5357\picorv32      1
     picorv32_axi_adapter            1

=== axi_interconnect ===

   Number of wires:                 73
   Number of wire bits:            464
   Number of public wires:          57
   Number of public wire bits:     444
   Number of memories:               0
   Number of memory bits:            0
   Number of processes:              0
   Number of cells:                 73
     $_AND_                         16
     $_MUX_                         36
     $_NOT_                          6
     $_OR_                          15

=== axi_ram ===

   Number of wires:               7331
   Number of wire bits:          71602
   Number of public wires:        1048
   Number of public wire bits:   32986
   Number of memories:               0
   Number of memory bits:            0
   Number of processes:              0
   Number of cells:              70933
     $_AND_                       5225
     $_DFFE_PP_                  32768
     $_MUX_                      32840
     $_NOT_                         15
     $_OR_                           3
     $_SDFFE_PN0P_                  78
     $_SDFFE_PP0P_                   4

=== picorv32_axi_adapter ===

   Number of wires:                 50
   Number of wire bits:            278
   Number of public wires:          30
   Number of public wire bits:     257
   Number of memories:               0
   Number of memory bits:            0
   Number of processes:              0
   Number of cells:                 31
     $_AND_                         11
     $_DFFE_PP_                      1
     $_MUX_                          2
     $_NOT_                          6
     $_OR_                           8
     $_SDFFCE_PP0P_                  2
     $_SDFFE_PP0P_                   1

=== soc_top ===

   Number of wires:                 56
   Number of wire bits:            443
   Number of public wires:          56
   Number of public wire bits:     443
   Number of memories:               0
   Number of memory bits:            0
   Number of processes:              0
   Number of cells:                  4
     $paramod$e42465b9e259ab0b6bc45fe1c5feb129e75f41e8\axi_uart      1
     $paramod\picorv32_axi\PROGADDR_RESET=32'00000000000000000000000000000000      1
     axi_interconnect                1
     axi_ram                         1

=== design hierarchy ===

   soc_top                           1
     $paramod$e42465b9e259ab0b6bc45fe1c5feb129e75f41e8\axi_uart      1
       $paramod$e42465b9e259ab0b6bc45fe1c5feb129e75f41e8\uart_rx      1
       $paramod$e42465b9e259ab0b6bc45fe1c5feb129e75f41e8\uart_tx      1
     $paramod\picorv32_axi\PROGADDR_RESET=32'00000000000000000000000000000000      1
       $paramod$6ce030db3796b28030d2721a573c1331c27d5357\picorv32      1
       picorv32_axi_adapter          1
     axi_interconnect                1
     axi_ram                         1

   Number of wires:               9910
   Number of wire bits:          86955
   Number of public wires:        1483
   Number of public wire bits:   37495
   Number of memories:               0
   Number of memory bits:            0
   Number of processes:              0
   Number of cells:              81842
     $_AND_                       7878
     $_DFFE_PN_                      4
     $_DFFE_PP_                  34013
     $_DFF_P_                       84
     $_MUX_                      36640
     $_NOT_                        256
     $_OR_                        1859
     $_SDFFCE_PN0P_                 31
     $_SDFFCE_PP0P_                  3
     $_SDFFE_PN0N_                  62
     $_SDFFE_PN0P_                 264
     $_SDFFE_PN1P_                   9
     $_SDFFE_PP0P_                  47
     $_SDFFE_PP1P_                   3
     $_SDFF_PN0_                    70
     $_SDFF_PP0_                     9
     $_SDFF_PP1_                     1
     $_XOR_                        607
     $print                          2

16. Executing Verilog backend.

16.1. Executing BMUXMAP pass.

16.2. Executing DEMUXMAP pass.
Dumping module `$paramod$6ce030db3796b28030d2721a573c1331c27d5357\picorv32'.
Dumping module `$paramod$e42465b9e259ab0b6bc45fe1c5feb129e75f41e8\axi_uart'.
Dumping module `$paramod$e42465b9e259ab0b6bc45fe1c5feb129e75f41e8\uart_rx'.
Dumping module `$paramod$e42465b9e259ab0b6bc45fe1c5feb129e75f41e8\uart_tx'.
Dumping module `$paramod\picorv32_axi\PROGADDR_RESET=32'00000000000000000000000000000000'.
Dumping module `\axi_interconnect'.
Dumping module `\axi_ram'.
Dumping module `\picorv32_axi_adapter'.
Dumping module `\soc_top'.

End of script. Logfile hash: 6c847fb5f6, CPU: user 76.23s system 1.01s, MEM: 220.64 MB peak
Yosys 0.33 (git sha1 2584903a060)
Time spent: 34% 28x opt_expr (25 sec), 19% 17x opt_clean (14 sec), ...
